<?xml version="1.0" encoding="UTF-8"?>
<osm version="0.6" generator="openstreetmap-cgimap 2.1.0 (302690 spike-08.openstreetmap.org)" copyright="OpenStreetMap and contributors" attribution="http://www.openstreetmap.org/copyright" license="http://opendatacommons.org/licenses/odbl/1-0/">
 <bounds minlat="40.2012150" minlon="44.4961850" maxlat="40.2043130" maxlon="44.5012920"/>
 <node id="311031315" visible="true" version="15" changeset="174218094" timestamp="2025-11-05T00:22:11Z" user="Greg91" uid="1704044" lat="40.2031854" lon="44.5029778"/>
 <node id="311040592" visible="true" version="3" changeset="28608411" timestamp="2015-02-04T11:11:03Z" user="DrDimedrol" uid="248521" lat="40.2005981" lon="44.4966024"/>
 <node id="311040594" visible="true" version="3" changeset="28608411" timestamp="2015-02-04T11:11:03Z" user="DrDimedrol" uid="248521" lat="40.2006045" lon="44.4964286"/>
 <node id="311047611" visible="true" version="4" changeset="153926870" timestamp="2024-07-14T11:48:26Z" user="Noktoborus" uid="540529" lat="40.2008868" lon="44.4991171"/>
 <node id="311047612" visible="true" version="5" changeset="152726753" timestamp="2024-06-15T15:32:30Z" user="Noktoborus" uid="540529" lat="40.2014231" lon="44.4987156"/>
 <node id="311047636" visible="true" version="4" changeset="152726753" timestamp="2024-06-15T15:32:30Z" user="Noktoborus" uid="540529" lat="40.2008299" lon="44.4996583"/>
 <node id="311047637" visible="true" version="4" changeset="152726753" timestamp="2024-06-15T15:32:30Z" user="Noktoborus" uid="540529" lat="40.2015908" lon="44.4991140"/>
 <node id="311047638" visible="true" version="17" changeset="152734995" timestamp="2024-06-15T19:14:01Z" user="Noktoborus" uid="540529" lat="40.2017246" lon="44.4994312"/>
 <node id="311047946" visible="true" version="3" changeset="87218324" timestamp="2020-06-27T05:41:56Z" user="aslanosm" uid="2985213" lat="40.2026198" lon="44.5000968"/>
 <node id="311061546" visible="true" version="10" changeset="161720974" timestamp="2025-01-24T17:06:22Z" user="Данил Мошарев" uid="10374805" lat="40.2028839" lon="44.5022564"/>
 <node id="311061550" visible="true" version="9" changeset="152734995" timestamp="2024-06-15T19:14:01Z" user="Noktoborus" uid="540529" lat="40.2030487" lon="44.5026498"/>
 <node id="311061741" visible="true" version="9" changeset="152734995" timestamp="2024-06-15T19:14:01Z" user="Noktoborus" uid="540529" lat="40.2020409" lon="44.5002057"/>
 <node id="311061742" visible="true" version="4" changeset="161431561" timestamp="2025-01-16T19:38:16Z" user="Данил Мошарев" uid="10374805" lat="40.2013866" lon="44.5001455"/>
 <node id="311061744" visible="true" version="4" changeset="160258785" timestamp="2024-12-13T19:08:01Z" user="Данил Мошарев" uid="10374805" lat="40.2016285" lon="44.5014893"/>
 <node id="311061803" visible="true" version="4" changeset="160258785" timestamp="2024-12-13T19:08:01Z" user="Данил Мошарев" uid="10374805" lat="40.2013775" lon="44.5008653"/>
 <node id="332046267" visible="true" version="16" changeset="159304593" timestamp="2024-11-18T23:40:59Z" user="VlIvYur" uid="345975" lat="40.2028723" lon="44.4986281"/>
 <node id="613353102" visible="true" version="8" changeset="158902329" timestamp="2024-11-08T16:21:27Z" user="Greg91" uid="1704044" lat="40.2028315" lon="44.4991933">
  <tag k="bench" v="yes"/>
  <tag k="bin" v="yes"/>
  <tag k="bus" v="yes"/>
  <tag k="highway" v="bus_stop"/>
  <tag k="lit" v="yes"/>
  <tag k="name" v="Կոմիտաս / Վաղարշյան"/>
  <tag k="name:en" v="Komitas / Vagharshyan"/>
  <tag k="name:hy" v="Կոմիտաս / Վաղարշյան"/>
  <tag k="name:ru" v="Комитас / Вагаршян"/>
  <tag k="public_transport" v="platform"/>
  <tag k="shelter" v="yes"/>
  <tag k="trolleybus" v="yes"/>
 </node>
 <node id="631198284" visible="true" version="4" changeset="50997424" timestamp="2017-08-10T10:41:26Z" user="aslanosm" uid="2985213" lat="40.2017300" lon="44.4953739"/>
 <node id="631198302" visible="true" version="5" changeset="50997424" timestamp="2017-08-10T10:41:26Z" user="aslanosm" uid="2985213" lat="40.2018076" lon="44.4951010"/>
 <node id="631198303" visible="true" version="6" changeset="50997424" timestamp="2017-08-10T10:41:26Z" user="aslanosm" uid="2985213" lat="40.2019072" lon="44.4952004"/>
 <node id="631198305" visible="true" version="4" changeset="50997424" timestamp="2017-08-10T10:41:26Z" user="aslanosm" uid="2985213" lat="40.2018622" lon="44.4953624"/>
 <node id="631198310" visible="true" version="3" changeset="45363857" timestamp="2017-01-22T06:27:49Z" user="aslanosm" uid="2985213" lat="40.2024544" lon="44.4959765"/>
 <node id="631198311" visible="true" version="3" changeset="45363857" timestamp="2017-01-22T06:27:49Z" user="aslanosm" uid="2985213" lat="40.2025674" lon="44.4959021"/>
 <node id="631198322" visible="true" version="5" changeset="76366991" timestamp="2019-10-29T21:58:02Z" user="BigPastaDinner" uid="9202957" lat="40.2022802" lon="44.4967950"/>
 <node id="631198323" visible="true" version="4" changeset="50997424" timestamp="2017-08-10T10:41:26Z" user="aslanosm" uid="2985213" lat="40.2021211" lon="44.4963693"/>
 <node id="631198325" visible="true" version="4" changeset="50997424" timestamp="2017-08-10T10:41:26Z" user="aslanosm" uid="2985213" lat="40.2022298" lon="44.4962979"/>
 <node id="631198328" visible="true" version="3" changeset="45363857" timestamp="2017-01-22T06:27:49Z" user="aslanosm" uid="2985213" lat="40.2026457" lon="44.4964745"/>
 <node id="631198330" visible="true" version="3" changeset="45363857" timestamp="2017-01-22T06:27:49Z" user="aslanosm" uid="2985213" lat="40.2027065" lon="44.4966059"/>
 <node id="631198332" visible="true" version="5" changeset="76366991" timestamp="2019-10-29T21:58:02Z" user="BigPastaDinner" uid="9202957" lat="40.2023924" lon="44.4967187"/>
 <node id="631198334" visible="true" version="3" changeset="45363857" timestamp="2017-01-22T06:27:49Z" user="aslanosm" uid="2985213" lat="40.2027587" lon="44.4964001"/>
 <node id="631198335" visible="true" version="3" changeset="45363857" timestamp="2017-01-22T06:27:49Z" user="aslanosm" uid="2985213" lat="40.2028194" lon="44.4965315"/>
 <node id="631198339" visible="true" version="3" changeset="76660510" timestamp="2019-11-05T17:32:09Z" user="BigPastaDinner" uid="9202957" lat="40.2030427" lon="44.4960788"/>
 <node id="631198341" visible="true" version="3" changeset="76660510" timestamp="2019-11-05T17:32:09Z" user="BigPastaDinner" uid="9202957" lat="40.2029942" lon="44.4963902"/>
 <node id="631198342" visible="true" version="3" changeset="76660510" timestamp="2019-11-05T17:32:09Z" user="BigPastaDinner" uid="9202957" lat="40.2030773" lon="44.4960568"/>
 <node id="631198344" visible="true" version="3" changeset="76660510" timestamp="2019-11-05T17:32:09Z" user="BigPastaDinner" uid="9202957" lat="40.2029101" lon="44.4961629"/>
 <node id="631198345" visible="true" version="5" changeset="76366991" timestamp="2019-10-29T21:58:02Z" user="BigPastaDinner" uid="9202957" lat="40.2026170" lon="44.4972846"/>
 <node id="631198346" visible="true" version="5" changeset="76366991" timestamp="2019-10-29T21:58:02Z" user="BigPastaDinner" uid="9202957" lat="40.2025048" lon="44.4973609"/>
 <node id="631198348" visible="true" version="3" changeset="159304593" timestamp="2024-11-18T23:40:59Z" user="VlIvYur" uid="345975" lat="40.2027120" lon="44.4973964"/>
 <node id="631198350" visible="true" version="5" changeset="159304593" timestamp="2024-11-18T23:40:59Z" user="VlIvYur" uid="345975" lat="40.2029735" lon="44.4971861"/>
 <node id="631198351" visible="true" version="3" changeset="45363857" timestamp="2017-01-22T06:27:49Z" user="aslanosm" uid="2985213" lat="40.2028978" lon="44.4971039"/>
 <node id="631198355" visible="true" version="3" changeset="45363857" timestamp="2017-01-22T06:27:49Z" user="aslanosm" uid="2985213" lat="40.2030108" lon="44.4970295"/>
 <node id="631198359" visible="true" version="3" changeset="139057016" timestamp="2023-07-26T20:50:11Z" user="VlIvYur" uid="345975" lat="40.2037056" lon="44.4951408"/>
 <node id="631198368" visible="true" version="3" changeset="139057016" timestamp="2023-07-26T20:50:11Z" user="VlIvYur" uid="345975" lat="40.2038166" lon="44.4950616"/>
 <node id="631198370" visible="true" version="3" changeset="139057016" timestamp="2023-07-26T20:50:11Z" user="VlIvYur" uid="345975" lat="40.2040855" lon="44.4957078"/>
 <node id="631198372" visible="true" version="3" changeset="139057016" timestamp="2023-07-26T20:50:11Z" user="VlIvYur" uid="345975" lat="40.2039745" lon="44.4957871"/>
 <node id="631198384" visible="true" version="5" changeset="159304593" timestamp="2024-11-18T23:40:59Z" user="VlIvYur" uid="345975" lat="40.2030805" lon="44.4971108"/>
 <node id="631198386" visible="true" version="3" changeset="45363857" timestamp="2017-01-22T06:27:49Z" user="aslanosm" uid="2985213" lat="40.2036430" lon="44.4974305"/>
 <node id="631198388" visible="true" version="3" changeset="45363857" timestamp="2017-01-22T06:27:49Z" user="aslanosm" uid="2985213" lat="40.2034517" lon="44.4969325"/>
 <node id="631198390" visible="true" version="3" changeset="45363857" timestamp="2017-01-22T06:27:49Z" user="aslanosm" uid="2985213" lat="40.2033387" lon="44.4970069"/>
 <node id="631198391" visible="true" version="3" changeset="76660510" timestamp="2019-11-05T17:32:09Z" user="BigPastaDinner" uid="9202957" lat="40.2032859" lon="44.4965673"/>
 <node id="631198395" visible="true" version="3" changeset="76660510" timestamp="2019-11-05T17:32:09Z" user="BigPastaDinner" uid="9202957" lat="40.2033623" lon="44.4967463"/>
 <node id="631198397" visible="true" version="3" changeset="76660510" timestamp="2019-11-05T17:32:09Z" user="BigPastaDinner" uid="9202957" lat="40.2036648" lon="44.4962906"/>
 <node id="631198399" visible="true" version="3" changeset="76660510" timestamp="2019-11-05T17:32:09Z" user="BigPastaDinner" uid="9202957" lat="40.2031614" lon="44.4962841"/>
 <node id="631198401" visible="true" version="3" changeset="139057016" timestamp="2023-07-26T20:50:11Z" user="VlIvYur" uid="345975" lat="40.2042998" lon="44.4962229"/>
 <node id="631198402" visible="true" version="3" changeset="139057016" timestamp="2023-07-26T20:50:11Z" user="VlIvYur" uid="345975" lat="40.2041888" lon="44.4963021"/>
 <node id="631198407" visible="true" version="3" changeset="76660829" timestamp="2019-11-05T17:39:19Z" user="BigPastaDinner" uid="9202957" lat="40.2043008" lon="44.4972861"/>
 <node id="631198408" visible="true" version="3" changeset="139057016" timestamp="2023-07-26T20:50:11Z" user="VlIvYur" uid="345975" lat="40.2042055" lon="44.4973524"/>
 <node id="631198409" visible="true" version="5" changeset="143581500" timestamp="2023-11-03T16:03:15Z" user="Noktoborus" uid="540529" lat="40.2040257" lon="44.4971324"/>
 <node id="631198410" visible="true" version="5" changeset="143581500" timestamp="2023-11-03T16:03:15Z" user="Noktoborus" uid="540529" lat="40.2038246" lon="44.4966411"/>
 <node id="631198411" visible="true" version="5" changeset="143581500" timestamp="2023-11-03T16:03:15Z" user="Noktoborus" uid="540529" lat="40.2039658" lon="44.4965420"/>
 <node id="631198414" visible="true" version="5" changeset="143581500" timestamp="2023-11-03T16:03:15Z" user="Noktoborus" uid="540529" lat="40.2041670" lon="44.4970333"/>
 <node id="631198416" visible="true" version="3" changeset="76660510" timestamp="2019-11-05T17:32:09Z" user="BigPastaDinner" uid="9202957" lat="40.2037412" lon="44.4964696"/>
 <node id="631198418" visible="true" version="5" changeset="159304593" timestamp="2024-11-18T23:40:59Z" user="VlIvYur" uid="345975" lat="40.2030277" lon="44.4981508"/>
 <node id="631198421" visible="true" version="3" changeset="159304593" timestamp="2024-11-18T23:40:59Z" user="VlIvYur" uid="345975" lat="40.2025950" lon="44.4974803"/>
 <node id="631198425" visible="true" version="4" changeset="159304593" timestamp="2024-11-18T23:40:59Z" user="VlIvYur" uid="345975" lat="40.2029743" lon="44.4983866"/>
 <node id="631198427" visible="true" version="5" changeset="159304593" timestamp="2024-11-18T23:40:59Z" user="VlIvYur" uid="345975" lat="40.2031720" lon="44.4976696"/>
 <node id="631198429" visible="true" version="5" changeset="159304593" timestamp="2024-11-18T23:40:59Z" user="VlIvYur" uid="345975" lat="40.2032790" lon="44.4975943"/>
 <node id="631198431" visible="true" version="3" changeset="45363857" timestamp="2017-01-22T06:27:49Z" user="aslanosm" uid="2985213" lat="40.2035300" lon="44.4975049"/>
 <node id="631198433" visible="true" version="3" changeset="139057016" timestamp="2023-07-26T20:50:11Z" user="VlIvYur" uid="345975" lat="40.2034822" lon="44.4978517"/>
 <node id="631198437" visible="true" version="3" changeset="139057016" timestamp="2023-07-26T20:50:11Z" user="VlIvYur" uid="345975" lat="40.2035420" lon="44.4980001"/>
 <node id="631198439" visible="true" version="4" changeset="159304593" timestamp="2024-11-18T23:40:59Z" user="VlIvYur" uid="345975" lat="40.2033844" lon="44.4978949"/>
 <node id="631198440" visible="true" version="4" changeset="159304593" timestamp="2024-11-18T23:40:59Z" user="VlIvYur" uid="345975" lat="40.2034479" lon="44.4980468"/>
 <node id="631198441" visible="true" version="3" changeset="51050722" timestamp="2017-08-12T06:52:12Z" user="aslanosm" uid="2985213" lat="40.2032171" lon="44.4987339"/>
 <node id="631198442" visible="true" version="3" changeset="51050722" timestamp="2017-08-12T06:52:12Z" user="aslanosm" uid="2985213" lat="40.2037763" lon="44.4985583"/>
 <node id="631198444" visible="true" version="5" changeset="155692555" timestamp="2024-08-24T11:59:53Z" user="VlIvYur" uid="345975" lat="40.2039445" lon="44.4981258"/>
 <node id="631198446" visible="true" version="3" changeset="76660829" timestamp="2019-11-05T17:39:19Z" user="BigPastaDinner" uid="9202957" lat="40.2043662" lon="44.4974459"/>
 <node id="631198448" visible="true" version="3" changeset="139057016" timestamp="2023-07-26T20:50:11Z" user="VlIvYur" uid="345975" lat="40.2042653" lon="44.4975008"/>
 <node id="631198449" visible="true" version="3" changeset="51050722" timestamp="2017-08-12T06:52:12Z" user="aslanosm" uid="2985213" lat="40.2038639" lon="44.4982699"/>
 <node id="631198451" visible="true" version="3" changeset="51050722" timestamp="2017-08-12T06:52:12Z" user="aslanosm" uid="2985213" lat="40.2039274" lon="44.4984216"/>
 <node id="631198455" visible="true" version="2" changeset="51050722" timestamp="2017-08-12T06:52:12Z" user="aslanosm" uid="2985213" lat="40.2038189" lon="44.4984994"/>
 <node id="631198457" visible="true" version="2" changeset="51050722" timestamp="2017-08-12T06:52:12Z" user="aslanosm" uid="2985213" lat="40.2038636" lon="44.4984673"/>
 <node id="631198459" visible="true" version="3" changeset="51050722" timestamp="2017-08-12T06:52:12Z" user="aslanosm" uid="2985213" lat="40.2038728" lon="44.4984891"/>
 <node id="631198460" visible="true" version="3" changeset="51050722" timestamp="2017-08-12T06:52:12Z" user="aslanosm" uid="2985213" lat="40.2038280" lon="44.4985212"/>
 <node id="631198462" visible="true" version="3" changeset="51050722" timestamp="2017-08-12T06:52:12Z" user="aslanosm" uid="2985213" lat="40.2039375" lon="44.4984427"/>
 <node id="631198466" visible="true" version="2" changeset="51055385" timestamp="2017-08-12T11:11:38Z" user="aslanosm" uid="2985213" lat="40.2042688" lon="44.4986756"/>
 <node id="631198468" visible="true" version="2" changeset="51055385" timestamp="2017-08-12T11:11:38Z" user="aslanosm" uid="2985213" lat="40.2043838" lon="44.4985890"/>
 <node id="631198473" visible="true" version="5" changeset="155692555" timestamp="2024-08-24T11:59:53Z" user="VlIvYur" uid="345975" lat="40.2040061" lon="44.4982783"/>
 <node id="631198474" visible="true" version="6" changeset="155692555" timestamp="2024-08-24T11:59:53Z" user="VlIvYur" uid="345975" lat="40.2035806" lon="44.4999629"/>
 <node id="631198476" visible="true" version="6" changeset="155692555" timestamp="2024-08-24T11:59:53Z" user="VlIvYur" uid="345975" lat="40.2036870" lon="44.4998857"/>
 <node id="631198478" visible="true" version="3" changeset="51050722" timestamp="2017-08-12T06:52:12Z" user="aslanosm" uid="2985213" lat="40.2032806" lon="44.4988856"/>
 <node id="631198480" visible="true" version="5" changeset="155692555" timestamp="2024-08-24T11:59:53Z" user="VlIvYur" uid="345975" lat="40.2031907" lon="44.4991431"/>
 <node id="631198482" visible="true" version="3" changeset="139057016" timestamp="2023-07-26T20:50:11Z" user="VlIvYur" uid="345975" lat="40.2034971" lon="44.4997262"/>
 <node id="631198486" visible="true" version="3" changeset="141438672" timestamp="2023-09-18T19:12:59Z" user="VlIvYur" uid="345975" lat="40.2035922" lon="44.4988650"/>
 <node id="631198488" visible="true" version="3" changeset="139057016" timestamp="2023-07-26T20:50:11Z" user="VlIvYur" uid="345975" lat="40.2038378" lon="44.4994902"/>
 <node id="631198490" visible="true" version="4" changeset="154377298" timestamp="2024-07-25T06:31:16Z" user="dmr090909" uid="21329882" lat="40.2036755" lon="44.4990678"/>
 <node id="631198492" visible="true" version="3" changeset="139057016" timestamp="2023-07-26T20:50:11Z" user="VlIvYur" uid="345975" lat="40.2037652" lon="44.4993106"/>
 <node id="631198493" visible="true" version="2" changeset="51055385" timestamp="2017-08-12T11:11:38Z" user="aslanosm" uid="2985213" lat="40.2044237" lon="44.4990334"/>
 <node id="631198498" visible="true" version="3" changeset="51050722" timestamp="2017-08-12T06:52:12Z" user="aslanosm" uid="2985213" lat="40.2041090" lon="44.4990551"/>
 <node id="631198500" visible="true" version="3" changeset="51050722" timestamp="2017-08-12T06:52:12Z" user="aslanosm" uid="2985213" lat="40.2040642" lon="44.4990873"/>
 <node id="631198502" visible="true" version="3" changeset="51050722" timestamp="2017-08-12T06:52:12Z" user="aslanosm" uid="2985213" lat="40.2041742" lon="44.4990084"/>
 <node id="631198503" visible="true" version="3" changeset="51050722" timestamp="2017-08-12T06:52:12Z" user="aslanosm" uid="2985213" lat="40.2040130" lon="44.4991240"/>
 <node id="631198504" visible="true" version="4" changeset="154377298" timestamp="2024-07-25T06:31:16Z" user="dmr090909" uid="21329882" lat="40.2034975" lon="44.4991995"/>
 <node id="631198506" visible="true" version="3" changeset="139057016" timestamp="2023-07-26T20:50:11Z" user="VlIvYur" uid="345975" lat="40.2035920" lon="44.4994305"/>
 <node id="631198508" visible="true" version="6" changeset="155692555" timestamp="2024-08-24T11:59:53Z" user="VlIvYur" uid="345975" lat="40.2037442" lon="44.5003495"/>
 <node id="631198511" visible="true" version="6" changeset="155692555" timestamp="2024-08-24T11:59:53Z" user="VlIvYur" uid="345975" lat="40.2038506" lon="44.5002723"/>
 <node id="631198513" visible="true" version="4" changeset="45359589" timestamp="2017-01-21T22:19:49Z" user="aslanosm" uid="2985213" lat="40.2037898" lon="44.5004545"/>
 <node id="631198517" visible="true" version="4" changeset="45359589" timestamp="2017-01-21T22:19:49Z" user="aslanosm" uid="2985213" lat="40.2042161" lon="44.5014858"/>
 <node id="631198519" visible="true" version="4" changeset="45359589" timestamp="2017-01-21T22:19:49Z" user="aslanosm" uid="2985213" lat="40.2039009" lon="44.5003757"/>
 <node id="631198520" visible="true" version="4" changeset="45359589" timestamp="2017-01-21T22:19:49Z" user="aslanosm" uid="2985213" lat="40.2043272" lon="44.5014071"/>
 <node id="631198539" visible="true" version="3" changeset="76660829" timestamp="2019-11-05T17:39:19Z" user="BigPastaDinner" uid="9202957" lat="40.2046606" lon="44.4970385"/>
 <node id="631198540" visible="true" version="3" changeset="76660829" timestamp="2019-11-05T17:39:19Z" user="BigPastaDinner" uid="9202957" lat="40.2047260" lon="44.4971983"/>
 <node id="631198577" visible="true" version="5" changeset="155692555" timestamp="2024-08-24T11:59:53Z" user="VlIvYur" uid="345975" lat="40.2048863" lon="44.4976682"/>
 <node id="631198578" visible="true" version="5" changeset="155692555" timestamp="2024-08-24T11:59:53Z" user="VlIvYur" uid="345975" lat="40.2048247" lon="44.4975157"/>
 <node id="631198602" visible="true" version="2" changeset="51055385" timestamp="2017-08-12T11:11:38Z" user="aslanosm" uid="2985213" lat="40.2045386" lon="44.4989469"/>
 <node id="631461898" visible="true" version="6" changeset="141438672" timestamp="2023-09-18T19:12:59Z" user="VlIvYur" uid="345975" lat="40.2028953" lon="44.4984628">
  <tag k="amenity" v="drinking_water"/>
  <tag k="check_date" v="2023-09-15"/>
  <tag k="fountain" v="bubbler"/>
 </node>
 <node id="631461899" visible="true" version="14" changeset="155692555" timestamp="2024-08-24T11:59:53Z" user="VlIvYur" uid="345975" lat="40.2040182" lon="44.5009375">
  <tag k="addr:city" v="Երևան"/>
  <tag k="addr:country" v="AM"/>
  <tag k="addr:district" v="Արաբկիր"/>
  <tag k="addr:housenumber" v="19"/>
  <tag k="addr:postcode" v="0012"/>
  <tag k="addr:region" v="Երևան"/>
  <tag k="addr:street" v="Կոմիտասի պողոտա"/>
  <tag k="amenity" v="post_office"/>
  <tag k="brand" v="ՀայՓոստ"/>
  <tag k="brand:en" v="HayPost"/>
  <tag k="brand:hy" v="ՀայՓոստ"/>
  <tag k="check_date" v="2024-04-11"/>
  <tag k="contact:facebook" v="haypost.am"/>
  <tag k="contact:instagram" v="haypost.official"/>
  <tag k="contact:youtube" v="haypostofficial9646"/>
  <tag k="email" v="info@haypost.am"/>
  <tag k="name" v="HayPost 0012"/>
  <tag k="opening_hours" v="Mo-Fr 09:00-20:00; Sa 09:00-17:00"/>
  <tag k="operator" v="ՀայՓոստ"/>
  <tag k="operator:en" v="HayPost"/>
  <tag k="operator:hy" v="ՀայՓոստ"/>
  <tag k="operator:ref" v="02507464"/>
  <tag k="operator:wikidata" v="Q3128876"/>
  <tag k="phone" v="+374 10 514514"/>
  <tag k="ref" v="0012"/>
  <tag k="website" v="https://www.haypost.am/"/>
  <tag k="wheelchair" v="no"/>
 </node>
 <node id="632426717" visible="true" version="5" changeset="87219071" timestamp="2020-06-27T06:41:23Z" user="aslanosm" uid="2985213" lat="40.2010258" lon="44.5001486"/>
 <node id="632426718" visible="true" version="3" changeset="8458554" timestamp="2011-06-16T18:23:21Z" user="Xelgen" uid="49319" lat="40.2008144" lon="44.4997088"/>
 <node id="632426719" visible="true" version="2" changeset="8458554" timestamp="2011-06-16T18:23:16Z" user="Xelgen" uid="49319" lat="40.2015677" lon="44.4991914"/>
 <node id="632426720" visible="true" version="2" changeset="8458554" timestamp="2011-06-16T18:23:20Z" user="Xelgen" uid="49319" lat="40.2016301" lon="44.4993472"/>
 <node id="632426721" visible="true" version="3" changeset="8458554" timestamp="2011-06-16T18:23:15Z" user="Xelgen" uid="49319" lat="40.2008769" lon="44.4998646"/>
 <node id="632426723" visible="true" version="5" changeset="87219071" timestamp="2020-06-27T06:41:23Z" user="aslanosm" uid="2985213" lat="40.2017797" lon="44.4998026"/>
 <node id="632426726" visible="true" version="5" changeset="87219071" timestamp="2020-06-27T06:41:23Z" user="aslanosm" uid="2985213" lat="40.2017144" lon="44.4996488"/>
 <node id="632426728" visible="true" version="5" changeset="160565500" timestamp="2024-12-24T08:05:47Z" user="Данил Мошарев" uid="10374805" lat="40.2021082" lon="44.4998069"/>
 <node id="632426729" visible="true" version="6" changeset="160880583" timestamp="2025-01-01T18:46:16Z" user="Данил Мошарев" uid="10374805" lat="40.2019895" lon="44.4998899"/>
 <node id="632426731" visible="true" version="3" changeset="148193137" timestamp="2024-03-04T07:40:53Z" user="Vasak87" uid="2564602" lat="40.2018462" lon="44.4995695"/>
 <node id="632426732" visible="true" version="3" changeset="148193137" timestamp="2024-03-04T07:40:53Z" user="Vasak87" uid="2564602" lat="40.2019050" lon="44.4997184"/>
 <node id="632426734" visible="true" version="4" changeset="160565500" timestamp="2024-12-24T08:05:47Z" user="Данил Мошарев" uid="10374805" lat="40.2025860" lon="44.5001700"/>
 <node id="632426735" visible="true" version="3" changeset="148193137" timestamp="2024-03-04T07:40:53Z" user="Vasak87" uid="2564602" lat="40.2021448" lon="44.4993696"/>
 <node id="632426736" visible="true" version="3" changeset="148193137" timestamp="2024-03-04T07:40:53Z" user="Vasak87" uid="2564602" lat="40.2022023" lon="44.4995155"/>
 <node id="632426737" visible="true" version="3" changeset="160565500" timestamp="2024-12-24T08:05:47Z" user="Данил Мошарев" uid="10374805" lat="40.2026020" lon="44.4998456"/>
 <node id="632426738" visible="true" version="3" changeset="160565500" timestamp="2024-12-24T08:05:47Z" user="Данил Мошарев" uid="10374805" lat="40.2027449" lon="44.4991219"/>
 <node id="632426741" visible="true" version="3" changeset="160565500" timestamp="2024-12-24T08:05:47Z" user="Данил Мошарев" uid="10374805" lat="40.2026437" lon="44.4991941"/>
 <node id="632426742" visible="true" version="3" changeset="160565500" timestamp="2024-12-24T08:05:47Z" user="Данил Мошарев" uid="10374805" lat="40.2029289" lon="44.4997978"/>
 <node id="632426743" visible="true" version="3" changeset="160565500" timestamp="2024-12-24T08:05:47Z" user="Данил Мошарев" uid="10374805" lat="40.2026628" lon="44.4999900"/>
 <node id="632426744" visible="true" version="3" changeset="160565500" timestamp="2024-12-24T08:05:47Z" user="Данил Мошарев" uid="10374805" lat="40.2029437" lon="44.4996001"/>
 <node id="632426745" visible="true" version="4" changeset="160068885" timestamp="2024-12-08T20:10:51Z" user="Данил Мошарев" uid="10374805" lat="40.2010424" lon="44.5004822"/>
 <node id="632426746" visible="true" version="4" changeset="160068885" timestamp="2024-12-08T20:10:51Z" user="Данил Мошарев" uid="10374805" lat="40.2013524" lon="44.5008626"/>
 <node id="632426747" visible="true" version="4" changeset="160068885" timestamp="2024-12-08T20:10:51Z" user="Данил Мошарев" uid="10374805" lat="40.2012334" lon="44.5009465"/>
 <node id="632426748" visible="true" version="4" changeset="160068885" timestamp="2024-12-08T20:10:51Z" user="Данил Мошарев" uid="10374805" lat="40.2011614" lon="44.5003984"/>
 <node id="632426749" visible="true" version="3" changeset="160068885" timestamp="2024-12-08T20:10:51Z" user="Данил Мошарев" uid="10374805" lat="40.2014738" lon="44.5015482"/>
 <node id="632426750" visible="true" version="3" changeset="160068885" timestamp="2024-12-08T20:10:51Z" user="Данил Мошарев" uid="10374805" lat="40.2015962" lon="44.5014629"/>
 <node id="632426751" visible="true" version="3" changeset="160068885" timestamp="2024-12-08T20:10:51Z" user="Данил Мошарев" uid="10374805" lat="40.2013849" lon="44.5009434"/>
 <node id="632426752" visible="true" version="3" changeset="160068885" timestamp="2024-12-08T20:10:51Z" user="Данил Мошарев" uid="10374805" lat="40.2012627" lon="44.5010286"/>
 <node id="632426753" visible="true" version="5" changeset="87219071" timestamp="2020-06-27T06:41:23Z" user="aslanosm" uid="2985213" lat="40.2010909" lon="44.5003025"/>
 <node id="632426754" visible="true" version="6" changeset="160068885" timestamp="2024-12-08T20:10:51Z" user="Данил Мошарев" uid="10374805" lat="40.2015553" lon="44.5006039"/>
 <node id="632426755" visible="true" version="6" changeset="160068885" timestamp="2024-12-08T20:10:51Z" user="Данил Мошарев" uid="10374805" lat="40.2016050" lon="44.5007231"/>
 <node id="632426760" visible="true" version="5" changeset="160565500" timestamp="2024-12-24T08:05:47Z" user="Данил Мошарев" uid="10374805" lat="40.2023273" lon="44.5003475"/>
 <node id="632426761" visible="true" version="5" changeset="160565500" timestamp="2024-12-24T08:05:47Z" user="Данил Мошарев" uid="10374805" lat="40.2022088" lon="44.5004299"/>
 <node id="632426762" visible="true" version="2" changeset="16342981" timestamp="2013-05-29T19:57:05Z" user="DrDimedrol" uid="248521" lat="40.2019593" lon="44.5014067"/>
 <node id="632426763" visible="true" version="2" changeset="16342981" timestamp="2013-05-29T19:57:05Z" user="DrDimedrol" uid="248521" lat="40.2023766" lon="44.5011256"/>
 <node id="632426764" visible="true" version="5" changeset="160068885" timestamp="2024-12-08T20:10:51Z" user="Данил Мошарев" uid="10374805" lat="40.2022495" lon="44.5008378"/>
 <node id="632426765" visible="true" version="5" changeset="160068885" timestamp="2024-12-08T20:10:51Z" user="Данил Мошарев" uid="10374805" lat="40.2017567" lon="44.5010166"/>
 <node id="632426766" visible="true" version="5" changeset="160068885" timestamp="2024-12-08T20:10:51Z" user="Данил Мошарев" uid="10374805" lat="40.2021989" lon="44.5007142"/>
 <node id="632426768" visible="true" version="5" changeset="160068885" timestamp="2024-12-08T20:10:51Z" user="Данил Мошарев" uid="10374805" lat="40.2018247" lon="44.5011828"/>
 <node id="632426769" visible="true" version="6" changeset="160068885" timestamp="2024-12-08T20:10:51Z" user="Данил Мошарев" uid="10374805" lat="40.2020474" lon="44.5004072"/>
 <node id="632426770" visible="true" version="6" changeset="160068885" timestamp="2024-12-08T20:10:51Z" user="Данил Мошарев" uid="10374805" lat="40.2019978" lon="44.5002880"/>
 <node id="632426771" visible="true" version="4" changeset="160565500" timestamp="2024-12-24T08:05:47Z" user="Данил Мошарев" uid="10374805" lat="40.2024641" lon="44.5002557"/>
 <node id="632426772" visible="true" version="4" changeset="160565500" timestamp="2024-12-24T08:05:47Z" user="Данил Мошарев" uid="10374805" lat="40.2025691" lon="44.5005118"/>
 <node id="632426774" visible="true" version="4" changeset="160565500" timestamp="2024-12-24T08:05:47Z" user="Данил Мошарев" uid="10374805" lat="40.2026910" lon="44.5004261"/>
 <node id="632426776" visible="true" version="3" changeset="160881140" timestamp="2025-01-01T18:56:41Z" user="Данил Мошарев" uid="10374805" lat="40.2027349" lon="44.5007695"/>
 <node id="632426777" visible="true" version="3" changeset="160881140" timestamp="2025-01-01T18:56:41Z" user="Данил Мошарев" uid="10374805" lat="40.2024396" lon="44.5007990"/>
 <node id="632426778" visible="true" version="3" changeset="160881140" timestamp="2025-01-01T18:56:41Z" user="Данил Мошарев" uid="10374805" lat="40.2026246" lon="44.5006704"/>
 <node id="632426779" visible="true" version="4" changeset="160068885" timestamp="2024-12-08T20:10:51Z" user="Данил Мошарев" uid="10374805" lat="40.2027973" lon="44.5004809"/>
 <node id="632426780" visible="true" version="4" changeset="160068885" timestamp="2024-12-08T20:10:51Z" user="Данил Мошарев" uid="10374805" lat="40.2028588" lon="44.5006297"/>
 <node id="632426781" visible="true" version="2" changeset="16342981" timestamp="2013-05-29T19:57:05Z" user="DrDimedrol" uid="248521" lat="40.2024390" lon="44.5012842"/>
 <node id="632426782" visible="true" version="3" changeset="160881140" timestamp="2025-01-01T18:56:41Z" user="Данил Мошарев" uid="10374805" lat="40.2026554" lon="44.5014791"/>
 <node id="632426783" visible="true" version="3" changeset="160881140" timestamp="2025-01-01T18:56:41Z" user="Данил Мошарев" uid="10374805" lat="40.2027625" lon="44.5012316"/>
 <node id="632426784" visible="true" version="3" changeset="160881140" timestamp="2025-01-01T18:56:41Z" user="Данил Мошарев" uid="10374805" lat="40.2026244" lon="44.5009917"/>
 <node id="632426786" visible="true" version="3" changeset="160881140" timestamp="2025-01-01T18:56:41Z" user="Данил Мошарев" uid="10374805" lat="40.2024499" lon="44.5009631"/>
 <node id="632426787" visible="true" version="3" changeset="160881140" timestamp="2025-01-01T18:56:41Z" user="Данил Мошарев" uid="10374805" lat="40.2025479" lon="44.5012035"/>
 <node id="632426788" visible="true" version="3" changeset="160881140" timestamp="2025-01-01T18:56:41Z" user="Данил Мошарев" uid="10374805" lat="40.2026768" lon="44.5011138"/>
 <node id="632426789" visible="true" version="3" changeset="160881140" timestamp="2025-01-01T18:56:41Z" user="Данил Мошарев" uid="10374805" lat="40.2027340" lon="44.5012550"/>
 <node id="632426791" visible="true" version="3" changeset="160881140" timestamp="2025-01-01T18:56:41Z" user="Данил Мошарев" uid="10374805" lat="40.2026550" lon="44.5013100"/>
 <node id="632426796" visible="true" version="3" changeset="160881140" timestamp="2025-01-01T18:56:41Z" user="Данил Мошарев" uid="10374805" lat="40.2024977" lon="44.5010798"/>
 <node id="632426798" visible="true" version="3" changeset="160881140" timestamp="2025-01-01T18:56:41Z" user="Данил Мошарев" uid="10374805" lat="40.2025770" lon="44.5008748"/>
 <node id="632426803" visible="true" version="3" changeset="160881140" timestamp="2025-01-01T18:56:41Z" user="Данил Мошарев" uid="10374805" lat="40.2026103" lon="44.5008562"/>
 <node id="632426815" visible="true" version="3" changeset="160881140" timestamp="2025-01-01T18:56:41Z" user="Данил Мошарев" uid="10374805" lat="40.2029341" lon="44.5012852"/>
 <node id="632426822" visible="true" version="3" changeset="160881140" timestamp="2025-01-01T18:56:41Z" user="Данил Мошарев" uid="10374805" lat="40.2028298" lon="44.5011848"/>
 <node id="632426824" visible="true" version="4" changeset="160068885" timestamp="2024-12-08T20:10:51Z" user="Данил Мошарев" uid="10374805" lat="40.2030560" lon="44.5011072"/>
 <node id="632426848" visible="true" version="2" changeset="16342981" timestamp="2013-05-29T19:57:05Z" user="DrDimedrol" uid="248521" lat="40.2020216" lon="44.5015653"/>
 <node id="632426884" visible="true" version="4" changeset="160068885" timestamp="2024-12-08T20:10:51Z" user="Данил Мошарев" uid="10374805" lat="40.2034516" lon="44.5008637"/>
 <node id="632426893" visible="true" version="4" changeset="160068885" timestamp="2024-12-08T20:10:51Z" user="Данил Мошарев" uid="10374805" lat="40.2031013" lon="44.5002656"/>
 <node id="632426899" visible="true" version="4" changeset="160068885" timestamp="2024-12-08T20:10:51Z" user="Данил Мошарев" uid="10374805" lat="40.2034216" lon="44.5010409"/>
 <node id="632426901" visible="true" version="4" changeset="160068885" timestamp="2024-12-08T20:10:51Z" user="Данил Мошарев" uid="10374805" lat="40.2032357" lon="44.5003411"/>
 <node id="632426904" visible="true" version="4" changeset="160068885" timestamp="2024-12-08T20:10:51Z" user="Данил Мошарев" uid="10374805" lat="40.2031176" lon="44.5012562"/>
 <node id="633353478" visible="true" version="3" changeset="31580545" timestamp="2015-05-30T09:36:42Z" user="DrDimedrol" uid="248521" lat="40.2022696" lon="44.4963570"/>
 <node id="633353480" visible="true" version="3" changeset="31580545" timestamp="2015-05-30T09:36:42Z" user="DrDimedrol" uid="248521" lat="40.2023947" lon="44.4966689"/>
 <node id="633353481" visible="true" version="3" changeset="31580545" timestamp="2015-05-30T09:36:42Z" user="DrDimedrol" uid="248521" lat="40.2023575" lon="44.4962965"/>
 <node id="633353482" visible="true" version="3" changeset="31580545" timestamp="2015-05-30T09:36:42Z" user="DrDimedrol" uid="248521" lat="40.2023820" lon="44.4963577"/>
 <node id="633353483" visible="true" version="3" changeset="31580545" timestamp="2015-05-30T09:36:42Z" user="DrDimedrol" uid="248521" lat="40.2024223" lon="44.4963300"/>
 <node id="633353485" visible="true" version="3" changeset="31580545" timestamp="2015-05-30T09:36:42Z" user="DrDimedrol" uid="248521" lat="40.2024830" lon="44.4966083"/>
 <node id="633353487" visible="true" version="3" changeset="31580545" timestamp="2015-05-30T09:36:42Z" user="DrDimedrol" uid="248521" lat="40.2024496" lon="44.4965252"/>
 <node id="633353488" visible="true" version="3" changeset="31580545" timestamp="2015-05-30T09:36:42Z" user="DrDimedrol" uid="248521" lat="40.2024895" lon="44.4964978"/>
 <node id="633353490" visible="true" version="2" changeset="51050722" timestamp="2017-08-12T06:52:12Z" user="aslanosm" uid="2985213" lat="40.2032443" lon="44.4988010"/>
 <node id="633353491" visible="true" version="2" changeset="51050722" timestamp="2017-08-12T06:52:12Z" user="aslanosm" uid="2985213" lat="40.2032957" lon="44.4989255"/>
 <node id="633353493" visible="true" version="2" changeset="51050722" timestamp="2017-08-12T06:52:12Z" user="aslanosm" uid="2985213" lat="40.2032072" lon="44.4989880"/>
 <node id="633353495" visible="true" version="2" changeset="51050722" timestamp="2017-08-12T06:52:12Z" user="aslanosm" uid="2985213" lat="40.2031548" lon="44.4988643"/>
 <node id="633552429" visible="true" version="4" changeset="77887119" timestamp="2019-12-03T15:12:09Z" user="Vasak87" uid="2564602" lat="40.2021347" lon="44.4964524"/>
 <node id="633552430" visible="true" version="4" changeset="77887119" timestamp="2019-12-03T15:12:09Z" user="Vasak87" uid="2564602" lat="40.2022593" lon="44.4967687"/>
 <node id="633552431" visible="true" version="4" changeset="77887119" timestamp="2019-12-03T15:12:09Z" user="Vasak87" uid="2564602" lat="40.2023505" lon="44.4967072"/>
 <node id="633552432" visible="true" version="4" changeset="77887119" timestamp="2019-12-03T15:12:09Z" user="Vasak87" uid="2564602" lat="40.2022259" lon="44.4963908"/>
 <node id="635119560" visible="true" version="4" changeset="45031569" timestamp="2017-01-09T17:22:49Z" user="aslanosm" uid="2985213" lat="40.2013839" lon="44.4987995"/>
 <node id="635119561" visible="true" version="4" changeset="45031569" timestamp="2017-01-09T17:22:49Z" user="aslanosm" uid="2985213" lat="40.2015416" lon="44.4986832"/>
 <node id="635119562" visible="true" version="5" changeset="152577141" timestamp="2024-06-12T08:57:19Z" user="Noktoborus" uid="540529" lat="40.2016394" lon="44.4979502"/>
 <node id="635119563" visible="true" version="5" changeset="152577141" timestamp="2024-06-12T08:57:19Z" user="Noktoborus" uid="540529" lat="40.2015175" lon="44.4980353"/>
 <node id="635119564" visible="true" version="5" changeset="152577141" timestamp="2024-06-12T08:57:19Z" user="Noktoborus" uid="540529" lat="40.2016190" lon="44.4982847"/>
 <node id="635119565" visible="true" version="4" changeset="45031569" timestamp="2017-01-09T17:22:49Z" user="aslanosm" uid="2985213" lat="40.2014679" lon="44.4989949"/>
 <node id="635119566" visible="true" version="4" changeset="45031569" timestamp="2017-01-09T17:22:49Z" user="aslanosm" uid="2985213" lat="40.2016256" lon="44.4988787"/>
 <node id="635119568" visible="true" version="5" changeset="152577141" timestamp="2024-06-12T08:57:19Z" user="Noktoborus" uid="540529" lat="40.2017409" lon="44.4981995"/>
 <node id="635138927" visible="true" version="6" changeset="137834852" timestamp="2023-06-27T12:55:34Z" user="Vasak87" uid="2564602" lat="40.2013897" lon="44.4970961"/>
 <node id="635138930" visible="true" version="6" changeset="137834852" timestamp="2023-06-27T12:55:34Z" user="Vasak87" uid="2564602" lat="40.2013271" lon="44.4969450"/>
 <node id="635138932" visible="true" version="6" changeset="137834852" timestamp="2023-06-27T12:55:34Z" user="Vasak87" uid="2564602" lat="40.2016278" lon="44.4967316"/>
 <node id="635138933" visible="true" version="6" changeset="137834852" timestamp="2023-06-27T12:55:34Z" user="Vasak87" uid="2564602" lat="40.2016662" lon="44.4968999"/>
 <node id="635138934" visible="true" version="6" changeset="137834852" timestamp="2023-06-27T12:55:34Z" user="Vasak87" uid="2564602" lat="40.2016839" lon="44.4968673"/>
 <node id="635138935" visible="true" version="6" changeset="137834852" timestamp="2023-06-27T12:55:34Z" user="Vasak87" uid="2564602" lat="40.2016521" lon="44.4977401"/>
 <node id="635138936" visible="true" version="7" changeset="152577141" timestamp="2024-06-12T08:57:19Z" user="Noktoborus" uid="540529" lat="40.2015828" lon="44.4975800"/>
 <node id="635138937" visible="true" version="6" changeset="137834852" timestamp="2023-06-27T12:55:34Z" user="Vasak87" uid="2564602" lat="40.2017580" lon="44.4968147"/>
 <node id="635138938" visible="true" version="6" changeset="137834852" timestamp="2023-06-27T12:55:34Z" user="Vasak87" uid="2564602" lat="40.2019765" lon="44.4973423"/>
 <node id="635138939" visible="true" version="6" changeset="137834852" timestamp="2023-06-27T12:55:34Z" user="Vasak87" uid="2564602" lat="40.2019006" lon="44.4973963"/>
 <node id="635138940" visible="true" version="6" changeset="137834852" timestamp="2023-06-27T12:55:34Z" user="Vasak87" uid="2564602" lat="40.2018699" lon="44.4973920"/>
 <node id="635138941" visible="true" version="6" changeset="137834852" timestamp="2023-06-27T12:55:34Z" user="Vasak87" uid="2564602" lat="40.2019542" lon="44.4975257"/>
 <node id="635138942" visible="true" version="4" changeset="50997666" timestamp="2017-08-10T10:51:30Z" user="aslanosm" uid="2985213" lat="40.2019023" lon="44.4983260"/>
 <node id="635138943" visible="true" version="4" changeset="50997666" timestamp="2017-08-10T10:51:30Z" user="aslanosm" uid="2985213" lat="40.2022516" lon="44.4982364"/>
 <node id="635138944" visible="true" version="4" changeset="50997666" timestamp="2017-08-10T10:51:30Z" user="aslanosm" uid="2985213" lat="40.2022235" lon="44.4982981"/>
 <node id="635138945" visible="true" version="4" changeset="50997666" timestamp="2017-08-10T10:51:30Z" user="aslanosm" uid="2985213" lat="40.2019673" lon="44.4984816"/>
 <node id="635138947" visible="true" version="4" changeset="50997666" timestamp="2017-08-10T10:51:30Z" user="aslanosm" uid="2985213" lat="40.2021999" lon="44.4981128"/>
 <node id="635138948" visible="true" version="4" changeset="50997666" timestamp="2017-08-10T10:51:30Z" user="aslanosm" uid="2985213" lat="40.2023174" lon="44.4981892"/>
 <node id="635138949" visible="true" version="4" changeset="50997666" timestamp="2017-08-10T10:51:30Z" user="aslanosm" uid="2985213" lat="40.2025348" lon="44.4987096"/>
 <node id="635138950" visible="true" version="4" changeset="50997666" timestamp="2017-08-10T10:51:30Z" user="aslanosm" uid="2985213" lat="40.2024276" lon="44.4987864"/>
 <node id="635138951" visible="true" version="3" changeset="160068885" timestamp="2024-12-08T20:10:51Z" user="Данил Мошарев" uid="10374805" lat="40.2033718" lon="44.5009203"/>
 <node id="635138952" visible="true" version="3" changeset="160068885" timestamp="2024-12-08T20:10:51Z" user="Данил Мошарев" uid="10374805" lat="40.2031419" lon="44.5004292"/>
 <node id="635138953" visible="true" version="3" changeset="160068885" timestamp="2024-12-08T20:10:51Z" user="Данил Мошарев" uid="10374805" lat="40.2031558" lon="44.5003977"/>
 <node id="635138954" visible="true" version="3" changeset="160068885" timestamp="2024-12-08T20:10:51Z" user="Данил Мошарев" uid="10374805" lat="40.2033392" lon="44.5009066"/>
 <node id="649057893" visible="true" version="17" changeset="155692555" timestamp="2024-08-24T11:59:53Z" user="VlIvYur" uid="345975" lat="40.2031938" lon="44.4989374">
  <tag k="addr:city" v="Երևան"/>
  <tag k="addr:country" v="AM"/>
  <tag k="addr:district" v="Արաբկիր"/>
  <tag k="addr:region" v="Երևան"/>
  <tag k="amenity" v="bank"/>
  <tag k="branch" v="Կոմիտաս"/>
  <tag k="branch:en" v="Komitas"/>
  <tag k="branch:hy" v="Կոմիտաս"/>
  <tag k="brand" v="Արարատբանկ"/>
  <tag k="brand:en" v="Araratbank"/>
  <tag k="brand:hy" v="Արարատբանկ"/>
  <tag k="brand:ru" v="Араратбанк"/>
  <tag k="brand:wikidata" v="Q56000968"/>
  <tag k="check_date" v="2024-06-01"/>
  <tag k="contact:facebook" v="AraratBankofficial"/>
  <tag k="contact:instagram" v="araratbank"/>
  <tag k="contact:skype" v="araratbank_1"/>
  <tag k="contact:telegram" v="araratbanktrading"/>
  <tag k="contact:twitter" v="araratbank_ojsc"/>
  <tag k="contact:whatsapp" v="+37498192323"/>
  <tag k="contact:youtube" v="araratbankojsc7079"/>
  <tag k="email" v="info@araratbank.am"/>
  <tag k="name" v="Արարատբանկ"/>
  <tag k="name:en" v="Araratbank"/>
  <tag k="name:hy" v="Արարատբանկ"/>
  <tag k="name:ru" v="Араратбанк"/>
  <tag k="opening_hours" v="Mo-Fr 09:00-17:00"/>
  <tag k="operator" v="Արարատբանկ"/>
  <tag k="operator:en" v="Araratbank"/>
  <tag k="operator:hy" v="Արարատբանկ"/>
  <tag k="operator:ref" v="02500518"/>
  <tag k="operator:ru" v="Араратбанк"/>
  <tag k="operator:wikidata" v="Q56000968"/>
  <tag k="phone" v="+374 60 376745"/>
  <tag k="website" v="https://www.araratbank.am/"/>
  <tag k="wheelchair" v="no"/>
 </node>
 <node id="1327730684" visible="true" version="4" changeset="152726753" timestamp="2024-06-15T15:32:30Z" user="Noktoborus" uid="540529" lat="40.2011916" lon="44.4985795"/>
 <node id="1327730826" visible="true" version="4" changeset="152726753" timestamp="2024-06-15T15:32:30Z" user="Noktoborus" uid="540529" lat="40.2008787" lon="44.4989159"/>
 <node id="1327730981" visible="true" version="4" changeset="152726753" timestamp="2024-06-15T15:32:30Z" user="Noktoborus" uid="540529" lat="40.2013160" lon="44.4985974"/>
 <node id="1327731093" visible="true" version="4" changeset="152726753" timestamp="2024-06-15T15:32:30Z" user="Noktoborus" uid="540529" lat="40.2012269" lon="44.4986624"/>
 <node id="1327731116" visible="true" version="4" changeset="152726753" timestamp="2024-06-15T15:32:30Z" user="Noktoborus" uid="540529" lat="40.2007849" lon="44.4989842"/>
 <node id="1327731310" visible="true" version="4" changeset="152726753" timestamp="2024-06-15T15:32:30Z" user="Noktoborus" uid="540529" lat="40.2008399" lon="44.4991116"/>
 <node id="1327731520" visible="true" version="4" changeset="152726753" timestamp="2024-06-15T15:32:30Z" user="Noktoborus" uid="540529" lat="40.2013690" lon="44.4987221"/>
 <node id="1327731579" visible="true" version="4" changeset="152726753" timestamp="2024-06-15T15:32:30Z" user="Noktoborus" uid="540529" lat="40.2008435" lon="44.4988330"/>
 <node id="1327798191" visible="true" version="4" changeset="155692555" timestamp="2024-08-24T11:59:53Z" user="VlIvYur" uid="345975" lat="40.2042116" lon="44.4984227"/>
 <node id="1327798201" visible="true" version="4" changeset="155692555" timestamp="2024-08-24T11:59:53Z" user="VlIvYur" uid="345975" lat="40.2048424" lon="44.4979903"/>
 <node id="1327798208" visible="true" version="6" changeset="152577141" timestamp="2024-06-12T08:57:19Z" user="Noktoborus" uid="540529" lat="40.2013942" lon="44.4962694"/>
 <node id="1327798213" visible="true" version="2" changeset="152706663" timestamp="2024-06-15T05:59:18Z" user="Noktoborus" uid="540529" lat="40.2019695" lon="44.4975148"/>
 <node id="1327798225" visible="true" version="5" changeset="143581500" timestamp="2023-11-03T16:03:15Z" user="Noktoborus" uid="540529" lat="40.2044049" lon="44.4969577"/>
 <node id="1327798273" visible="true" version="6" changeset="51014219" timestamp="2017-08-10T20:21:51Z" user="aslanosm" uid="2985213" lat="40.2013770" lon="44.4960821"/>
 <node id="1327798284" visible="true" version="4" changeset="152746278" timestamp="2024-06-16T06:16:34Z" user="Noktoborus" uid="540529" lat="40.2019163" lon="44.4991200"/>
 <node id="1327798303" visible="true" version="4" changeset="155692555" timestamp="2024-08-24T11:59:53Z" user="VlIvYur" uid="345975" lat="40.2041947" lon="44.4986678"/>
 <node id="1327798327" visible="true" version="2" changeset="152706663" timestamp="2024-06-15T05:59:18Z" user="Noktoborus" uid="540529" lat="40.2020601" lon="44.4974827"/>
 <node id="1327798403" visible="true" version="6" changeset="51014219" timestamp="2017-08-10T20:21:51Z" user="aslanosm" uid="2985213" lat="40.2014342" lon="44.4962254"/>
 <node id="1327798409" visible="true" version="2" changeset="152706663" timestamp="2024-06-15T05:59:18Z" user="Noktoborus" uid="540529" lat="40.2020352" lon="44.4974680"/>
 <node id="1327798420" visible="true" version="3" changeset="152746278" timestamp="2024-06-16T06:16:34Z" user="Noktoborus" uid="540529" lat="40.2018468" lon="44.4989547"/>
 <node id="1327798438" visible="true" version="4" changeset="155692555" timestamp="2024-08-24T11:59:53Z" user="VlIvYur" uid="345975" lat="40.2040665" lon="44.4983471"/>
 <node id="1327798445" visible="true" version="6" changeset="152577141" timestamp="2024-06-12T08:57:19Z" user="Noktoborus" uid="540529" lat="40.2016177" lon="44.4963585"/>
 <node id="1327798465" visible="true" version="2" changeset="152706663" timestamp="2024-06-15T05:59:18Z" user="Noktoborus" uid="540529" lat="40.2021494" lon="44.4976853"/>
 <node id="1327798502" visible="true" version="6" changeset="51014219" timestamp="2017-08-10T20:21:51Z" user="aslanosm" uid="2985213" lat="40.2011427" lon="44.4964248"/>
 <node id="1327798558" visible="true" version="6" changeset="152577141" timestamp="2024-06-12T08:57:19Z" user="Noktoborus" uid="540529" lat="40.2014707" lon="44.4964597"/>
 <node id="1327798617" visible="true" version="2" changeset="152706663" timestamp="2024-06-15T05:59:18Z" user="Noktoborus" uid="540529" lat="40.2020448" lon="44.4974679"/>
 <node id="1327798635" visible="true" version="2" changeset="152706663" timestamp="2024-06-15T05:59:18Z" user="Noktoborus" uid="540529" lat="40.2020533" lon="44.4974732"/>
 <node id="1327798636" visible="true" version="5" changeset="143581500" timestamp="2023-11-03T16:03:15Z" user="Noktoborus" uid="540529" lat="40.2045012" lon="44.4968976"/>
 <node id="1327798646" visible="true" version="2" changeset="152726753" timestamp="2024-06-15T15:32:30Z" user="Noktoborus" uid="540529" lat="40.2022812" lon="44.4988578"/>
 <node id="1327798701" visible="true" version="3" changeset="152746278" timestamp="2024-06-16T06:16:34Z" user="Noktoborus" uid="540529" lat="40.2017053" lon="44.4992720"/>
 <node id="1327798716" visible="true" version="4" changeset="155692555" timestamp="2024-08-24T11:59:53Z" user="VlIvYur" uid="345975" lat="40.2042849" lon="44.4986060"/>
 <node id="1327798758" visible="true" version="2" changeset="152726753" timestamp="2024-06-15T15:32:30Z" user="Noktoborus" uid="540529" lat="40.2022122" lon="44.4986928"/>
 <node id="1327798779" visible="true" version="4" changeset="155692555" timestamp="2024-08-24T11:59:53Z" user="VlIvYur" uid="345975" lat="40.2047875" lon="44.4978529"/>
 <node id="1327798791" visible="true" version="6" changeset="152577141" timestamp="2024-06-12T08:57:19Z" user="Noktoborus" uid="540529" lat="40.2015412" lon="44.4961682"/>
 <node id="1327798803" visible="true" version="4" changeset="51014219" timestamp="2017-08-10T20:21:52Z" user="aslanosm" uid="2985213" lat="40.2014720" lon="44.4959808"/>
 <node id="1327798815" visible="true" version="3" changeset="152746278" timestamp="2024-06-16T06:16:34Z" user="Noktoborus" uid="540529" lat="40.2016358" lon="44.4991066"/>
 <node id="1327798858" visible="true" version="2" changeset="152706663" timestamp="2024-06-15T05:59:18Z" user="Noktoborus" uid="540529" lat="40.2020233" lon="44.4974765"/>
 <node id="1327798870" visible="true" version="2" changeset="152706663" timestamp="2024-06-15T05:59:18Z" user="Noktoborus" uid="540529" lat="40.2020726" lon="44.4975132"/>
 <node id="1327798920" visible="true" version="6" changeset="51014219" timestamp="2017-08-10T20:21:51Z" user="aslanosm" uid="2985213" lat="40.2010855" lon="44.4962815"/>
 <node id="1327864647" visible="true" version="2" changeset="160565500" timestamp="2024-12-24T08:05:47Z" user="Данил Мошарев" uid="10374805" lat="40.2028683" lon="44.4996539"/>
 <node id="1327864648" visible="true" version="2" changeset="160565500" timestamp="2024-12-24T08:05:47Z" user="Данил Мошарев" uid="10374805" lat="40.2028424" lon="44.4996719"/>
 <node id="1327864651" visible="true" version="2" changeset="152706663" timestamp="2024-06-15T05:59:18Z" user="Noktoborus" uid="540529" lat="40.2020631" lon="44.4977478"/>
 <node id="1327864652" visible="true" version="8" changeset="152735155" timestamp="2024-06-15T19:18:51Z" user="Noktoborus" uid="540529" lat="40.2038761" lon="44.4980577"/>
 <node id="1327864653" visible="true" version="5" changeset="155692555" timestamp="2024-08-24T11:59:53Z" user="VlIvYur" uid="345975" lat="40.2048146" lon="44.5002343"/>
 <node id="1342533394" visible="true" version="1" changeset="8574334" timestamp="2011-06-28T19:08:00Z" user="Xelgen" uid="49319" lat="40.2012073" lon="44.4979640"/>
 <node id="1342533418" visible="true" version="1" changeset="8574334" timestamp="2011-06-28T19:08:01Z" user="Xelgen" uid="49319" lat="40.2012123" lon="44.4974698"/>
 <node id="1342533424" visible="true" version="1" changeset="8574334" timestamp="2011-06-28T19:08:01Z" user="Xelgen" uid="49319" lat="40.2011728" lon="44.4971641"/>
 <node id="1342533452" visible="true" version="1" changeset="8574334" timestamp="2011-06-28T19:08:01Z" user="Xelgen" uid="49319" lat="40.2012028" lon="44.4978059"/>
 <node id="1342533454" visible="true" version="1" changeset="8574334" timestamp="2011-06-28T19:08:01Z" user="Xelgen" uid="49319" lat="40.2011046" lon="44.4977171"/>
 <node id="1342533456" visible="true" version="1" changeset="8574334" timestamp="2011-06-28T19:08:01Z" user="Xelgen" uid="49319" lat="40.2009650" lon="44.4973897"/>
 <node id="1342533458" visible="true" version="1" changeset="8574334" timestamp="2011-06-28T19:08:01Z" user="Xelgen" uid="49319" lat="40.2014326" lon="44.4977281"/>
 <node id="1342533476" visible="true" version="1" changeset="8574334" timestamp="2011-06-28T19:08:02Z" user="Xelgen" uid="49319" lat="40.2012177" lon="44.4974661"/>
 <node id="1342533494" visible="true" version="1" changeset="8574334" timestamp="2011-06-28T19:08:02Z" user="Xelgen" uid="49319" lat="40.2010494" lon="44.4975795"/>
 <node id="1342533499" visible="true" version="1" changeset="8574334" timestamp="2011-06-28T19:08:02Z" user="Xelgen" uid="49319" lat="40.2012837" lon="44.4977502"/>
 <node id="1342533520" visible="true" version="1" changeset="8574334" timestamp="2011-06-28T19:08:03Z" user="Xelgen" uid="49319" lat="40.2012730" lon="44.4976038"/>
 <node id="1342533524" visible="true" version="1" changeset="8574334" timestamp="2011-06-28T19:08:03Z" user="Xelgen" uid="49319" lat="40.2014050" lon="44.4976593"/>
 <node id="1342533538" visible="true" version="1" changeset="8574334" timestamp="2011-06-28T19:08:03Z" user="Xelgen" uid="49319" lat="40.2011818" lon="44.4974884"/>
 <node id="1342533541" visible="true" version="1" changeset="8574334" timestamp="2011-06-28T19:08:03Z" user="Xelgen" uid="49319" lat="40.2012346" lon="44.4976277"/>
 <node id="1342533558" visible="true" version="1" changeset="8574334" timestamp="2011-06-28T19:08:03Z" user="Xelgen" uid="49319" lat="40.2014641" lon="44.4977064"/>
 <node id="1342533567" visible="true" version="1" changeset="8574334" timestamp="2011-06-28T19:08:03Z" user="Xelgen" uid="49319" lat="40.2012657" lon="44.4976088"/>
 <node id="1342533580" visible="true" version="1" changeset="8574334" timestamp="2011-06-28T19:08:04Z" user="Xelgen" uid="49319" lat="40.2014895" lon="44.4977698"/>
 <node id="1342533601" visible="true" version="1" changeset="8574334" timestamp="2011-06-28T19:08:04Z" user="Xelgen" uid="49319" lat="40.2011329" lon="44.4973667"/>
 <node id="1342533604" visible="true" version="1" changeset="8574334" timestamp="2011-06-28T19:08:04Z" user="Xelgen" uid="49319" lat="40.2011977" lon="44.4972260"/>
 <node id="1342533629" visible="true" version="1" changeset="8574334" timestamp="2011-06-28T19:08:05Z" user="Xelgen" uid="49319" lat="40.2013117" lon="44.4977235"/>
 <node id="1342533647" visible="true" version="1" changeset="8574334" timestamp="2011-06-28T19:08:05Z" user="Xelgen" uid="49319" lat="40.2009941" lon="44.4974622"/>
 <node id="1342533652" visible="true" version="1" changeset="8574334" timestamp="2011-06-28T19:08:05Z" user="Xelgen" uid="49319" lat="40.2012740" lon="44.4972750"/>
 <node id="1342533655" visible="true" version="1" changeset="8574334" timestamp="2011-06-28T19:08:05Z" user="Xelgen" uid="49319" lat="40.2012421" lon="44.4971955"/>
 <node id="1342533689" visible="true" version="1" changeset="8574334" timestamp="2011-06-28T19:08:06Z" user="Xelgen" uid="49319" lat="40.2011820" lon="44.4979012"/>
 <node id="1342533691" visible="true" version="1" changeset="8574334" timestamp="2011-06-28T19:08:06Z" user="Xelgen" uid="49319" lat="40.2010154" lon="44.4973550"/>
 <node id="1342533700" visible="true" version="1" changeset="8574334" timestamp="2011-06-28T19:08:06Z" user="Xelgen" uid="49319" lat="40.2009894" lon="44.4972903"/>
 <node id="1342533711" visible="true" version="1" changeset="8574334" timestamp="2011-06-28T19:08:07Z" user="Xelgen" uid="49319" lat="40.2011644" lon="44.4973504"/>
 <node id="1342533720" visible="true" version="1" changeset="8574334" timestamp="2011-06-28T19:08:07Z" user="Xelgen" uid="49319" lat="40.2012283" lon="44.4978693"/>
 <node id="1342646263" visible="true" version="12" changeset="143247018" timestamp="2023-10-28T08:00:10Z" user="sikmir" uid="373425" lat="40.2042534" lon="44.5020106">
  <tag k="button_operated" v="no"/>
  <tag k="crossing" v="traffic_signals"/>
  <tag k="crossing_ref" v="zebra"/>
  <tag k="highway" v="crossing"/>
  <tag k="traffic_signals:sound" v="no"/>
  <tag k="traffic_signals:vibration" v="no"/>
 </node>
 <node id="1360164269" visible="true" version="3" changeset="38802966" timestamp="2016-04-23T00:14:37Z" user="Xelgen" uid="49319" lat="40.2033379" lon="44.4963445">
  <tag k="amenity" v="drinking_water"/>
 </node>
 <node id="1851148145" visible="true" version="12" changeset="174218094" timestamp="2025-11-05T00:22:11Z" user="Greg91" uid="1704044" lat="40.2043175" lon="44.5021755"/>
 <node id="2281257343" visible="true" version="2" changeset="28608411" timestamp="2015-02-04T11:11:03Z" user="DrDimedrol" uid="248521" lat="40.2043315" lon="44.4991953"/>
 <node id="2441302972" visible="true" version="2" changeset="45621048" timestamp="2017-01-29T13:59:16Z" user="aslanosm" uid="2985213" lat="40.2008388" lon="44.4972404"/>
 <node id="2441302973" visible="true" version="2" changeset="152577141" timestamp="2024-06-12T08:57:19Z" user="Noktoborus" uid="540529" lat="40.2012974" lon="44.4969154"/>
 <node id="2441302975" visible="true" version="3" changeset="152577141" timestamp="2024-06-12T08:57:19Z" user="Noktoborus" uid="540529" lat="40.2011958" lon="44.4966866"/>
 <node id="2441302978" visible="true" version="3" changeset="45620897" timestamp="2017-01-29T13:52:44Z" user="aslanosm" uid="2985213" lat="40.2015602" lon="44.4986138"/>
 <node id="2441302980" visible="true" version="2" changeset="152554441" timestamp="2024-06-11T17:39:13Z" user="Noktoborus" uid="540529" lat="40.2016671" lon="44.4988468"/>
 <node id="2912634528" visible="true" version="16" changeset="159304593" timestamp="2024-11-18T23:40:59Z" user="VlIvYur" uid="345975" lat="40.2026415" lon="44.4987888">
  <tag k="button_operated" v="no"/>
  <tag k="crossing" v="traffic_signals"/>
  <tag k="crossing:island" v="no"/>
  <tag k="highway" v="crossing"/>
  <tag k="traffic_signals:sound" v="no"/>
  <tag k="traffic_signals:vibration" v="no"/>
 </node>
 <node id="2912634529" visible="true" version="15" changeset="159304593" timestamp="2024-11-18T23:40:59Z" user="VlIvYur" uid="345975" lat="40.2027994" lon="44.4984513">
  <tag k="button_operated" v="no"/>
  <tag k="crossing" v="traffic_signals"/>
  <tag k="crossing:island" v="no"/>
  <tag k="highway" v="crossing"/>
  <tag k="traffic_signals:sound" v="no"/>
  <tag k="traffic_signals:vibration" v="no"/>
 </node>
 <node id="2912634530" visible="true" version="14" changeset="159304593" timestamp="2024-11-18T23:40:59Z" user="VlIvYur" uid="345975" lat="40.2029604" lon="44.4988416">
  <tag k="button_operated" v="no"/>
  <tag k="crossing" v="traffic_signals"/>
  <tag k="crossing:island" v="no"/>
  <tag k="highway" v="crossing"/>
  <tag k="traffic_signals:sound" v="no"/>
  <tag k="traffic_signals:vibration" v="no"/>
 </node>
 <node id="2912634531" visible="true" version="19" changeset="159304593" timestamp="2024-11-18T23:40:59Z" user="VlIvYur" uid="345975" lat="40.2029784" lon="44.4985544">
  <tag k="button_operated" v="no"/>
  <tag k="crossing" v="traffic_signals"/>
  <tag k="crossing:island" v="no"/>
  <tag k="highway" v="crossing"/>
  <tag k="traffic_signals:sound" v="no"/>
  <tag k="traffic_signals:vibration" v="no"/>
 </node>
 <node id="2912656000" visible="true" version="10" changeset="142982415" timestamp="2023-10-22T19:19:11Z" user="Noktoborus" uid="540529" lat="40.2016152" lon="44.4955280">
  <tag k="button_operated" v="no"/>
  <tag k="crossing" v="traffic_signals"/>
  <tag k="crossing_ref" v="zebra"/>
  <tag k="highway" v="crossing"/>
  <tag k="traffic_signals:sound" v="no"/>
 </node>
 <node id="3139477726" visible="true" version="4" changeset="61310352" timestamp="2018-08-02T21:05:29Z" user="DulyNoded" uid="8392703" lat="40.2003916" lon="44.4958622"/>
 <node id="3415473224" visible="true" version="15" changeset="148193137" timestamp="2024-03-04T07:40:53Z" user="Vasak87" uid="2564602" lat="40.2018539" lon="44.4995890">
  <tag k="addr:city" v="Երևան"/>
  <tag k="addr:country" v="AM"/>
  <tag k="addr:district" v="Արաբկիր"/>
  <tag k="addr:housenumber" v="20"/>
  <tag k="addr:region" v="Երևան"/>
  <tag k="addr:street" v="Վաղարշ Վաղարշյան փողոց"/>
  <tag k="amenity" v="atm"/>
  <tag k="brand" v="Կոնվերս Բանկ"/>
  <tag k="brand:en" v="Converse Bank"/>
  <tag k="brand:hy" v="Կոնվերս Բանկ"/>
  <tag k="brand:ru" v="Конверс Банк"/>
  <tag k="brand:wikidata" v="Q116032580"/>
  <tag k="cash_in" v="no"/>
  <tag k="contact:facebook" v="conversebank"/>
  <tag k="currency:AMD" v="yes"/>
  <tag k="email" v="info@conversebank.am"/>
  <tag k="indoor" v="no"/>
  <tag k="name" v="Կոնվերս Բանկ"/>
  <tag k="name:en" v="Converse Bank"/>
  <tag k="name:hy" v="Կոնվերս Բանկ"/>
  <tag k="name:ru" v="Конверс Банк"/>
  <tag k="operator" v="Կոնվերս Բանկ"/>
  <tag k="operator:en" v="Converse Bank"/>
  <tag k="operator:hy" v="Կոնվերս Բանկ"/>
  <tag k="operator:ru" v="Конверс Банк"/>
  <tag k="operator:wikidata" v="Q116032580"/>
  <tag k="phone" v="+374 10 51 12 11"/>
  <tag k="website" v="https://www.conversebank.am/"/>
 </node>
 <node id="3415473225" visible="true" version="2" changeset="87218324" timestamp="2020-06-27T05:41:56Z" user="aslanosm" uid="2985213" lat="40.2019583" lon="44.4991303">
  <tag k="name" v="&quot;Safari&quot;"/>
  <tag k="shop" v="outdoor"/>
 </node>
 <node id="3415474024" visible="true" version="1" changeset="29697152" timestamp="2015-03-24T06:43:17Z" user="DrDimedrol" uid="248521" lat="40.2018430" lon="44.5000263">
  <tag k="amenity" v="car_wash"/>
 </node>
 <node id="3558021972" visible="true" version="3" changeset="45359226" timestamp="2017-01-21T21:53:37Z" user="aslanosm" uid="2985213" lat="40.2019129" lon="44.4953662"/>
 <node id="3558021975" visible="true" version="3" changeset="68283806" timestamp="2019-03-19T07:25:23Z" user="aslanosm" uid="2985213" lat="40.2020425" lon="44.4947000"/>
 <node id="3558021977" visible="true" version="4" changeset="76366991" timestamp="2019-10-29T21:58:02Z" user="BigPastaDinner" uid="9202957" lat="40.2021945" lon="44.4950785"/>
 <node id="3558021979" visible="true" version="3" changeset="76366991" timestamp="2019-10-29T21:58:02Z" user="BigPastaDinner" uid="9202957" lat="40.2022442" lon="44.4961976"/>
 <node id="3629528694" visible="true" version="5" changeset="141438672" timestamp="2023-09-18T19:12:59Z" user="VlIvYur" uid="345975" lat="40.2037758" lon="44.4977426">
  <tag k="addr:city" v="Երևան"/>
  <tag k="addr:country" v="AM"/>
  <tag k="addr:housenumber" v="19"/>
  <tag k="addr:postcode" v="0012"/>
  <tag k="addr:street" v="Վաղարշ Վաղարշյան փողոց"/>
  <tag k="check_date" v="2015-07-01"/>
  <tag k="name" v="The Mask"/>
  <tag k="opening_hours" v="10:00-22:00"/>
  <tag k="operator" v="Karlen"/>
  <tag k="phone" v="+37460755455"/>
  <tag k="shop" v="tattoo"/>
 </node>
 <node id="3824795268" visible="true" version="12" changeset="143439204" timestamp="2023-10-31T19:24:17Z" user="Arthur Ter-Grigoryan" uid="3013708" lat="40.2014894" lon="44.4956223">
  <tag k="button_operated" v="no"/>
  <tag k="crossing" v="traffic_signals"/>
  <tag k="crossing_ref" v="zebra"/>
  <tag k="highway" v="crossing"/>
  <tag k="traffic_signals:sound" v="no"/>
  <tag k="traffic_signals:vibration" v="no"/>
 </node>
 <node id="3824795269" visible="true" version="9" changeset="142982415" timestamp="2023-10-22T19:19:11Z" user="Noktoborus" uid="540529" lat="40.2013258" lon="44.4952244"/>
 <node id="3824795276" visible="true" version="7" changeset="152577141" timestamp="2024-06-12T08:57:19Z" user="Noktoborus" uid="540529" lat="40.2017530" lon="44.4962827"/>
 <node id="3824795277" visible="true" version="18" changeset="159304593" timestamp="2024-11-18T23:40:59Z" user="VlIvYur" uid="345975" lat="40.2026806" lon="44.4985349">
  <tag k="button_operated" v="no"/>
  <tag k="crossing" v="traffic_signals"/>
  <tag k="crossing:island" v="no"/>
  <tag k="highway" v="crossing"/>
  <tag k="traffic_signals:sound" v="no"/>
  <tag k="traffic_signals:vibration" v="no"/>
 </node>
 <node id="3824803073" visible="true" version="17" changeset="159304593" timestamp="2024-11-18T23:40:59Z" user="VlIvYur" uid="345975" lat="40.2027531" lon="44.4987112"/>
 <node id="3824803074" visible="true" version="14" changeset="159304593" timestamp="2024-11-18T23:40:59Z" user="VlIvYur" uid="345975" lat="40.2028405" lon="44.4989239">
  <tag k="button_operated" v="no"/>
  <tag k="crossing" v="traffic_signals"/>
  <tag k="crossing:island" v="no"/>
  <tag k="highway" v="crossing"/>
  <tag k="traffic_signals:sound" v="no"/>
  <tag k="traffic_signals:vibration" v="no"/>
 </node>
 <node id="3824803076" visible="true" version="8" changeset="160565500" timestamp="2024-12-24T08:05:47Z" user="Данил Мошарев" uid="10374805" lat="40.2031925" lon="44.4997908"/>
 <node id="3824803077" visible="true" version="16" changeset="143247018" timestamp="2023-10-28T08:00:10Z" user="sikmir" uid="373425" lat="40.2041321" lon="44.5020964">
  <tag k="button_operated" v="no"/>
  <tag k="crossing" v="traffic_signals"/>
  <tag k="crossing_ref" v="zebra"/>
  <tag k="highway" v="crossing"/>
  <tag k="traffic_signals:sound" v="no"/>
  <tag k="traffic_signals:vibration" v="no"/>
 </node>
 <node id="3824852657" visible="true" version="22" changeset="174218094" timestamp="2025-11-05T00:22:11Z" user="Greg91" uid="1704044" lat="40.2041976" lon="44.5022590"/>
 <node id="4110312756" visible="true" version="1" changeset="38439101" timestamp="2016-04-09T21:38:28Z" user="DJ_Zero" uid="3803411" lat="40.2041873" lon="44.4972772">
  <tag k="amenity" v="car_wash"/>
 </node>
 <node id="4110312757" visible="true" version="1" changeset="38439101" timestamp="2016-04-09T21:38:28Z" user="DJ_Zero" uid="3803411" lat="40.2041412" lon="44.4973107">
  <tag k="shop" v="car_repair"/>
 </node>
 <node id="4110471758" visible="true" version="4" changeset="149242182" timestamp="2024-03-27T20:25:31Z" user="VlIvYur" uid="345975" lat="40.2011253" lon="44.5010425"/>
 <node id="4110482201" visible="true" version="7" changeset="165124351" timestamp="2025-04-18T17:49:33Z" user="Kandratt" uid="17793573" lat="40.2027270" lon="44.4980539">
  <tag k="bench" v="yes"/>
  <tag k="bin" v="yes"/>
  <tag k="bus" v="yes"/>
  <tag k="highway" v="bus_stop"/>
  <tag k="lit" v="no"/>
  <tag k="name" v="Կոմիտաս / Վաղարշյան"/>
  <tag k="name:en" v="Komitas / Vagharshyan"/>
  <tag k="name:hy" v="Կոմիտաս / Վաղարշյան"/>
  <tag k="name:ru" v="Комитас / Вагаршян"/>
  <tag k="public_transport" v="platform"/>
  <tag k="shelter" v="yes"/>
  <tag k="trolleybus" v="yes"/>
 </node>
 <node id="4141883361" visible="true" version="7" changeset="152577141" timestamp="2024-06-12T08:57:19Z" user="Noktoborus" uid="540529" lat="40.2022483" lon="44.4974803"/>
 <node id="4269450597" visible="true" version="4" changeset="142836576" timestamp="2023-10-19T20:58:18Z" user="b-jazz-bot" uid="9451067" lat="40.2037468" lon="44.4983326">
  <tag k="amenity" v="school"/>
  <tag k="email" v="aavetisyan@aikikai.am"/>
  <tag k="name" v="Արեվելյան մարտարվեստների դպրոց"/>
  <tag k="name:en" v="School of Oriental Martial Arts"/>
  <tag k="name:hy" v="Արեվելյան մարտարվեստների դպրոց"/>
  <tag k="name:ru" v="Школа восточных боевых искусств"/>
  <tag k="opening_hours" v="Mo-Sa 10:00-22:00"/>
  <tag k="operator" v="Armen Avetisyan"/>
  <tag k="phone" v="+374 91 42 41 89"/>
  <tag k="website" v="https://aikikai.am/"/>
 </node>
 <node id="4332702093" visible="true" version="6" changeset="88487822" timestamp="2020-07-25T07:33:19Z" user="sur111" uid="1879593" lat="40.2014986" lon="44.4998650">
  <tag k="email" v="alfarealtyarmenia@yahoo.com"/>
  <tag k="name" v="&quot;Alpha Realty&quot; Real Estate Agency"/>
  <tag k="name:en" v="&quot;Alpha Realty&quot; Real Estate Agency"/>
  <tag k="office" v="estate_agent"/>
  <tag k="opening_hours" v="Mo-Su 10:00-07:00"/>
  <tag k="phone" v="+374 93 93 93 20,+374 91 91 91 36"/>
  <tag k="website" v="http://www.alfarealty.am"/>
 </node>
 <node id="4377441658" visible="true" version="2" changeset="143315224" timestamp="2023-10-29T14:40:51Z" user="Arthur Ter-Grigoryan" uid="3013708" lat="40.2022376" lon="44.4993147">
  <tag k="disused:shop" v="yes"/>
 </node>
 <node id="4377442386" visible="true" version="8" changeset="149872790" timestamp="2024-04-11T16:24:34Z" user="batyrmastyr" uid="5735399" lat="40.2026493" lon="44.4991121">
  <tag k="check_date" v="2024-04-11"/>
  <tag k="name" v="24/7"/>
  <tag k="opening_hours" v="24/7"/>
  <tag k="payment:credit_cards" v="yes"/>
  <tag k="payment:debit_cards" v="yes"/>
  <tag k="shop" v="convenience"/>
  <tag k="wheelchair" v="no"/>
 </node>
 <node id="4377609635" visible="true" version="4" changeset="156939055" timestamp="2024-09-22T09:31:56Z" user="smallq" uid="8113635" lat="40.2025682" lon="44.4991916">
  <tag k="amenity" v="pharmacy"/>
  <tag k="check_date" v="2024-09-22"/>
  <tag k="check_date:opening_hours" v="2024-09-22"/>
  <tag k="name:signed" v="no"/>
  <tag k="opening_hours:signed" v="no"/>
 </node>
 <node id="4377609766" visible="true" version="7" changeset="160883080" timestamp="2025-01-01T19:49:02Z" user="Данил Мошарев" uid="10374805" lat="40.2026419" lon="44.4990192">
  <tag k="check_date" v="2024-09-22"/>
  <tag k="check_date:opening_hours" v="2024-09-22"/>
  <tag k="indoor_seating" v="no"/>
  <tag k="name" v="Горячий хлеб"/>
  <tag k="name:en" v="Hot bread"/>
  <tag k="name:hy" v="Տաք հաց"/>
  <tag k="opening_hours:signed" v="no"/>
  <tag k="outdoor_seating" v="no"/>
  <tag k="shop" v="bakery"/>
  <tag k="takeaway" v="only"/>
 </node>
 <node id="4399321800" visible="true" version="2" changeset="117665567" timestamp="2022-02-21T06:59:53Z" user="Vasak87" uid="2564602" lat="40.2019217" lon="44.4997430">
  <tag k="name" v="Ավտոտեխսպասարկում"/>
  <tag k="name:en" v="Car service"/>
  <tag k="name:hy" v="Ավտոտեխսպասարկում"/>
  <tag k="name:ru" v="Автосервис"/>
  <tag k="shop" v="car_repair"/>
 </node>
 <node id="4422281297" visible="true" version="3" changeset="139675526" timestamp="2023-08-09T19:35:55Z" user="Grass-snake" uid="11321493" lat="40.2041068" lon="44.4974807">
  <tag k="name:hy" v="Փունջ"/>
  <tag k="shop" v="alcohol"/>
 </node>
 <node id="4462177790" visible="true" version="3" changeset="141311819" timestamp="2023-09-15T16:52:55Z" user="SMkrtich" uid="10984999" lat="40.2013398" lon="44.5011602">
  <tag k="addr:city" v="Երևան"/>
  <tag k="addr:country" v="AM"/>
  <tag k="addr:housenumber" v="19/39"/>
  <tag k="addr:postcode" v="0012"/>
  <tag k="addr:street" v="Հրաչյա Քոչար փողոց"/>
  <tag k="name" v="Լինք Ավիա"/>
  <tag k="name:en" v="Link Avia"/>
  <tag k="name:hy" v="Լինք Ավիա"/>
  <tag k="name:ru" v="Линк Авиа"/>
  <tag k="opening_hours" v="Mo-Fr 09:30-19:00; Sa 09:30-18:30"/>
  <tag k="phone" v="+374 10 32 06 08"/>
  <tag k="shop" v="travel_agency"/>
 </node>
 <node id="4609461189" visible="true" version="5" changeset="153461887" timestamp="2024-07-02T15:01:45Z" user="Noktoborus" uid="540529" lat="40.2022352" lon="44.4966460">
  <tag k="alt_name" v="Kentucky Fried Chicken"/>
  <tag k="amenity" v="fast_food"/>
  <tag k="brand" v="KFC"/>
  <tag k="brand:wikidata" v="Q524757"/>
  <tag k="check_date" v="2024-04-14"/>
  <tag k="cuisine" v="chicken"/>
  <tag k="name" v="KFC"/>
  <tag k="name:en" v="KFC"/>
  <tag k="takeaway" v="yes"/>
 </node>
 <node id="4622570051" visible="true" version="1" changeset="45358895" timestamp="2017-01-21T21:29:55Z" user="aslanosm" uid="2985213" lat="40.2010852" lon="44.4970640"/>
 <node id="4622570055" visible="true" version="2" changeset="153600274" timestamp="2024-07-05T18:35:18Z" user="Noktoborus" uid="540529" lat="40.2005129" lon="44.4961850"/>
 <node id="4622570059" visible="true" version="2" changeset="152577141" timestamp="2024-06-12T08:57:19Z" user="Noktoborus" uid="540529" lat="40.2014039" lon="44.4971797"/>
 <node id="4622570060" visible="true" version="4" changeset="152726753" timestamp="2024-06-15T15:32:30Z" user="Noktoborus" uid="540529" lat="40.2019380" lon="44.4985224"/>
 <node id="4622570061" visible="true" version="2" changeset="152577141" timestamp="2024-06-12T08:57:19Z" user="Noktoborus" uid="540529" lat="40.2016600" lon="44.4970025"/>
 <node id="4622570062" visible="true" version="3" changeset="152577141" timestamp="2024-06-12T08:57:19Z" user="Noktoborus" uid="540529" lat="40.2017964" lon="44.4973373"/>
 <node id="4622570063" visible="true" version="2" changeset="152577141" timestamp="2024-06-12T08:57:19Z" user="Noktoborus" uid="540529" lat="40.2015407" lon="44.4975193"/>
 <node id="4622570064" visible="true" version="2" changeset="152577141" timestamp="2024-06-12T08:57:19Z" user="Noktoborus" uid="540529" lat="40.2021861" lon="44.4983539"/>
 <node id="4622570065" visible="true" version="9" changeset="152734995" timestamp="2024-06-15T19:14:01Z" user="Noktoborus" uid="540529" lat="40.2024317" lon="44.4989394"/>
 <node id="4622570066" visible="true" version="4" changeset="152577141" timestamp="2024-06-12T08:57:19Z" user="Noktoborus" uid="540529" lat="40.2012831" lon="44.4969720"/>
 <node id="4622594002" visible="true" version="2" changeset="50997424" timestamp="2017-08-10T10:41:26Z" user="aslanosm" uid="2985213" lat="40.2020827" lon="44.4949007"/>
 <node id="4622594003" visible="true" version="2" changeset="50997424" timestamp="2017-08-10T10:41:26Z" user="aslanosm" uid="2985213" lat="40.2021400" lon="44.4950396"/>
 <node id="4622594006" visible="true" version="1" changeset="45359226" timestamp="2017-01-21T21:53:36Z" user="aslanosm" uid="2985213" lat="40.2036652" lon="44.4951104"/>
 <node id="4622594007" visible="true" version="1" changeset="45359226" timestamp="2017-01-21T21:53:36Z" user="aslanosm" uid="2985213" lat="40.2041609" lon="44.4963630"/>
 <node id="4622594008" visible="true" version="1" changeset="45359226" timestamp="2017-01-21T21:53:36Z" user="aslanosm" uid="2985213" lat="40.2033681" lon="44.4943755"/>
 <node id="4622616673" visible="true" version="2" changeset="155692555" timestamp="2024-08-24T11:59:53Z" user="VlIvYur" uid="345975" lat="40.2040886" lon="44.5016176"/>
 <node id="4622616675" visible="true" version="2" changeset="155692555" timestamp="2024-08-24T11:59:53Z" user="VlIvYur" uid="345975" lat="40.2043666" lon="44.5014370"/>
 <node id="4622616676" visible="true" version="2" changeset="45359797" timestamp="2017-01-21T22:35:35Z" user="aslanosm" uid="2985213" lat="40.2038980" lon="44.5002962"/>
 <node id="4622616677" visible="true" version="2" changeset="45359797" timestamp="2017-01-21T22:35:35Z" user="aslanosm" uid="2985213" lat="40.2036325" lon="44.5004902"/>
 <node id="4623076414" visible="true" version="7" changeset="147961345" timestamp="2024-02-27T08:00:41Z" user="Vasak87" uid="2564602" lat="40.2043861" lon="44.4976028"/>
 <node id="4623076415" visible="true" version="2" changeset="76660829" timestamp="2019-11-05T17:39:19Z" user="BigPastaDinner" uid="9202957" lat="40.2042426" lon="44.4971982"/>
 <node id="4623076416" visible="true" version="2" changeset="45363857" timestamp="2017-01-22T06:27:50Z" user="aslanosm" uid="2985213" lat="40.2042186" lon="44.4971217"/>
 <node id="4623076417" visible="true" version="3" changeset="143581500" timestamp="2023-11-03T16:03:15Z" user="Noktoborus" uid="540529" lat="40.2039660" lon="44.4964481"/>
 <node id="4623076418" visible="true" version="3" changeset="143581500" timestamp="2023-11-03T16:03:15Z" user="Noktoborus" uid="540529" lat="40.2042497" lon="44.4972492"/>
 <node id="4623076419" visible="true" version="4" changeset="87218729" timestamp="2020-06-27T06:17:21Z" user="aslanosm" uid="2985213" lat="40.2045776" lon="44.4970380"/>
 <node id="4623086124" visible="true" version="2" changeset="76366991" timestamp="2019-10-29T21:58:02Z" user="BigPastaDinner" uid="9202957" lat="40.2024053" lon="44.4975001"/>
 <node id="4623086125" visible="true" version="2" changeset="76366991" timestamp="2019-10-29T21:58:02Z" user="BigPastaDinner" uid="9202957" lat="40.2030683" lon="44.4970307"/>
 <node id="4623086126" visible="true" version="3" changeset="76660510" timestamp="2019-11-05T17:32:09Z" user="BigPastaDinner" uid="9202957" lat="40.2032852" lon="44.4965080"/>
 <node id="4623086127" visible="true" version="3" changeset="143581500" timestamp="2023-11-03T16:03:15Z" user="Noktoborus" uid="540529" lat="40.2036247" lon="44.4962532"/>
 <node id="4623086128" visible="true" version="2" changeset="76366991" timestamp="2019-10-29T21:58:02Z" user="BigPastaDinner" uid="9202957" lat="40.2031840" lon="44.4967871"/>
 <node id="4623086130" visible="true" version="2" changeset="76366991" timestamp="2019-10-29T21:58:02Z" user="BigPastaDinner" uid="9202957" lat="40.2034033" lon="44.4967955"/>
 <node id="4623086131" visible="true" version="3" changeset="143581500" timestamp="2023-11-03T16:03:15Z" user="Noktoborus" uid="540529" lat="40.2036229" lon="44.4966559"/>
 <node id="4623086132" visible="true" version="2" changeset="76366991" timestamp="2019-10-29T21:58:02Z" user="BigPastaDinner" uid="9202957" lat="40.2032196" lon="44.4965565"/>
 <node id="4623086133" visible="true" version="2" changeset="76366991" timestamp="2019-10-29T21:58:02Z" user="BigPastaDinner" uid="9202957" lat="40.2032150" lon="44.4964947"/>
 <node id="4623086134" visible="true" version="2" changeset="76366991" timestamp="2019-10-29T21:58:02Z" user="BigPastaDinner" uid="9202957" lat="40.2032059" lon="44.4963880"/>
 <node id="4623086135" visible="true" version="2" changeset="76366991" timestamp="2019-10-29T21:58:02Z" user="BigPastaDinner" uid="9202957" lat="40.2031957" lon="44.4963067"/>
 <node id="4623086136" visible="true" version="1" changeset="45363857" timestamp="2017-01-22T06:27:49Z" user="aslanosm" uid="2985213" lat="40.2031826" lon="44.4962426"/>
 <node id="4623086137" visible="true" version="1" changeset="45363857" timestamp="2017-01-22T06:27:49Z" user="aslanosm" uid="2985213" lat="40.2031416" lon="44.4961380"/>
 <node id="4623086138" visible="true" version="7" changeset="147961345" timestamp="2024-02-27T08:00:41Z" user="Vasak87" uid="2564602" lat="40.2035469" lon="44.4981800"/>
 <node id="4623086139" visible="true" version="4" changeset="153926484" timestamp="2024-07-14T11:35:13Z" user="Noktoborus" uid="540529" lat="40.2033836" lon="44.4978317"/>
 <node id="4623086140" visible="true" version="2" changeset="76366991" timestamp="2019-10-29T21:58:02Z" user="BigPastaDinner" uid="9202957" lat="40.2039343" lon="44.4974524"/>
 <node id="4623086141" visible="true" version="2" changeset="143581500" timestamp="2023-11-03T16:03:15Z" user="Noktoborus" uid="540529" lat="40.2034737" lon="44.4974565"/>
 <node id="4623086142" visible="true" version="2" changeset="143581500" timestamp="2023-11-03T16:03:15Z" user="Noktoborus" uid="540529" lat="40.2035106" lon="44.4975436"/>
 <node id="4623086143" visible="true" version="2" changeset="143581500" timestamp="2023-11-03T16:03:15Z" user="Noktoborus" uid="540529" lat="40.2033579" lon="44.4976546"/>
 <node id="4623086144" visible="true" version="2" changeset="143581500" timestamp="2023-11-03T16:03:15Z" user="Noktoborus" uid="540529" lat="40.2033210" lon="44.4975675"/>
 <node id="4642015785" visible="true" version="3" changeset="152729768" timestamp="2024-06-15T16:41:19Z" user="Noktoborus" uid="540529" lat="40.2012249" lon="44.4982151"/>
 <node id="4642015786" visible="true" version="4" changeset="152811603" timestamp="2024-06-17T16:51:33Z" user="Noktoborus" uid="540529" lat="40.2006889" lon="44.4986794"/>
 <node id="4642806099" visible="true" version="9" changeset="160883080" timestamp="2025-01-01T19:49:02Z" user="Данил Мошарев" uid="10374805" lat="40.2028942" lon="44.4995160">
  <tag k="check_date" v="2024-04-11"/>
  <tag k="email" v="info@vgngroup.am"/>
  <tag k="name" v="Բուրմունք"/>
  <tag k="name:en" v="Burmunq"/>
  <tag k="name:ru" v="Бурмунк"/>
  <tag k="opening_hours" v="Mo-Sa 11:00-21:00; Su 11:00-20:00"/>
  <tag k="payment:cash" v="yes"/>
  <tag k="payment:credit_cards" v="yes"/>
  <tag k="payment:debit_cards" v="yes"/>
  <tag k="phone" v="+374 10 56 30 01"/>
  <tag k="shop" v="cosmetics"/>
  <tag k="website" v="https://www.burmunk.am"/>
  <tag k="wheelchair" v="yes"/>
 </node>
 <node id="4642827402" visible="true" version="13" changeset="158087806" timestamp="2024-10-19T12:11:58Z" user="batyrmastyr" uid="5735399" lat="40.2015666" lon="44.4962314">
  <tag k="amenity" v="atm"/>
  <tag k="brand" v="Արարատբանկ"/>
  <tag k="brand:en" v="Araratbank"/>
  <tag k="brand:hy" v="Արարատբանկ"/>
  <tag k="brand:ru" v="Араратбанк"/>
  <tag k="brand:wikidata" v="Q56000968"/>
  <tag k="cash_in" v="no"/>
  <tag k="check_date" v="2024-10-19"/>
  <tag k="contact:facebook" v="AraratBankofficial"/>
  <tag k="contact:instagram" v="araratbank"/>
  <tag k="contact:linkedin" v="araratbankojsc"/>
  <tag k="contact:skype" v="araratbank_1"/>
  <tag k="contact:telegram" v="araratbanktrading"/>
  <tag k="contact:twitter" v="araratbank_ojsc"/>
  <tag k="contact:whatsapp" v="+37498192323"/>
  <tag k="contact:youtube" v="araratbankojsc7079"/>
  <tag k="email" v="info@araratbank.am"/>
  <tag k="location" v="wall"/>
  <tag k="name:en" v="Araratbank"/>
  <tag k="name:hy" v="Արարատբանկ"/>
  <tag k="name:ru" v="Араратбанк"/>
  <tag k="opening_hours" v="24/7"/>
  <tag k="operator" v="Արարատբանկ"/>
  <tag k="operator:en" v="Araratbank"/>
  <tag k="operator:hy" v="Արարատբանկ"/>
  <tag k="operator:ref" v="02500518"/>
  <tag k="operator:ru" v="Араратбанк"/>
  <tag k="operator:wikidata" v="Q56000968"/>
  <tag k="phone" v="+374 10 592323;+374 99 983002"/>
  <tag k="website" v="https://www.araratbank.am/"/>
  <tag k="wheelchair" v="no"/>
 </node>
 <node id="4642828692" visible="true" version="5" changeset="176774967" timestamp="2026-01-03T10:05:31Z" user="VlIvYur" uid="345975" lat="40.2033234" lon="44.5006259">
  <tag k="addr:door" v="127"/>
  <tag k="amenity" v="pharmacy"/>
  <tag k="brand" v="Գեդեոն Ռիխտեր"/>
  <tag k="brand:en" v="Gedeon Rihter"/>
  <tag k="brand:hy" v="Գեդեոն Ռիխտեր"/>
  <tag k="brand:ru" v="Гедеон Рихтер"/>
  <tag k="check_date" v="2026-01-02"/>
  <tag k="contact:facebook" v="gedeon.richter.pharmacy"/>
  <tag k="contact:instagram" v="gedeon.richter.pharmacy"/>
  <tag k="email" v="online@rg-pharm.am"/>
  <tag k="healthcare" v="pharmacy"/>
  <tag k="mobile" v="+374 96 039620"/>
  <tag k="name:en" v="Gideon Richter"/>
  <tag k="opening_hours" v="Mo-Sa 08:30-24:00; Su 09:00-24:00"/>
  <tag k="operator" v="Գեդեոն Ռիխտեր"/>
  <tag k="operator:en" v="Gedeon Richter"/>
  <tag k="operator:hy" v="Գեդեոն Ռիխտեր"/>
  <tag k="operator:ref" v="02587972"/>
  <tag k="payment:cash" v="yes"/>
  <tag k="phone" v="8108 ext. 903;+374 11 818181"/>
  <tag k="website" v="https://richter.am/"/>
  <tag k="wheelchair" v="no"/>
 </node>
 <node id="4642828790" visible="true" version="5" changeset="147055337" timestamp="2024-02-04T14:08:01Z" user="batyrmastyr" uid="5735399" lat="40.2034827" lon="44.5011614">
  <tag k="amenity" v="cafe"/>
  <tag k="check_date" v="2024-02-04"/>
  <tag k="name" v="Անտառային Ձայներ"/>
  <tag k="name:en" v="Antarayin Dzayner"/>
  <tag k="name:hy" v="Անտառային Ձայներ"/>
  <tag k="name:ru" v="Antarayin Dzayner"/>
  <tag k="wheelchair" v="no"/>
 </node>
 <node id="4742798026" visible="true" version="11" changeset="147055337" timestamp="2024-02-04T14:08:01Z" user="batyrmastyr" uid="5735399" lat="40.2032745" lon="44.5005185">
  <tag k="addr:city" v="Երևան"/>
  <tag k="addr:country" v="AM"/>
  <tag k="addr:district" v="Արաբկիր"/>
  <tag k="addr:housenumber" v="26"/>
  <tag k="addr:postcode" v="0012"/>
  <tag k="addr:region" v="Երևան"/>
  <tag k="addr:street" v="Կոմիտասի պողոտա"/>
  <tag k="brand" v="Թիմ Տելեկոմ Արմենիա"/>
  <tag k="brand:en" v="Team Telecom Armenia"/>
  <tag k="brand:hy" v="Թիմ Տելեկոմ Արմենիա"/>
  <tag k="brand:ru" v="Тим Телеком Армения"/>
  <tag k="brand:wikidata" v="Q97125249"/>
  <tag k="check_date" v="2024-02-04"/>
  <tag k="email" v="pr@beeline.am"/>
  <tag k="facebook" v="https://www.facebook.com/beeline.am/"/>
  <tag k="name" v="Թիմ Տելեկոմ Արմենիա"/>
  <tag k="name:en" v="Team Telecom Armenia"/>
  <tag k="name:hy" v="Թիմ Տելեկոմ Արմենիա"/>
  <tag k="name:ru" v="Тим Телеком Армения"/>
  <tag k="office" v="telecommunication"/>
  <tag k="opening_hours" v="Mo-Fr 09:00-18:00"/>
  <tag k="operator" v="Team"/>
  <tag k="phone" v="+397 43 03 30 33"/>
  <tag k="website" v="https://www.telecomarmenia.am"/>
  <tag k="wheelchair" v="yes"/>
 </node>
 <node id="4742818242" visible="true" version="5" changeset="141311819" timestamp="2023-09-15T16:52:55Z" user="SMkrtich" uid="10984999" lat="40.2021726" lon="44.4965171">
  <tag k="addr:city" v="Երևան"/>
  <tag k="addr:country" v="AM"/>
  <tag k="addr:housenumber" v="5/2"/>
  <tag k="addr:postcode" v="0012"/>
  <tag k="addr:street" v="Կոմիտասի պողոտա"/>
  <tag k="name" v="Rosgosstrakh Armenia"/>
  <tag k="office" v="insurance"/>
  <tag k="opening_hours" v="Mo-Fr 10:00-19:00; Sa 10:00-17:00"/>
  <tag k="phone" v="+374 60 65 11 10"/>
 </node>
 <node id="4742818243" visible="true" version="4" changeset="142982415" timestamp="2023-10-22T19:19:11Z" user="Noktoborus" uid="540529" lat="40.2014405" lon="44.4951332"/>
 <node id="4746691326" visible="true" version="2" changeset="136764223" timestamp="2023-05-30T21:36:51Z" user="SMkrtich" uid="10984999" lat="40.2025291" lon="44.4986910">
  <tag k="addr:city" v="Երևան"/>
  <tag k="addr:country" v="AM"/>
  <tag k="addr:district" v="Արաբկիր"/>
  <tag k="addr:region" v="Երևան"/>
  <tag k="name" v="Սալի"/>
  <tag k="name:en" v="SALI"/>
  <tag k="name:hy" v="Սալի"/>
  <tag k="shop" v="shoes"/>
 </node>
 <node id="4751088322" visible="true" version="1" changeset="47100239" timestamp="2017-03-23T15:46:32Z" user="Арам Оганесян" uid="5541506" lat="40.2016553" lon="44.4980759">
  <tag k="name:ru" v="Замки Мира"/>
  <tag k="shop" v="furniture"/>
 </node>
 <node id="4945785858" visible="true" version="5" changeset="159304593" timestamp="2024-11-18T23:40:59Z" user="VlIvYur" uid="345975" lat="40.2031448" lon="44.4982251">
  <tag k="addr:city" v="Երևան"/>
  <tag k="addr:country" v="AM"/>
  <tag k="addr:district" v="Արաբկիր"/>
  <tag k="addr:housenumber" v="11/14"/>
  <tag k="addr:postcode" v="0012"/>
  <tag k="addr:region" v="Երևան"/>
  <tag k="addr:street" v="Կոմիտասի պողոտա"/>
  <tag k="was:amenity" v="pharmacy"/>
 </node>
 <node id="4984760231" visible="true" version="3" changeset="76660510" timestamp="2019-11-05T17:32:09Z" user="BigPastaDinner" uid="9202957" lat="40.2034937" lon="44.4965464">
  <tag k="email" v="makeuparmish@mail.com"/>
  <tag k="internet_access" v="wlan"/>
  <tag k="name:en" v="Makeup Armish"/>
  <tag k="name:ru" v="Мэйкап Армиш"/>
  <tag k="opening_hours" v="Mo-Su 09:00-18:00"/>
  <tag k="shop" v="beauty"/>
  <tag k="website" v="https://instagram.com/makeuparmish"/>
 </node>
 <node id="5026177401" visible="true" version="2" changeset="158902329" timestamp="2024-11-08T16:21:27Z" user="Greg91" uid="1704044" lat="40.2043724" lon="44.5020252"/>
 <node id="5026177402" visible="true" version="3" changeset="158902329" timestamp="2024-11-08T16:21:27Z" user="Greg91" uid="1704044" lat="40.2041736" lon="44.5015618"/>
 <node id="5026177403" visible="true" version="1" changeset="50997424" timestamp="2017-08-10T10:41:25Z" user="aslanosm" uid="2985213" lat="40.2037091" lon="44.5004342"/>
 <node id="5026177405" visible="true" version="5" changeset="153928216" timestamp="2024-07-14T12:24:06Z" user="Noktoborus" uid="540529" lat="40.2028819" lon="44.4983932"/>
 <node id="5026177406" visible="true" version="2" changeset="76366991" timestamp="2019-10-29T21:58:02Z" user="BigPastaDinner" uid="9202957" lat="40.2024803" lon="44.4974484"/>
 <node id="5026177407" visible="true" version="2" changeset="142982415" timestamp="2023-10-22T19:19:11Z" user="Noktoborus" uid="540529" lat="40.2016653" lon="44.4954894"/>
 <node id="5026177413" visible="true" version="2" changeset="160965389" timestamp="2025-01-03T20:27:07Z" user="VlIvYur" uid="345975" lat="40.2020774" lon="44.4947870"/>
 <node id="5027135584" visible="true" version="3" changeset="160117341" timestamp="2024-12-10T07:07:19Z" user="Данил Мошарев" uid="10374805" lat="40.2036464" lon="44.5011688"/>
 <node id="5027135585" visible="true" version="4" changeset="160565500" timestamp="2024-12-24T08:05:47Z" user="Данил Мошарев" uid="10374805" lat="40.2031053" lon="44.4998510"/>
 <node id="5027135586" visible="true" version="1" changeset="51014219" timestamp="2017-08-10T20:21:51Z" user="aslanosm" uid="2985213" lat="40.2020285" lon="44.4972857"/>
 <node id="5027135587" visible="true" version="2" changeset="152577141" timestamp="2024-06-12T08:57:19Z" user="Noktoborus" uid="540529" lat="40.2016588" lon="44.4963459"/>
 <node id="5027135588" visible="true" version="1" changeset="51014219" timestamp="2017-08-10T20:21:51Z" user="aslanosm" uid="2985213" lat="40.2013279" lon="44.4955395"/>
 <node id="5027135589" visible="true" version="2" changeset="142982415" timestamp="2023-10-22T19:19:11Z" user="Noktoborus" uid="540529" lat="40.2014013" lon="44.4956913"/>
 <node id="5027135590" visible="true" version="2" changeset="142982415" timestamp="2023-10-22T19:19:11Z" user="Noktoborus" uid="540529" lat="40.2016574" lon="44.4954944"/>
 <node id="5027135591" visible="true" version="1" changeset="51014219" timestamp="2017-08-10T20:21:51Z" user="aslanosm" uid="2985213" lat="40.2012552" lon="44.4955181"/>
 <node id="5027135592" visible="true" version="1" changeset="51014219" timestamp="2017-08-10T20:21:51Z" user="aslanosm" uid="2985213" lat="40.2011917" lon="44.4955127"/>
 <node id="5027135593" visible="true" version="1" changeset="51014219" timestamp="2017-08-10T20:21:51Z" user="aslanosm" uid="2985213" lat="40.2011594" lon="44.4955208"/>
 <node id="5027135595" visible="true" version="1" changeset="51014219" timestamp="2017-08-10T20:21:51Z" user="aslanosm" uid="2985213" lat="40.2004410" lon="44.4959938"/>
 <node id="5027135602" visible="true" version="1" changeset="51014219" timestamp="2017-08-10T20:21:51Z" user="aslanosm" uid="2985213" lat="40.2011927" lon="44.5009948"/>
 <node id="5029952796" visible="true" version="2" changeset="139057016" timestamp="2023-07-26T20:50:11Z" user="VlIvYur" uid="345975" lat="40.2025682" lon="44.4986141"/>
 <node id="5029952797" visible="true" version="3" changeset="158902329" timestamp="2024-11-08T16:21:27Z" user="Greg91" uid="1704044" lat="40.2027458" lon="44.4989888"/>
 <node id="5029952798" visible="true" version="2" changeset="141438672" timestamp="2023-09-18T19:12:59Z" user="VlIvYur" uid="345975" lat="40.2030382" lon="44.4987883"/>
 <node id="5029952799" visible="true" version="2" changeset="155692555" timestamp="2024-08-24T11:59:53Z" user="VlIvYur" uid="345975" lat="40.2031917" lon="44.4989502">
  <tag k="entrance" v="main"/>
  <tag k="wheelchair" v="no"/>
 </node>
 <node id="5029952800" visible="true" version="1" changeset="51050722" timestamp="2017-08-12T06:52:11Z" user="aslanosm" uid="2985213" lat="40.2031502" lon="44.4989795"/>
 <node id="5029952801" visible="true" version="2" changeset="155692555" timestamp="2024-08-24T11:59:53Z" user="VlIvYur" uid="345975" lat="40.2031611" lon="44.4988795">
  <tag k="entrance" v="service"/>
  <tag k="wheelchair" v="no"/>
 </node>
 <node id="5029952802" visible="true" version="1" changeset="51050722" timestamp="2017-08-12T06:52:12Z" user="aslanosm" uid="2985213" lat="40.2031207" lon="44.4989080"/>
 <node id="5030298855" visible="true" version="3" changeset="139057016" timestamp="2023-07-26T20:50:11Z" user="VlIvYur" uid="345975" lat="40.2029038" lon="44.4984397"/>
 <node id="5030298856" visible="true" version="4" changeset="139057016" timestamp="2023-07-26T20:50:11Z" user="VlIvYur" uid="345975" lat="40.2029352" lon="44.4984533"/>
 <node id="5030298857" visible="true" version="2" changeset="76660829" timestamp="2019-11-05T17:39:19Z" user="BigPastaDinner" uid="9202957" lat="40.2035065" lon="44.4980921"/>
 <node id="5030298858" visible="true" version="3" changeset="77485575" timestamp="2019-11-24T15:51:49Z" user="aslanosm" uid="2985213" lat="40.2043492" lon="44.4975017"/>
 <node id="5030320672" visible="true" version="1" changeset="51055863" timestamp="2017-08-12T11:30:55Z" user="aslanosm" uid="2985213" lat="40.2007971" lon="44.5000020"/>
 <node id="5030320674" visible="true" version="4" changeset="152734995" timestamp="2024-06-15T19:14:01Z" user="Noktoborus" uid="540529" lat="40.2017810" lon="44.4995752">
  <tag k="crossing" v="unmarked"/>
  <tag k="crossing:island" v="no"/>
  <tag k="crossing:markings" v="no"/>
  <tag k="crossing:signals" v="no"/>
  <tag k="highway" v="crossing"/>
 </node>
 <node id="5030320675" visible="true" version="2" changeset="160883080" timestamp="2025-01-01T19:49:02Z" user="Данил Мошарев" uid="10374805" lat="40.2025799" lon="44.4990873"/>
 <node id="5030320676" visible="true" version="4" changeset="160883080" timestamp="2025-01-01T19:49:02Z" user="Данил Мошарев" uid="10374805" lat="40.2026930" lon="44.4989080"/>
 <node id="5030320677" visible="true" version="3" changeset="146862253" timestamp="2024-01-30T12:37:22Z" user="Vasak87" uid="2564602" lat="40.2026272" lon="44.4987549"/>
 <node id="5030320678" visible="true" version="3" changeset="146862253" timestamp="2024-01-30T12:37:22Z" user="Vasak87" uid="2564602" lat="40.2025660" lon="44.4987932"/>
 <node id="5030320679" visible="true" version="1" changeset="51055863" timestamp="2017-08-12T11:30:55Z" user="aslanosm" uid="2985213" lat="40.2024145" lon="44.4988966"/>
 <node id="5030320680" visible="true" version="6" changeset="152734995" timestamp="2024-06-15T19:14:01Z" user="Noktoborus" uid="540529" lat="40.2016979" lon="44.4993737">
  <tag k="crossing" v="unmarked"/>
  <tag k="crossing:island" v="no"/>
  <tag k="crossing:markings" v="no"/>
  <tag k="crossing:signals" v="no"/>
  <tag k="highway" v="crossing"/>
 </node>
 <node id="5030425037" visible="true" version="4" changeset="68283806" timestamp="2019-03-19T07:25:23Z" user="aslanosm" uid="2985213" lat="40.2037288" lon="44.5011128"/>
 <node id="5043830823" visible="true" version="4" changeset="160068885" timestamp="2024-12-08T20:10:51Z" user="Данил Мошарев" uid="10374805" lat="40.2020884" lon="44.5010094">
  <tag k="amenity" v="drinking_water"/>
  <tag k="fountain" v="bubbler"/>
 </node>
 <node id="5106274423" visible="true" version="5" changeset="152708138" timestamp="2024-06-15T07:02:33Z" user="Noktoborus" uid="540529" lat="40.2020321" lon="44.4973889">
  <tag k="alt_name:en" v="Chery House"/>
  <tag k="alt_name:ru" v="Черри Хауз"/>
  <tag k="contact:email" v="balatun.bakery@gmail.com"/>
  <tag k="contact:facebook" v="BalatoonCherryHouse"/>
  <tag k="contact:instagram" v="balatoon_cherry_house_"/>
  <tag k="name" v="Բալատուն"/>
  <tag k="name:en" v="Balatoon"/>
  <tag k="name:hy" v="Բալատուն"/>
  <tag k="name:ru" v="Балатун"/>
  <tag k="opening_hours" v="Mo-Su 10:00-22:00"/>
  <tag k="phone" v="+374 99 352800"/>
  <tag k="shop" v="confectionery"/>
  <tag k="wheelchair" v="yes"/>
 </node>
 <node id="5172553846" visible="true" version="2" changeset="138723735" timestamp="2023-07-19T15:48:03Z" user="SMkrtich" uid="10984999" lat="40.2018035" lon="44.4960374">
  <tag k="bus" v="yes"/>
  <tag k="name" v="Կոմիտաս / Գյուլբենկյան"/>
  <tag k="name:en" v="Komitas / Gyulbenkyan"/>
  <tag k="name:hy" v="Կոմիտաս / Գյուլբենկյան"/>
  <tag k="name:ru" v="Комитас / Гюльбенкян"/>
  <tag k="public_transport" v="stop_position"/>
  <tag k="trolleybus" v="yes"/>
 </node>
 <node id="5172553847" visible="true" version="5" changeset="138723735" timestamp="2023-07-19T15:48:03Z" user="SMkrtich" uid="10984999" lat="40.2016152" lon="44.4959426">
  <tag k="bus" v="yes"/>
  <tag k="name" v="Կոմիտաս / Գյուլբենկյան"/>
  <tag k="name:en" v="Komitas / Gyulbenkyan"/>
  <tag k="name:hy" v="Կոմիտաս / Գյուլբենկյան"/>
  <tag k="name:ru" v="Комитас / Гюльбенкян"/>
  <tag k="public_transport" v="stop_position"/>
  <tag k="trolleybus" v="yes"/>
 </node>
 <node id="5172556100" visible="true" version="5" changeset="138723735" timestamp="2023-07-19T15:48:03Z" user="SMkrtich" uid="10984999" lat="40.2029225" lon="44.4991270">
  <tag k="bus" v="yes"/>
  <tag k="name" v="Կոմիտաս / Վաղարշյան"/>
  <tag k="name:en" v="Komitas / Vagharshyan"/>
  <tag k="name:hy" v="Կոմիտաս / Վաղարշյան"/>
  <tag k="name:ru" v="Комитас / Вагаршян"/>
  <tag k="public_transport" v="stop_position"/>
  <tag k="trolleybus" v="yes"/>
 </node>
 <node id="5172556101" visible="true" version="3" changeset="161459569" timestamp="2025-01-17T15:10:20Z" user="VlIvYur" uid="345975" lat="40.2026474" lon="44.4980843">
  <tag k="bus" v="yes"/>
  <tag k="name" v="Կոմիտաս / Վաղարշյան"/>
  <tag k="name:en" v="Komitas / Vagharshyan"/>
  <tag k="name:hy" v="Կոմիտաս / Վաղարշյան"/>
  <tag k="name:ru" v="Комитас / Вагаршян"/>
  <tag k="public_transport" v="stop_position"/>
  <tag k="trolleybus" v="yes"/>
 </node>
 <node id="5172557456" visible="true" version="2" changeset="138723735" timestamp="2023-07-19T15:48:03Z" user="SMkrtich" uid="10984999" lat="40.2040819" lon="44.5016017">
  <tag k="bus" v="yes"/>
  <tag k="name" v="Կոմիտաս / Փափազյան"/>
  <tag k="name:en" v="Komitas / Papazyan"/>
  <tag k="name:hy" v="Կոմիտաս / Փափազյան"/>
  <tag k="name:ru" v="Комитас / Папазян"/>
  <tag k="public_transport" v="stop_position"/>
  <tag k="trolleybus" v="yes"/>
 </node>
 <node id="5206158123" visible="true" version="2" changeset="139057016" timestamp="2023-07-26T20:50:11Z" user="VlIvYur" uid="345975" lat="40.2038818" lon="44.4977438">
  <tag k="name" v="Էլվուդ"/>
  <tag k="name:en" v="Elwood"/>
  <tag k="name:ru" v="Элвуд"/>
  <tag k="opening_hours" v="Mo-Su 10:00-19:00"/>
  <tag k="phone" v="+37499018081"/>
  <tag k="shop" v="furniture"/>
  <tag k="website" v="http://www.elwood.am"/>
 </node>
 <node id="5206183221" visible="true" version="3" changeset="149344255" timestamp="2024-03-30T10:07:37Z" user="batyrmastyr" uid="5735399" lat="40.2013028" lon="44.4999796">
  <tag k="check_date" v="2024-03-30"/>
  <tag k="name" v="&quot;555&quot;"/>
  <tag k="opening_hours" v="Mo-Sa 00:00-24:00"/>
  <tag k="phone" v="+374 93 70 95 55"/>
  <tag k="shop" v="car_parts"/>
 </node>
 <node id="5354337243" visible="true" version="2" changeset="87218324" timestamp="2020-06-27T05:41:56Z" user="aslanosm" uid="2985213" lat="40.2044781" lon="44.4998149"/>
 <node id="5354337244" visible="true" version="2" changeset="87218324" timestamp="2020-06-27T05:41:56Z" user="aslanosm" uid="2985213" lat="40.2043451" lon="44.4999079"/>
 <node id="5354337245" visible="true" version="2" changeset="87218324" timestamp="2020-06-27T05:41:56Z" user="aslanosm" uid="2985213" lat="40.2042635" lon="44.4997078"/>
 <node id="5354337246" visible="true" version="2" changeset="87218324" timestamp="2020-06-27T05:41:56Z" user="aslanosm" uid="2985213" lat="40.2043965" lon="44.4996149"/>
 <node id="5354345691" visible="true" version="2" changeset="71240162" timestamp="2019-06-14T05:55:32Z" user="aslanosm" uid="2985213" lat="40.2041785" lon="44.4990391"/>
 <node id="5354345692" visible="true" version="2" changeset="71240162" timestamp="2019-06-14T05:55:32Z" user="aslanosm" uid="2985213" lat="40.2040168" lon="44.4991521"/>
 <node id="5354345693" visible="true" version="2" changeset="71240162" timestamp="2019-06-14T05:55:32Z" user="aslanosm" uid="2985213" lat="40.2041739" lon="44.4995141"/>
 <node id="5354345694" visible="true" version="2" changeset="71240162" timestamp="2019-06-14T05:55:32Z" user="aslanosm" uid="2985213" lat="40.2043313" lon="44.4993933"/>
 <node id="6224859835" visible="true" version="9" changeset="152113533" timestamp="2024-06-01T09:59:35Z" user="batyrmastyr" uid="5735399" lat="40.2032966" lon="44.4991815">
  <tag k="addr:city" v="Երևան"/>
  <tag k="addr:country" v="AM"/>
  <tag k="addr:housenumber" v="15"/>
  <tag k="addr:postcode" v="0033"/>
  <tag k="addr:street" v="Կոմիտասի պողոտա"/>
  <tag k="amenity" v="food_court"/>
  <tag k="check_date" v="2024-06-01"/>
  <tag k="cuisine" v="american;italian;mexican"/>
  <tag k="name" v="Degustation"/>
  <tag k="opening_hours" v="Mo-Su 10:00-23:00"/>
 </node>
 <node id="6466453590" visible="true" version="2" changeset="144911370" timestamp="2023-12-08T17:09:14Z" user="batyrmastyr" uid="5735399" lat="40.2028089" lon="44.4980109">
  <tag k="check_date" v="2023-12-08"/>
  <tag k="shop" v="newsagent"/>
 </node>
 <node id="6487816288" visible="true" version="3" changeset="149685625" timestamp="2024-04-07T10:17:30Z" user="batyrmastyr" uid="5735399" lat="40.2021374" lon="44.4989718">
  <tag k="amenity" v="pharmacy"/>
  <tag k="check_date" v="2024-04-07"/>
  <tag k="healthcare" v="pharmacy"/>
 </node>
 <node id="6644567203" visible="true" version="2" changeset="139057016" timestamp="2023-07-26T20:50:11Z" user="VlIvYur" uid="345975" lat="40.2033501" lon="44.5009547">
  <tag k="email" v="arabkirnotary@mail.ru"/>
  <tag k="name" v="Նազինյան Սյուզաննա Բորիսի"/>
  <tag k="name:en" v="Nazinyan Syuzanna"/>
  <tag k="name:hy" v="Նազինյան Սյուզաննա Բորիսի"/>
  <tag k="name:ru" v="Назинян Сюзанна Борисовна"/>
  <tag k="office" v="notary"/>
  <tag k="opening_hours" v="Mo-Fr 09:30-13:30,14:00-18:00"/>
  <tag k="phone" v="+374 10 276657;+374 99 276657"/>
 </node>
 <node id="6722634217" visible="true" version="2" changeset="158902329" timestamp="2024-11-08T16:21:27Z" user="Greg91" uid="1704044" lat="40.2043378" lon="44.5019470"/>
 <node id="6722634218" visible="true" version="2" changeset="158902329" timestamp="2024-11-08T16:21:27Z" user="Greg91" uid="1704044" lat="40.2040498" lon="44.5021533"/>
 <node id="6852270188" visible="true" version="1" changeset="75296293" timestamp="2019-10-04T16:46:16Z" user="aslanosm" uid="2985213" lat="40.2013015" lon="44.4955317"/>
 <node id="6928754035" visible="true" version="1" changeset="76366991" timestamp="2019-10-29T21:58:02Z" user="BigPastaDinner" uid="9202957" lat="40.2021560" lon="44.4959763"/>
 <node id="6928754036" visible="true" version="1" changeset="76366991" timestamp="2019-10-29T21:58:02Z" user="BigPastaDinner" uid="9202957" lat="40.2019058" lon="44.4953089"/>
 <node id="6928754037" visible="true" version="1" changeset="76366991" timestamp="2019-10-29T21:58:02Z" user="BigPastaDinner" uid="9202957" lat="40.2019252" lon="44.4952683"/>
 <node id="6928754044" visible="true" version="1" changeset="76366991" timestamp="2019-10-29T21:58:02Z" user="BigPastaDinner" uid="9202957" lat="40.2026234" lon="44.4959442"/>
 <node id="6949061418" visible="true" version="1" changeset="76660510" timestamp="2019-11-05T17:32:09Z" user="BigPastaDinner" uid="9202957" lat="40.2027844" lon="44.4968816"/>
 <node id="6949061419" visible="true" version="1" changeset="76660510" timestamp="2019-11-05T17:32:09Z" user="BigPastaDinner" uid="9202957" lat="40.2027365" lon="44.4969161"/>
 <node id="6949061420" visible="true" version="1" changeset="76660510" timestamp="2019-11-05T17:32:09Z" user="BigPastaDinner" uid="9202957" lat="40.2027818" lon="44.4970238"/>
 <node id="6949061421" visible="true" version="1" changeset="76660510" timestamp="2019-11-05T17:32:09Z" user="BigPastaDinner" uid="9202957" lat="40.2028297" lon="44.4969894"/>
 <node id="6949061441" visible="true" version="1" changeset="76660510" timestamp="2019-11-05T17:32:09Z" user="BigPastaDinner" uid="9202957" lat="40.2039453" lon="44.4964257"/>
 <node id="6949061442" visible="true" version="1" changeset="76660510" timestamp="2019-11-05T17:32:09Z" user="BigPastaDinner" uid="9202957" lat="40.2038654" lon="44.4962581"/>
 <node id="6949061443" visible="true" version="1" changeset="76660510" timestamp="2019-11-05T17:32:09Z" user="BigPastaDinner" uid="9202957" lat="40.2039357" lon="44.4962007"/>
 <node id="6949061444" visible="true" version="1" changeset="76660510" timestamp="2019-11-05T17:32:09Z" user="BigPastaDinner" uid="9202957" lat="40.2040156" lon="44.4963683"/>
 <node id="6961302923" visible="true" version="1" changeset="76860606" timestamp="2019-11-10T06:44:45Z" user="aslanosm" uid="2985213" lat="40.2042050" lon="44.4963780"/>
 <node id="6961302924" visible="true" version="1" changeset="76860606" timestamp="2019-11-10T06:44:45Z" user="aslanosm" uid="2985213" lat="40.2042624" lon="44.4965225"/>
 <node id="6961302925" visible="true" version="1" changeset="76860606" timestamp="2019-11-10T06:44:45Z" user="aslanosm" uid="2985213" lat="40.2043239" lon="44.4964807"/>
 <node id="6961302926" visible="true" version="1" changeset="76860606" timestamp="2019-11-10T06:44:45Z" user="aslanosm" uid="2985213" lat="40.2042665" lon="44.4963361"/>
 <node id="6961302927" visible="true" version="1" changeset="76860606" timestamp="2019-11-10T06:44:45Z" user="aslanosm" uid="2985213" lat="40.2042609" lon="44.4965556"/>
 <node id="6961302928" visible="true" version="1" changeset="76860606" timestamp="2019-11-10T06:44:45Z" user="aslanosm" uid="2985213" lat="40.2043495" lon="44.4967787"/>
 <node id="6961302929" visible="true" version="1" changeset="76860606" timestamp="2019-11-10T06:44:45Z" user="aslanosm" uid="2985213" lat="40.2044709" lon="44.4966961"/>
 <node id="6961302930" visible="true" version="1" changeset="76860606" timestamp="2019-11-10T06:44:45Z" user="aslanosm" uid="2985213" lat="40.2043823" lon="44.4964729"/>
 <node id="7006316454" visible="true" version="4" changeset="152734995" timestamp="2024-06-15T19:14:01Z" user="Noktoborus" uid="540529" lat="40.2030273" lon="44.4985209">
  <tag k="highway" v="traffic_signals"/>
  <tag k="traffic_signals:direction" v="forward"/>
 </node>
 <node id="7006316455" visible="true" version="9" changeset="159304593" timestamp="2024-11-18T23:40:59Z" user="VlIvYur" uid="345975" lat="40.2030118" lon="44.4986327">
  <tag k="button_operated" v="no"/>
  <tag k="crossing" v="traffic_signals"/>
  <tag k="crossing:island" v="no"/>
  <tag k="highway" v="crossing"/>
  <tag k="traffic_signals:sound" v="no"/>
  <tag k="traffic_signals:vibration" v="no"/>
 </node>
 <node id="7006316456" visible="true" version="2" changeset="141438672" timestamp="2023-09-18T19:12:59Z" user="VlIvYur" uid="345975" lat="40.2030311" lon="44.4987364"/>
 <node id="7006316457" visible="true" version="2" changeset="141438672" timestamp="2023-09-18T19:12:59Z" user="VlIvYur" uid="345975" lat="40.2030401" lon="44.4986989"/>
 <node id="7006316458" visible="true" version="2" changeset="141438672" timestamp="2023-09-18T19:12:59Z" user="VlIvYur" uid="345975" lat="40.2030763" lon="44.4986748"/>
 <node id="7006316459" visible="true" version="5" changeset="156941557" timestamp="2024-09-22T09:28:46Z" user="smallq" uid="8113635" lat="40.2039093" lon="44.4981445">
  <tag k="crossing:island" v="no"/>
  <tag k="crossing:markings" v="no"/>
  <tag k="crossing:signals" v="no"/>
  <tag k="highway" v="crossing"/>
 </node>
 <node id="7029046767" visible="true" version="1" changeset="77887119" timestamp="2019-12-03T15:12:09Z" user="Vasak87" uid="2564602" lat="40.2021512" lon="44.4968822"/>
 <node id="7029046768" visible="true" version="1" changeset="77887119" timestamp="2019-12-03T15:12:09Z" user="Vasak87" uid="2564602" lat="40.2022185" lon="44.4968147"/>
 <node id="7029046769" visible="true" version="1" changeset="77887119" timestamp="2019-12-03T15:12:09Z" user="Vasak87" uid="2564602" lat="40.2024146" lon="44.4966831"/>
 <node id="7041856447" visible="true" version="12" changeset="160446810" timestamp="2024-12-20T19:28:13Z" user="yetzt" uid="26734" lat="40.2019775" lon="44.4972584">
  <tag k="addr:floor" v="1"/>
  <tag k="amenity" v="restaurant"/>
  <tag k="check_date" v="2024-02-04"/>
  <tag k="cuisine" v="coffee_shop;regional;italian;chinese;lebanese;dessert;seafood;chocolate;ice_cream;pancake"/>
  <tag k="diet:meat" v="yes"/>
  <tag k="diet:non-vegetarian" v="yes"/>
  <tag k="diet:vegan" v="yes"/>
  <tag k="diet:vegetarian" v="yes"/>
  <tag k="internet_access" v="wlan"/>
  <tag k="internet_access:fee" v="customers"/>
  <tag k="level" v="0"/>
  <tag k="name" v="Ջազզվե"/>
  <tag k="name:en" v="Jazzve"/>
  <tag k="name:hy" v="Ջազզվե"/>
  <tag k="name:ru" v="Джаззве"/>
  <tag k="opening_hours" v="Mo-Su 10:00-24:00"/>
  <tag k="payment:mastercard" v="yes"/>
  <tag k="payment:visa" v="yes"/>
  <tag k="phone" v="+374-10-273068"/>
  <tag k="website" v="https://jazzve.am/"/>
  <tag k="wheelchair" v="no"/>
 </node>
 <node id="7630000577" visible="true" version="3" changeset="160068885" timestamp="2024-12-08T20:10:51Z" user="Данил Мошарев" uid="10374805" lat="40.2028656" lon="44.5006790"/>
 <node id="7630000578" visible="true" version="3" changeset="160068885" timestamp="2024-12-08T20:10:51Z" user="Данил Мошарев" uid="10374805" lat="40.2031285" lon="44.5004969"/>
 <node id="7630000579" visible="true" version="3" changeset="160068885" timestamp="2024-12-08T20:10:51Z" user="Данил Мошарев" uid="10374805" lat="40.2032898" lon="44.5008961"/>
 <node id="7630000580" visible="true" version="3" changeset="160068885" timestamp="2024-12-08T20:10:51Z" user="Данил Мошарев" uid="10374805" lat="40.2030296" lon="44.5010763"/>
 <node id="7630000582" visible="true" version="2" changeset="160068885" timestamp="2024-12-08T20:10:51Z" user="Данил Мошарев" uid="10374805" lat="40.2031299" lon="44.5013243"/>
 <node id="7630011902" visible="true" version="3" changeset="160117341" timestamp="2024-12-10T07:07:19Z" user="Данил Мошарев" uid="10374805" lat="40.2031902" lon="44.5014781"/>
 <node id="7630011905" visible="true" version="3" changeset="164736082" timestamp="2025-04-09T18:04:25Z" user="heavis" uid="14360376" lat="40.2040760" lon="44.5022539">
  <tag k="barrier" v="kerb"/>
  <tag k="kerb" v="lowered"/>
 </node>
 <node id="7630011906" visible="true" version="6" changeset="160603068" timestamp="2024-12-25T13:03:50Z" user="Данил Мошарев" uid="10374805" lat="40.2031271" lon="44.5028421">
  <tag k="crossing" v="unmarked"/>
  <tag k="crossing:island" v="no"/>
  <tag k="crossing:markings" v="no"/>
  <tag k="highway" v="crossing"/>
 </node>
 <node id="7630011907" visible="true" version="3" changeset="160565500" timestamp="2024-12-24T08:05:47Z" user="Данил Мошарев" uid="10374805" lat="40.2023596" lon="44.4994583"/>
 <node id="7657965058" visible="true" version="2" changeset="160565500" timestamp="2024-12-24T08:05:47Z" user="Данил Мошарев" uid="10374805" lat="40.2025250" lon="44.4998594"/>
 <node id="7657965059" visible="true" version="2" changeset="160565500" timestamp="2024-12-24T08:05:47Z" user="Данил Мошарев" uid="10374805" lat="40.2028073" lon="44.4996634"/>
 <node id="7657965060" visible="true" version="2" changeset="160565500" timestamp="2024-12-24T08:05:47Z" user="Данил Мошарев" uid="10374805" lat="40.2026443" lon="44.4992607"/>
 <node id="7657965061" visible="true" version="3" changeset="160880583" timestamp="2025-01-01T18:46:16Z" user="Данил Мошарев" uid="10374805" lat="40.2019183" lon="44.4999078"/>
 <node id="7657965062" visible="true" version="2" changeset="160880583" timestamp="2025-01-01T18:46:16Z" user="Данил Мошарев" uid="10374805" lat="40.2021331" lon="44.4997586"/>
 <node id="7657965064" visible="true" version="3" changeset="160880583" timestamp="2025-01-01T18:46:16Z" user="Данил Мошарев" uid="10374805" lat="40.2023236" lon="44.5002333"/>
 <node id="7657965065" visible="true" version="2" changeset="160068885" timestamp="2024-12-08T20:10:51Z" user="Данил Мошарев" uid="10374805" lat="40.2024336" lon="44.5002272"/>
 <node id="7657965066" visible="true" version="2" changeset="160565500" timestamp="2024-12-24T08:05:47Z" user="Данил Мошарев" uid="10374805" lat="40.2025693" lon="44.5005634"/>
 <node id="7657965067" visible="true" version="3" changeset="160565500" timestamp="2024-12-24T08:05:47Z" user="Данил Мошарев" uid="10374805" lat="40.2027609" lon="44.5004337"/>
 <node id="7657965068" visible="true" version="3" changeset="160565500" timestamp="2024-12-24T08:05:47Z" user="Данил Мошарев" uid="10374805" lat="40.2025166" lon="44.5003838">
  <tag k="entrance" v="yes"/>
 </node>
 <node id="7657965069" visible="true" version="2" changeset="152734995" timestamp="2024-06-15T19:14:01Z" user="Noktoborus" uid="540529" lat="40.2018726" lon="44.4997973"/>
 <node id="7657965070" visible="true" version="2" changeset="149242182" timestamp="2024-03-27T20:25:31Z" user="VlIvYur" uid="345975" lat="40.2009019" lon="44.5004954"/>
 <node id="7657965071" visible="true" version="1" changeset="87219071" timestamp="2020-06-27T06:41:23Z" user="aslanosm" uid="2985213" lat="40.2009741" lon="44.5004435"/>
 <node id="7657965072" visible="true" version="4" changeset="161431561" timestamp="2025-01-16T19:38:16Z" user="Данил Мошарев" uid="10374805" lat="40.2015427" lon="44.5005361"/>
 <node id="7657965073" visible="true" version="2" changeset="160258785" timestamp="2024-12-13T19:08:01Z" user="Данил Мошарев" uid="10374805" lat="40.2011490" lon="44.5003178"/>
 <node id="7657965075" visible="true" version="3" changeset="160897672" timestamp="2025-01-02T09:09:28Z" user="Данил Мошарев" uid="10374805" lat="40.2015211" lon="44.5012201">
  <tag k="barrier" v="bollard"/>
 </node>
 <node id="7657965076" visible="true" version="3" changeset="159852916" timestamp="2024-12-02T17:35:36Z" user="Данил Мошарев" uid="10374805" lat="40.2023018" lon="44.5008383"/>
 <node id="7657965077" visible="true" version="3" changeset="160068885" timestamp="2024-12-08T20:10:51Z" user="Данил Мошарев" uid="10374805" lat="40.2018300" lon="44.5011866"/>
 <node id="7657965078" visible="true" version="3" changeset="166199999" timestamp="2025-05-13T12:23:00Z" user="DavidGalileo" uid="21605023" lat="40.2023968" lon="44.5010717"/>
 <node id="7657965079" visible="true" version="3" changeset="166199999" timestamp="2025-05-13T12:23:00Z" user="DavidGalileo" uid="21605023" lat="40.2019614" lon="44.5013710"/>
 <node id="7657965080" visible="true" version="3" changeset="160068885" timestamp="2024-12-08T20:10:51Z" user="Данил Мошарев" uid="10374805" lat="40.2021534" lon="44.5009052"/>
 <node id="7657965081" visible="true" version="3" changeset="160068885" timestamp="2024-12-08T20:10:51Z" user="Данил Мошарев" uid="10374805" lat="40.2021607" lon="44.5009230"/>
 <node id="7657965082" visible="true" version="3" changeset="160068885" timestamp="2024-12-08T20:10:51Z" user="Данил Мошарев" uid="10374805" lat="40.2019440" lon="44.5010991"/>
 <node id="7657965083" visible="true" version="3" changeset="160068885" timestamp="2024-12-08T20:10:51Z" user="Данил Мошарев" uid="10374805" lat="40.2019364" lon="44.5010804"/>
 <node id="7657965084" visible="true" version="3" changeset="160068885" timestamp="2024-12-08T20:10:51Z" user="Данил Мошарев" uid="10374805" lat="40.2021097" lon="44.5007768"/>
 <node id="7657987145" visible="true" version="1" changeset="87218324" timestamp="2020-06-27T05:41:56Z" user="aslanosm" uid="2985213" lat="40.2041005" lon="44.4999776"/>
 <node id="7657987146" visible="true" version="1" changeset="87218324" timestamp="2020-06-27T05:41:56Z" user="aslanosm" uid="2985213" lat="40.2042784" lon="44.5004040"/>
 <node id="7657987147" visible="true" version="1" changeset="87218324" timestamp="2020-06-27T05:41:56Z" user="aslanosm" uid="2985213" lat="40.2041279" lon="44.5005117"/>
 <node id="7657987148" visible="true" version="1" changeset="87218324" timestamp="2020-06-27T05:41:56Z" user="aslanosm" uid="2985213" lat="40.2040410" lon="44.5003034"/>
 <node id="7657987149" visible="true" version="1" changeset="87218324" timestamp="2020-06-27T05:41:56Z" user="aslanosm" uid="2985213" lat="40.2040150" lon="44.5003221"/>
 <node id="7657987150" visible="true" version="1" changeset="87218324" timestamp="2020-06-27T05:41:56Z" user="aslanosm" uid="2985213" lat="40.2039448" lon="44.5001541"/>
 <node id="7657987151" visible="true" version="1" changeset="87218324" timestamp="2020-06-27T05:41:56Z" user="aslanosm" uid="2985213" lat="40.2039704" lon="44.5001358"/>
 <node id="7657987152" visible="true" version="1" changeset="87218324" timestamp="2020-06-27T05:41:56Z" user="aslanosm" uid="2985213" lat="40.2039495" lon="44.5000856"/>
 <node id="7657987153" visible="true" version="2" changeset="155692555" timestamp="2024-08-24T11:59:53Z" user="VlIvYur" uid="345975" lat="40.2038865" lon="44.4995819"/>
 <node id="7657987154" visible="true" version="2" changeset="155692555" timestamp="2024-08-24T11:59:53Z" user="VlIvYur" uid="345975" lat="40.2037243" lon="44.4996980"/>
 <node id="7657987155" visible="true" version="2" changeset="155692555" timestamp="2024-08-24T11:59:53Z" user="VlIvYur" uid="345975" lat="40.2037737" lon="44.4998161"/>
 <node id="7657987156" visible="true" version="2" changeset="155692555" timestamp="2024-08-24T11:59:53Z" user="VlIvYur" uid="345975" lat="40.2039358" lon="44.4997000"/>
 <node id="7657987157" visible="true" version="2" changeset="152726753" timestamp="2024-06-15T15:32:30Z" user="Noktoborus" uid="540529" lat="40.2019460" lon="44.4990981"/>
 <node id="7657988668" visible="true" version="3" changeset="155692555" timestamp="2024-08-24T11:59:53Z" user="VlIvYur" uid="345975" lat="40.2042940" lon="44.5004910"/>
 <node id="7657988669" visible="true" version="3" changeset="155692555" timestamp="2024-08-24T11:59:53Z" user="VlIvYur" uid="345975" lat="40.2043428" lon="44.5006095"/>
 <node id="7657988670" visible="true" version="3" changeset="155692555" timestamp="2024-08-24T11:59:53Z" user="VlIvYur" uid="345975" lat="40.2042245" lon="44.5006929"/>
 <node id="7657988671" visible="true" version="3" changeset="155692555" timestamp="2024-08-24T11:59:53Z" user="VlIvYur" uid="345975" lat="40.2041757" lon="44.5005744"/>
 <node id="7657988682" visible="true" version="1" changeset="87218729" timestamp="2020-06-27T06:17:21Z" user="aslanosm" uid="2985213" lat="40.2037688" lon="44.4999870"/>
 <node id="7657988683" visible="true" version="2" changeset="155692555" timestamp="2024-08-24T11:59:53Z" user="VlIvYur" uid="345975" lat="40.2037603" lon="44.5003968">
  <tag k="barrier" v="lift_gate"/>
  <tag k="check_date" v="2024-01"/>
 </node>
 <node id="7657988684" visible="true" version="1" changeset="87218729" timestamp="2020-06-27T06:17:21Z" user="aslanosm" uid="2985213" lat="40.2030838" lon="44.4991479"/>
 <node id="7658024985" visible="true" version="2" changeset="141438672" timestamp="2023-09-18T19:12:59Z" user="VlIvYur" uid="345975" lat="40.2036001" lon="44.4987860"/>
 <node id="7658024986" visible="true" version="2" changeset="141438672" timestamp="2023-09-18T19:12:59Z" user="VlIvYur" uid="345975" lat="40.2038206" lon="44.4993251"/>
 <node id="7658024987" visible="true" version="2" changeset="141438672" timestamp="2023-09-18T19:12:59Z" user="VlIvYur" uid="345975" lat="40.2031623" lon="44.4990929"/>
 <node id="7658024988" visible="true" version="3" changeset="153928002" timestamp="2024-07-14T12:18:16Z" user="Noktoborus" uid="540529" lat="40.2034062" lon="44.4980479">
  <tag k="check_date" v="2024-05-06"/>
  <tag k="level" v="0"/>
  <tag k="name" v="Կարանդաշ"/>
  <tag k="name:en" v="Karandash"/>
  <tag k="name:hy" v="Կարանդաշ"/>
  <tag k="name:ru" v="Карандаш"/>
  <tag k="shop" v="stationery"/>
 </node>
 <node id="7658024989" visible="true" version="1" changeset="87218729" timestamp="2020-06-27T06:17:21Z" user="aslanosm" uid="2985213" lat="40.2035405" lon="44.4985019">
  <tag k="door" v="yes"/>
  <tag k="entrance" v="main"/>
 </node>
 <node id="7658024990" visible="true" version="8" changeset="155692555" timestamp="2024-08-24T11:59:53Z" user="VlIvYur" uid="345975" lat="40.2035864" lon="44.4983158">
  <tag k="bench" v="yes"/>
  <tag k="bin" v="yes"/>
  <tag k="bus" v="yes"/>
  <tag k="highway" v="bus_stop"/>
  <tag k="lit" v="yes"/>
  <tag k="name" v="Վաղարշյան / Կոմիտաս"/>
  <tag k="name:en" v="Vagharshyan / Komitas"/>
  <tag k="name:hy" v="Վաղարշյան / Կոմիտաս"/>
  <tag k="public_transport" v="platform"/>
  <tag k="shelter" v="yes"/>
 </node>
 <node id="7658024994" visible="true" version="2" changeset="147961345" timestamp="2024-02-27T08:00:41Z" user="Vasak87" uid="2564602" lat="40.2047868" lon="44.4971999"/>
 <node id="7658024998" visible="true" version="1" changeset="87218729" timestamp="2020-06-27T06:17:21Z" user="aslanosm" uid="2985213" lat="40.2048941" lon="44.4974616"/>
 <node id="7658045185" visible="true" version="3" changeset="160068885" timestamp="2024-12-08T20:10:51Z" user="Данил Мошарев" uid="10374805" lat="40.2019015" lon="44.5009150"/>
 <node id="7658045186" visible="true" version="3" changeset="160068885" timestamp="2024-12-08T20:10:51Z" user="Данил Мошарев" uid="10374805" lat="40.2018737" lon="44.5008471"/>
 <node id="7658045187" visible="true" version="3" changeset="160068885" timestamp="2024-12-08T20:10:51Z" user="Данил Мошарев" uid="10374805" lat="40.2020794" lon="44.5007028"/>
 <node id="8300410919" visible="true" version="2" changeset="139057016" timestamp="2023-07-26T20:50:11Z" user="VlIvYur" uid="345975" lat="40.2041135" lon="44.4975792">
  <tag k="addr:postcode" v="0012"/>
  <tag k="name" v="Փունջ"/>
  <tag k="name:en" v="Punj"/>
  <tag k="opening_hours" v="Mo-Su 09:00-22:00"/>
  <tag k="shop" v="supermarket"/>
 </node>
 <node id="9567927140" visible="true" version="2" changeset="121808709" timestamp="2022-06-01T11:41:04Z" user="timka_kaz" uid="12371549" lat="40.2025328" lon="44.4972617">
  <tag k="amenity" v="doctors"/>
  <tag k="contact:email" v="info@invitroarmenia.am"/>
  <tag k="contact:phone" v="+374 60 651010"/>
  <tag k="contact:website" v="https://www.invitromed.am/"/>
  <tag k="healthcare" v="laboratory"/>
  <tag k="name" v="Invitro"/>
  <tag k="opening_hours" v="Mo-Fr 08:00-19:00; Sa 08:00-15:00; Su 09:00-15:00"/>
 </node>
 <node id="10088396120" visible="true" version="1" changeset="127280142" timestamp="2022-10-10T05:34:40Z" user="11daf" uid="377791" lat="40.2023657" lon="44.4983427">
  <tag k="office" v="lawyer"/>
 </node>
 <node id="10290797809" visible="true" version="2" changeset="143581644" timestamp="2023-11-03T16:06:33Z" user="Noktoborus" uid="540529" lat="40.2037709" lon="44.4973075"/>
 <node id="11010269920" visible="true" version="1" changeset="137834852" timestamp="2023-06-27T12:55:34Z" user="Vasak87" uid="2564602" lat="40.2017514" lon="44.4966443"/>
 <node id="11010269921" visible="true" version="1" changeset="137834852" timestamp="2023-06-27T12:55:34Z" user="Vasak87" uid="2564602" lat="40.2020799" lon="44.4974362"/>
 <node id="11010269922" visible="true" version="8" changeset="152707127" timestamp="2024-06-15T06:23:26Z" user="Noktoborus" uid="540529" lat="40.2018854" lon="44.4970455">
  <tag k="amenity" v="restaurant"/>
  <tag k="check_date" v="2024-02-04"/>
  <tag k="cuisine" v="regional"/>
  <tag k="delivery" v="yes"/>
  <tag k="name" v="Կուժ"/>
  <tag k="name:en" v="Koozh"/>
  <tag k="name:hy" v="Կուժ"/>
  <tag k="name:ru" v="Куж"/>
  <tag k="opening_hours" v="24/7"/>
  <tag k="outdoor_seating" v="yes"/>
  <tag k="smoking" v="isolated"/>
  <tag k="wheelchair" v="yes"/>
 </node>
 <node id="11070047791" visible="true" version="3" changeset="160068885" timestamp="2024-12-08T20:10:51Z" user="Данил Мошарев" uid="10374805" lat="40.2018948" lon="44.5003254"/>
 <node id="11070047792" visible="true" version="3" changeset="160068885" timestamp="2024-12-08T20:10:51Z" user="Данил Мошарев" uid="10374805" lat="40.2018184" lon="44.5003799"/>
 <node id="11070047793" visible="true" version="3" changeset="160068885" timestamp="2024-12-08T20:10:51Z" user="Данил Мошарев" uid="10374805" lat="40.2019064" lon="44.5003532"/>
 <node id="11070047794" visible="true" version="3" changeset="160068885" timestamp="2024-12-08T20:10:51Z" user="Данил Мошарев" uid="10374805" lat="40.2018300" lon="44.5004078"/>
 <node id="11070047795" visible="true" version="3" changeset="160068885" timestamp="2024-12-08T20:10:51Z" user="Данил Мошарев" uid="10374805" lat="40.2016811" lon="44.5006991"/>
 <node id="11070047796" visible="true" version="3" changeset="160068885" timestamp="2024-12-08T20:10:51Z" user="Данил Мошарев" uid="10374805" lat="40.2017576" lon="44.5006445"/>
 <node id="11070047797" visible="true" version="3" changeset="160068885" timestamp="2024-12-08T20:10:51Z" user="Данил Мошарев" uid="10374805" lat="40.2016714" lon="44.5006757"/>
 <node id="11070047798" visible="true" version="3" changeset="160068885" timestamp="2024-12-08T20:10:51Z" user="Данил Мошарев" uid="10374805" lat="40.2017478" lon="44.5006211"/>
 <node id="11070047799" visible="true" version="3" changeset="160068885" timestamp="2024-12-08T20:10:51Z" user="Данил Мошарев" uid="10374805" lat="40.2017969" lon="44.5006156"/>
 <node id="11070047800" visible="true" version="3" changeset="160068885" timestamp="2024-12-08T20:10:51Z" user="Данил Мошарев" uid="10374805" lat="40.2018720" lon="44.5005620"/>
 <node id="11070047801" visible="true" version="3" changeset="160068885" timestamp="2024-12-08T20:10:51Z" user="Данил Мошарев" uid="10374805" lat="40.2017875" lon="44.5005928"/>
 <node id="11070047802" visible="true" version="3" changeset="160068885" timestamp="2024-12-08T20:10:51Z" user="Данил Мошарев" uid="10374805" lat="40.2018625" lon="44.5005392"/>
 <node id="11070047803" visible="true" version="3" changeset="160068885" timestamp="2024-12-08T20:10:51Z" user="Данил Мошарев" uid="10374805" lat="40.2019366" lon="44.5005606"/>
 <node id="11070047804" visible="true" version="3" changeset="160068885" timestamp="2024-12-08T20:10:51Z" user="Данил Мошарев" uid="10374805" lat="40.2020093" lon="44.5005087"/>
 <node id="11070076005" visible="true" version="3" changeset="160068885" timestamp="2024-12-08T20:10:51Z" user="Данил Мошарев" uid="10374805" lat="40.2019127" lon="44.5005034"/>
 <node id="11070076006" visible="true" version="3" changeset="160068885" timestamp="2024-12-08T20:10:51Z" user="Данил Мошарев" uid="10374805" lat="40.2019854" lon="44.5004514"/>
 <node id="11070076007" visible="true" version="1" changeset="139057016" timestamp="2023-07-26T20:50:11Z" user="VlIvYur" uid="345975" lat="40.2033942" lon="44.5011240"/>
 <node id="11070076008" visible="true" version="1" changeset="139057016" timestamp="2023-07-26T20:50:11Z" user="VlIvYur" uid="345975" lat="40.2034968" lon="44.5010494"/>
 <node id="11070076009" visible="true" version="1" changeset="139057016" timestamp="2023-07-26T20:50:11Z" user="VlIvYur" uid="345975" lat="40.2034402" lon="44.5012323"/>
 <node id="11070076010" visible="true" version="1" changeset="139057016" timestamp="2023-07-26T20:50:11Z" user="VlIvYur" uid="345975" lat="40.2035428" lon="44.5011577"/>
 <node id="11070076011" visible="true" version="7" changeset="160068885" timestamp="2024-12-08T20:10:51Z" user="Данил Мошарев" uid="10374805" lat="40.2033608" lon="44.5006438">
  <tag k="addr:city" v="Երևան"/>
  <tag k="addr:country" v="AM"/>
  <tag k="addr:district" v="Արաբկիր"/>
  <tag k="addr:region" v="Երևան"/>
  <tag k="amenity" v="atm"/>
  <tag k="brand" v="ՎՏԲ"/>
  <tag k="brand:en" v="VTB"/>
  <tag k="brand:hy" v="ՎՏԲ"/>
  <tag k="brand:ru" v="ВТБ"/>
  <tag k="brand:wikidata" v="Q85983660"/>
  <tag k="cash_in" v="no"/>
  <tag k="check_date" v="2024-04-12"/>
  <tag k="contact:facebook" v="vtbarmenia"/>
  <tag k="contact:instagram" v="vtb_armenia"/>
  <tag k="contact:linkedin" v="vtb-bank-armenia"/>
  <tag k="contact:telegram" v="vtbbankarmenia"/>
  <tag k="covered" v="yes"/>
  <tag k="email" v="headoffice@vtb.am"/>
  <tag k="location" v="wall"/>
  <tag k="name:en" v="VTB"/>
  <tag k="name:hy" v="ՎՏԲ"/>
  <tag k="name:ru" v="ВТБ"/>
  <tag k="opening_hours" v="24/7"/>
  <tag k="operator" v="ՎՏԲ"/>
  <tag k="operator:wikidata" v="Q85983660"/>
  <tag k="payment:mir" v="yes"/>
  <tag k="phone" v="+374 800 08787"/>
  <tag k="ref" v="279A0138"/>
  <tag k="website" v="https://www.vtb.am/"/>
  <tag k="wheelchair" v="no"/>
 </node>
 <node id="11070076012" visible="true" version="1" changeset="139057016" timestamp="2023-07-26T20:50:11Z" user="VlIvYur" uid="345975" lat="40.2017852" lon="44.4950493"/>
 <node id="11070076013" visible="true" version="1" changeset="139057016" timestamp="2023-07-26T20:50:11Z" user="VlIvYur" uid="345975" lat="40.2047486" lon="44.4971919"/>
 <node id="11070076014" visible="true" version="1" changeset="139057016" timestamp="2023-07-26T20:50:11Z" user="VlIvYur" uid="345975" lat="40.2033805" lon="44.4939087"/>
 <node id="11070076015" visible="true" version="1" changeset="139057016" timestamp="2023-07-26T20:50:11Z" user="VlIvYur" uid="345975" lat="40.2016901" lon="44.4954023"/>
 <node id="11070076016" visible="true" version="1" changeset="139057016" timestamp="2023-07-26T20:50:11Z" user="VlIvYur" uid="345975" lat="40.2029260" lon="44.4984412"/>
 <node id="11070076017" visible="true" version="1" changeset="139057016" timestamp="2023-07-26T20:50:11Z" user="VlIvYur" uid="345975" lat="40.2008083" lon="44.4999470"/>
 <node id="11070076018" visible="true" version="1" changeset="139057016" timestamp="2023-07-26T20:50:11Z" user="VlIvYur" uid="345975" lat="40.1994782" lon="44.4967073"/>
 <node id="11070076019" visible="true" version="1" changeset="139057016" timestamp="2023-07-26T20:50:11Z" user="VlIvYur" uid="345975" lat="40.2012914" lon="44.4954048"/>
 <node id="11070076020" visible="true" version="1" changeset="139057016" timestamp="2023-07-26T20:50:11Z" user="VlIvYur" uid="345975" lat="40.2026477" lon="44.4987152"/>
 <node id="11070076021" visible="true" version="1" changeset="139057016" timestamp="2023-07-26T20:50:11Z" user="VlIvYur" uid="345975" lat="40.2043769" lon="44.5020139"/>
 <node id="11070076022" visible="true" version="1" changeset="139057016" timestamp="2023-07-26T20:50:11Z" user="VlIvYur" uid="345975" lat="40.2062083" lon="44.5007587"/>
 <node id="11070076023" visible="true" version="1" changeset="139057016" timestamp="2023-07-26T20:50:11Z" user="VlIvYur" uid="345975" lat="40.2048651" lon="44.4974680"/>
 <node id="11070076024" visible="true" version="1" changeset="139057016" timestamp="2023-07-26T20:50:11Z" user="VlIvYur" uid="345975" lat="40.2030246" lon="44.4987989"/>
 <node id="11070076025" visible="true" version="1" changeset="139057016" timestamp="2023-07-26T20:50:11Z" user="VlIvYur" uid="345975" lat="40.2026890" lon="44.4989514"/>
 <node id="11070076026" visible="true" version="1" changeset="139057016" timestamp="2023-07-26T20:50:11Z" user="VlIvYur" uid="345975" lat="40.2040261" lon="44.5022502"/>
 <node id="11070076027" visible="true" version="1" changeset="139057016" timestamp="2023-07-26T20:50:11Z" user="VlIvYur" uid="345975" lat="40.2022395" lon="44.5035125"/>
 <node id="11070076028" visible="true" version="1" changeset="139057016" timestamp="2023-07-26T20:50:11Z" user="VlIvYur" uid="345975" lat="40.2009032" lon="44.5001782"/>
 <node id="11070076029" visible="true" version="1" changeset="139057016" timestamp="2023-07-26T20:50:11Z" user="VlIvYur" uid="345975" lat="40.2032052" lon="44.5001465"/>
 <node id="11070076030" visible="true" version="1" changeset="139057016" timestamp="2023-07-26T20:50:11Z" user="VlIvYur" uid="345975" lat="40.2031095" lon="44.5002128"/>
 <node id="11070076031" visible="true" version="1" changeset="139057016" timestamp="2023-07-26T20:50:11Z" user="VlIvYur" uid="345975" lat="40.2031600" lon="44.5000345"/>
 <node id="11070076032" visible="true" version="1" changeset="139057016" timestamp="2023-07-26T20:50:11Z" user="VlIvYur" uid="345975" lat="40.2030642" lon="44.5001009"/>
 <node id="11200637213" visible="true" version="2" changeset="152113723" timestamp="2024-06-01T10:04:03Z" user="batyrmastyr" uid="5735399" lat="40.2026906" lon="44.4980365">
  <tag k="amenity" v="payment_terminal"/>
  <tag k="brand" v="ԻզիՓեյ"/>
  <tag k="brand:en" v="EasyPay"/>
  <tag k="brand:hy" v="ԻզիՓեյ"/>
  <tag k="brand:ru" v="ИзиПей"/>
  <tag k="brand:wikidata" v="Q117840019"/>
  <tag k="check_date" v="2024-06-01"/>
  <tag k="contact:facebook" v="easypayarmenia"/>
  <tag k="contact:instagram" v="easypayarmenia"/>
  <tag k="contact:linkedin" v="easy-pay-llc"/>
  <tag k="contact:twitter" v="EasyPayLLC"/>
  <tag k="contact:youtube" v="EasyPayChannel"/>
  <tag k="email" v="info@easypay.am"/>
  <tag k="location" v="outdoor"/>
  <tag k="opening_hours" v="24/7"/>
  <tag k="operator" v="Իզի Փեյ"/>
  <tag k="operator:en" v="Easy Pay"/>
  <tag k="operator:ref" v="02258501"/>
  <tag k="phone" v="+374 11 247247;+374 11 261261"/>
  <tag k="website" v="https://easypay.am/"/>
 </node>
 <node id="11200637214" visible="true" version="6" changeset="159304593" timestamp="2024-11-18T23:40:59Z" user="VlIvYur" uid="345975" lat="40.2029877" lon="44.4983769">
  <tag k="amenity" v="payment_terminal"/>
  <tag k="brand" v="ԻզիՓեյ"/>
  <tag k="brand:en" v="EasyPay"/>
  <tag k="brand:hy" v="ԻզիՓեյ"/>
  <tag k="brand:ru" v="ИзиПей"/>
  <tag k="brand:wikidata" v="Q117840019"/>
  <tag k="check_date" v="2024-06-01"/>
  <tag k="contact:facebook" v="easypayarmenia"/>
  <tag k="contact:instagram" v="easypayarmenia"/>
  <tag k="contact:linkedin" v="easy-pay-llc"/>
  <tag k="contact:twitter" v="EasyPayLLC"/>
  <tag k="contact:youtube" v="EasyPayChannel"/>
  <tag k="covered" v="yes"/>
  <tag k="email" v="info@easypay.am"/>
  <tag k="level" v="0"/>
  <tag k="location" v="wall"/>
  <tag k="opening_hours" v="24/7"/>
  <tag k="operator" v="Իզի Փեյ"/>
  <tag k="operator:en" v="Easy Pay"/>
  <tag k="operator:ref" v="02258501"/>
  <tag k="phone" v="+374 11 247247;+374 11 261261"/>
  <tag k="ref" v="7788"/>
  <tag k="website" v="https://easypay.am/"/>
 </node>
 <node id="11200637215" visible="true" version="1" changeset="141438672" timestamp="2023-09-18T19:12:59Z" user="VlIvYur" uid="345975" lat="40.2029962" lon="44.4989291">
  <tag k="highway" v="traffic_signals"/>
  <tag k="traffic_signals:direction" v="forward"/>
 </node>
 <node id="11200637216" visible="true" version="2" changeset="147961190" timestamp="2024-02-27T07:56:44Z" user="Vasak87" uid="2564602" lat="40.2026293" lon="44.4988872">
  <tag k="highway" v="traffic_signals"/>
  <tag k="traffic_signals:direction" v="forward"/>
 </node>
 <node id="11200637217" visible="true" version="1" changeset="141438672" timestamp="2023-09-18T19:12:59Z" user="VlIvYur" uid="345975" lat="40.2026530" lon="44.4984685">
  <tag k="highway" v="traffic_signals"/>
  <tag k="traffic_signals:direction" v="forward"/>
 </node>
 <node id="11200637218" visible="true" version="5" changeset="155692555" timestamp="2024-08-24T11:59:53Z" user="VlIvYur" uid="345975" lat="40.2033512" lon="44.4992994">
  <tag k="amenity" v="pharmacy"/>
  <tag k="check_date" v="2024-04-14"/>
  <tag k="opening_hours" v="09:00-23:00"/>
  <tag k="wheelchair" v="yes"/>
 </node>
 <node id="11200637219" visible="true" version="1" changeset="141438672" timestamp="2023-09-18T19:12:59Z" user="VlIvYur" uid="345975" lat="40.2037136" lon="44.4993288">
  <tag k="amenity" v="payment_terminal"/>
  <tag k="brand" v="ԻզիՓեյ"/>
  <tag k="brand:en" v="EasyPay"/>
  <tag k="brand:hy" v="ԻզիՓեյ"/>
  <tag k="brand:ru" v="ИзиПей"/>
  <tag k="brand:wikidata" v="Q117840019"/>
  <tag k="contact:facebook" v="easypayarmenia"/>
  <tag k="contact:instagram" v="easypayarmenia"/>
  <tag k="contact:linkedin" v="easy-pay-llc"/>
  <tag k="contact:twitter" v="EasyPayLLC"/>
  <tag k="contact:youtube" v="EasyPayChannel"/>
  <tag k="email" v="info@easypay.am"/>
  <tag k="location" v="outdoor"/>
  <tag k="opening_hours" v="24/7"/>
  <tag k="operator" v="Իզի Փեյ"/>
  <tag k="operator:en" v="Easy Pay"/>
  <tag k="operator:ref" v="02258501"/>
  <tag k="phone" v="+374 11 247247;+374 11 261261"/>
  <tag k="ref" v="7930"/>
  <tag k="website" v="https://easypay.am/"/>
 </node>
 <node id="11200637220" visible="true" version="1" changeset="141438672" timestamp="2023-09-18T19:12:59Z" user="VlIvYur" uid="345975" lat="40.2036967" lon="44.4993421">
  <tag k="amenity" v="parcel_locker"/>
  <tag k="brand" v="Գլոբինգ"/>
  <tag k="brand:en" v="Globbing"/>
  <tag k="brand:hy" v="Գլոբինգ"/>
  <tag k="contact:facebook" v="GlobbingArmenia"/>
  <tag k="contact:instagram" v="globbingarmenia"/>
  <tag k="contact:linkedin" v="globbing"/>
  <tag k="contact:telegram" v="globbing"/>
  <tag k="contact:twitter" v="GlobbingArmenia"/>
  <tag k="contact:youtube" v="GlobbingLLCYerevan"/>
  <tag k="email" v="info@globbing.com"/>
  <tag k="opening_hours" v="24/7"/>
  <tag k="phone" v="+374 60 616616;+374 94 616616"/>
  <tag k="website" v="https://am.globbing.com/"/>
  <tag k="wheelchair" v="limited"/>
 </node>
 <node id="11200637221" visible="true" version="4" changeset="152113533" timestamp="2024-06-01T09:59:35Z" user="batyrmastyr" uid="5735399" lat="40.2031464" lon="44.4989703">
  <tag k="amenity" v="atm"/>
  <tag k="brand" v="Արարատբանկ"/>
  <tag k="brand:en" v="Araratbank"/>
  <tag k="brand:hy" v="Արարատբանկ"/>
  <tag k="brand:ru" v="Араратбанк"/>
  <tag k="brand:wikidata" v="Q56000968"/>
  <tag k="cash_in" v="yes"/>
  <tag k="check_date" v="2024-06-01"/>
  <tag k="contact:facebook" v="AraratBankofficial"/>
  <tag k="contact:instagram" v="araratbank"/>
  <tag k="contact:linkedin" v="araratbankojsc"/>
  <tag k="contact:skype" v="araratbank_1"/>
  <tag k="contact:telegram" v="araratbanktrading"/>
  <tag k="contact:twitter" v="araratbank_ojsc"/>
  <tag k="contact:whatsapp" v="+37498192323"/>
  <tag k="contact:youtube" v="araratbankojsc7079"/>
  <tag k="covered" v="yes"/>
  <tag k="email" v="info@araratbank.am"/>
  <tag k="location" v="wall"/>
  <tag k="opening_hours" v="24/7"/>
  <tag k="operator" v="Արարատբանկ"/>
  <tag k="operator:en" v="Araratbank"/>
  <tag k="operator:hy" v="Արարատբանկ"/>
  <tag k="operator:ref" v="02500518"/>
  <tag k="operator:ru" v="Араратбанк"/>
  <tag k="phone" v="+374 10 592323;+374 99 983002"/>
  <tag k="website" v="https://www.araratbank.am/"/>
  <tag k="wheelchair" v="no"/>
 </node>
 <node id="11200637222" visible="true" version="6" changeset="155692555" timestamp="2024-08-24T11:59:53Z" user="VlIvYur" uid="345975" lat="40.2031419" lon="44.4989593">
  <tag k="amenity" v="atm"/>
  <tag k="brand" v="Արարատբանկ"/>
  <tag k="brand:en" v="Araratbank"/>
  <tag k="brand:hy" v="Արարատբանկ"/>
  <tag k="brand:ru" v="Араратбанк"/>
  <tag k="brand:wikidata" v="Q56000968"/>
  <tag k="cash_in" v="no"/>
  <tag k="check_date" v="2024-06-01"/>
  <tag k="contact:facebook" v="AraratBankofficial"/>
  <tag k="contact:instagram" v="araratbank"/>
  <tag k="contact:linkedin" v="araratbankojsc"/>
  <tag k="contact:skype" v="araratbank_1"/>
  <tag k="contact:telegram" v="araratbanktrading"/>
  <tag k="contact:twitter" v="araratbank_ojsc"/>
  <tag k="contact:whatsapp" v="+37498192323"/>
  <tag k="contact:youtube" v="araratbankojsc7079"/>
  <tag k="covered" v="yes"/>
  <tag k="email" v="info@araratbank.am"/>
  <tag k="location" v="wall"/>
  <tag k="opening_hours" v="24/7"/>
  <tag k="operator" v="Արարատբանկ"/>
  <tag k="operator:en" v="Araratbank"/>
  <tag k="operator:hy" v="Արարատբանկ"/>
  <tag k="operator:ref" v="02500518"/>
  <tag k="operator:ru" v="Араратбанк"/>
  <tag k="phone" v="+374 10 592323;+374 99 983002"/>
  <tag k="website" v="https://www.araratbank.am/"/>
  <tag k="wheelchair" v="no"/>
 </node>
 <node id="11200637223" visible="true" version="5" changeset="152113533" timestamp="2024-06-01T09:59:35Z" user="batyrmastyr" uid="5735399" lat="40.2033771" lon="44.4993701">
  <tag k="check_date" v="2024-06-01"/>
  <tag k="name" v="Hermitage"/>
  <tag k="name:en" v="Hermitage"/>
  <tag k="opening_hours" v="Mo-Su 11:00-21:00"/>
  <tag k="payment:cash" v="yes"/>
  <tag k="payment:debit_cards" v="yes"/>
  <tag k="phone" v="+374 91 72 35 22"/>
  <tag k="shop" v="perfumery"/>
  <tag k="website" v="https://hermitage.am"/>
 </node>
 <node id="11200637224" visible="true" version="1" changeset="141438672" timestamp="2023-09-18T19:12:59Z" user="VlIvYur" uid="345975" lat="40.2035897" lon="44.4993196"/>
 <node id="11200637225" visible="true" version="1" changeset="141438672" timestamp="2023-09-18T19:12:59Z" user="VlIvYur" uid="345975" lat="40.2037674" lon="44.4991951"/>
 <node id="11200637226" visible="true" version="1" changeset="141438672" timestamp="2023-09-18T19:12:59Z" user="VlIvYur" uid="345975" lat="40.2038442" lon="44.4994857"/>
 <node id="11200637227" visible="true" version="1" changeset="141438672" timestamp="2023-09-18T19:12:59Z" user="VlIvYur" uid="345975" lat="40.2038117" lon="44.4994061"/>
 <node id="11200637228" visible="true" version="1" changeset="141438672" timestamp="2023-09-18T19:12:59Z" user="VlIvYur" uid="345975" lat="40.2038609" lon="44.4994742"/>
 <node id="11200637229" visible="true" version="1" changeset="141438672" timestamp="2023-09-18T19:12:59Z" user="VlIvYur" uid="345975" lat="40.2034505" lon="44.4997998"/>
 <node id="11200637230" visible="true" version="1" changeset="141438672" timestamp="2023-09-18T19:12:59Z" user="VlIvYur" uid="345975" lat="40.2038566" lon="44.4995160"/>
 <node id="11200637231" visible="true" version="1" changeset="141438672" timestamp="2023-09-18T19:12:59Z" user="VlIvYur" uid="345975" lat="40.2039423" lon="44.4996754"/>
 <node id="11200637232" visible="true" version="1" changeset="141438672" timestamp="2023-09-18T19:12:59Z" user="VlIvYur" uid="345975" lat="40.2038055" lon="44.4994104"/>
 <node id="11200637233" visible="true" version="1" changeset="141438672" timestamp="2023-09-18T19:12:59Z" user="VlIvYur" uid="345975" lat="40.2040965" lon="44.4995685"/>
 <node id="11200637234" visible="true" version="1" changeset="141438672" timestamp="2023-09-18T19:12:59Z" user="VlIvYur" uid="345975" lat="40.2039829" lon="44.4992875"/>
 <node id="11200637235" visible="true" version="1" changeset="141438672" timestamp="2023-09-18T19:12:59Z" user="VlIvYur" uid="345975" lat="40.2035566" lon="44.4993429">
  <tag k="entrance" v="staircase"/>
  <tag k="ref" v="2"/>
 </node>
 <node id="11200637236" visible="true" version="1" changeset="141438672" timestamp="2023-09-18T19:12:59Z" user="VlIvYur" uid="345975" lat="40.2036236" lon="44.4994086">
  <tag k="entrance" v="staircase"/>
  <tag k="ref" v="1"/>
 </node>
 <node id="11200729937" visible="true" version="2" changeset="154377298" timestamp="2024-07-25T06:31:16Z" user="dmr090909" uid="21329882" lat="40.2035373" lon="44.4991705">
  <tag k="entrance" v="staircase"/>
  <tag k="ref" v="3"/>
 </node>
 <node id="11209489787" visible="true" version="5" changeset="178986714" timestamp="2026-02-24T12:35:55Z" user="aq123" uid="4289510" lat="40.2015405" lon="44.4962119">
  <tag k="amenity" v="pharmacy"/>
  <tag k="brand" v="Գեդեոն Ռիխտեր"/>
  <tag k="brand:en" v="Gedeon Richter"/>
  <tag k="brand:hy" v="Գեդեոն Ռիխտեր"/>
  <tag k="brand:ru" v="Гедеон Рихтер"/>
  <tag k="brand:wikidata" v="Q138454503"/>
  <tag k="check_date" v="2024-10-19"/>
  <tag k="contact:facebook" v="gedeon.richter.pharmacy"/>
  <tag k="contact:instagram" v="gedeon.richter.pharmacy"/>
  <tag k="email" v="online@rg-pharm.am"/>
  <tag k="healthcare" v="pharmacy"/>
  <tag k="mobile" v="+374 96 169620"/>
  <tag k="name" v="Գեդեոն Ռիխտեր"/>
  <tag k="name:en" v="Gedeon Richter"/>
  <tag k="name:hy" v="Գեդեոն Ռիխտեր"/>
  <tag k="name:ru" v="Гедеон Рихтер"/>
  <tag k="opening_hours" v="Mo-Sa 08:30-23:00; Su 09:00-23:00"/>
  <tag k="phone" v="+374 11 818181"/>
  <tag k="website" v="https://richter.am/"/>
  <tag k="wheelchair" v="yes"/>
 </node>
 <node id="11259386519" visible="true" version="1" changeset="142510987" timestamp="2023-10-13T08:09:24Z" user="Noktoborus" uid="540529" lat="40.2050205" lon="44.4976063"/>
 <node id="11282037249" visible="true" version="2" changeset="142983168" timestamp="2023-10-22T19:28:41Z" user="Noktoborus" uid="540529" lat="40.2016473" lon="44.4956150">
  <tag k="highway" v="traffic_signals"/>
  <tag k="traffic_signals:direction" v="forward"/>
 </node>
 <node id="11292920461" visible="true" version="2" changeset="158902329" timestamp="2024-11-08T16:21:27Z" user="Greg91" uid="1704044" lat="40.2030618" lon="44.4996904">
  <tag k="access" v="yes"/>
  <tag k="amenity" v="waste_disposal"/>
  <tag k="waste" v="mixed"/>
 </node>
 <node id="11292920462" visible="true" version="1" changeset="143204375" timestamp="2023-10-27T10:18:48Z" user="Алексей Чубуков" uid="5503027" lat="40.2024733" lon="44.4982641">
  <tag k="amenity" v="bench"/>
  <tag k="backrest" v="yes"/>
  <tag k="material" v="wood"/>
 </node>
 <node id="11293462957" visible="true" version="4" changeset="149872790" timestamp="2024-04-11T16:24:34Z" user="batyrmastyr" uid="5735399" lat="40.2024691" lon="44.4986145">
  <tag k="check_date" v="2024-04-11"/>
  <tag k="name" v="«ՄԵՐԻ»"/>
  <tag k="name:en" v="&quot;Mary&quot; Parfum"/>
  <tag k="name:hy" v="«ՄԵՐԻ»"/>
  <tag k="opening_hours" v="Mo-Su 10:30-20:30"/>
  <tag k="payment:cash" v="yes"/>
  <tag k="payment:debit_cards" v="yes"/>
  <tag k="phone" v="+374 11 88 80 00"/>
  <tag k="shop" v="perfumery"/>
  <tag k="website" v="https://www.maryparfum.am/"/>
 </node>
 <node id="11298001890" visible="true" version="8" changeset="152113723" timestamp="2024-06-01T10:04:03Z" user="batyrmastyr" uid="5735399" lat="40.2021372" lon="44.4994002">
  <tag k="check_date" v="2024-06-01"/>
  <tag k="name" v="Zoovet.am"/>
  <tag k="opening_hours" v="Mo-Su 10:00-22:00"/>
  <tag k="payment:credit_cards" v="yes"/>
  <tag k="payment:debit_cards" v="yes"/>
  <tag k="shop" v="pet"/>
  <tag k="wheelchair" v="no"/>
 </node>
 <node id="11310042281" visible="true" version="1" changeset="143581500" timestamp="2023-11-03T16:03:15Z" user="Noktoborus" uid="540529" lat="40.2036074" lon="44.4967563"/>
 <node id="11310042282" visible="true" version="1" changeset="143581500" timestamp="2023-11-03T16:03:15Z" user="Noktoborus" uid="540529" lat="40.2037872" lon="44.4972329"/>
 <node id="11310042283" visible="true" version="1" changeset="143581500" timestamp="2023-11-03T16:03:15Z" user="Noktoborus" uid="540529" lat="40.2039748" lon="44.4971117"/>
 <node id="11310042284" visible="true" version="1" changeset="143581500" timestamp="2023-11-03T16:03:15Z" user="Noktoborus" uid="540529" lat="40.2037590" lon="44.4965392"/>
 <node id="11310042285" visible="true" version="1" changeset="143581500" timestamp="2023-11-03T16:03:15Z" user="Noktoborus" uid="540529" lat="40.2036494" lon="44.4966101"/>
 <node id="11310042286" visible="true" version="1" changeset="143581500" timestamp="2023-11-03T16:03:15Z" user="Noktoborus" uid="540529" lat="40.2036855" lon="44.4967058"/>
 <node id="11310042287" visible="true" version="1" changeset="143581500" timestamp="2023-11-03T16:03:15Z" user="Noktoborus" uid="540529" lat="40.2034384" lon="44.4967722"/>
 <node id="11310042288" visible="true" version="1" changeset="143581500" timestamp="2023-11-03T16:03:15Z" user="Noktoborus" uid="540529" lat="40.2037474" lon="44.4975811"/>
 <node id="11310042289" visible="true" version="1" changeset="143581500" timestamp="2023-11-03T16:03:15Z" user="Noktoborus" uid="540529" lat="40.2036981" lon="44.4974520">
  <tag k="barrier" v="bollard"/>
 </node>
 <node id="11310042291" visible="true" version="1" changeset="143581500" timestamp="2023-11-03T16:03:15Z" user="Noktoborus" uid="540529" lat="40.2038176" lon="44.4974369"/>
 <node id="11310042292" visible="true" version="1" changeset="143581500" timestamp="2023-11-03T16:03:15Z" user="Noktoborus" uid="540529" lat="40.2038533" lon="44.4974157"/>
 <node id="11310042293" visible="true" version="1" changeset="143581500" timestamp="2023-11-03T16:03:15Z" user="Noktoborus" uid="540529" lat="40.2038051" lon="44.4972845"/>
 <node id="11310042294" visible="true" version="1" changeset="143581500" timestamp="2023-11-03T16:03:15Z" user="Noktoborus" uid="540529" lat="40.2040792" lon="44.4972736"/>
 <node id="11310042295" visible="true" version="1" changeset="143581500" timestamp="2023-11-03T16:03:15Z" user="Noktoborus" uid="540529" lat="40.2040310" lon="44.4971422"/>
 <node id="11310042296" visible="true" version="1" changeset="143581500" timestamp="2023-11-03T16:03:15Z" user="Noktoborus" uid="540529" lat="40.2036580" lon="44.4973469"/>
 <node id="11310042297" visible="true" version="1" changeset="143581500" timestamp="2023-11-03T16:03:15Z" user="Noktoborus" uid="540529" lat="40.2039910" lon="44.4971370"/>
 <node id="11310042298" visible="true" version="1" changeset="143581500" timestamp="2023-11-03T16:03:15Z" user="Noktoborus" uid="540529" lat="40.2030397" lon="44.4980686"/>
 <node id="11310042299" visible="true" version="1" changeset="143581500" timestamp="2023-11-03T16:03:15Z" user="Noktoborus" uid="540529" lat="40.2037943" lon="44.4973722">
  <tag k="entrance" v="yes"/>
 </node>
 <node id="11310042300" visible="true" version="1" changeset="143581500" timestamp="2023-11-03T16:03:15Z" user="Noktoborus" uid="540529" lat="40.2040464" lon="44.4971353"/>
 <node id="11310042301" visible="true" version="1" changeset="143581500" timestamp="2023-11-03T16:03:15Z" user="Noktoborus" uid="540529" lat="40.2040983" lon="44.4972750"/>
 <node id="11310042302" visible="true" version="1" changeset="143581500" timestamp="2023-11-03T16:03:15Z" user="Noktoborus" uid="540529" lat="40.2042130" lon="44.4972020"/>
 <node id="11310042303" visible="true" version="1" changeset="143581500" timestamp="2023-11-03T16:03:15Z" user="Noktoborus" uid="540529" lat="40.2041612" lon="44.4970623"/>
 <node id="11310042304" visible="true" version="1" changeset="143581500" timestamp="2023-11-03T16:03:15Z" user="Noktoborus" uid="540529" lat="40.2045594" lon="44.4968613"/>
 <node id="11310042305" visible="true" version="1" changeset="143581500" timestamp="2023-11-03T16:03:15Z" user="Noktoborus" uid="540529" lat="40.2042759" lon="44.4970381"/>
 <node id="11310042306" visible="true" version="1" changeset="143581500" timestamp="2023-11-03T16:03:15Z" user="Noktoborus" uid="540529" lat="40.2042958" lon="44.4970927"/>
 <node id="11310042307" visible="true" version="1" changeset="143581500" timestamp="2023-11-03T16:03:15Z" user="Noktoborus" uid="540529" lat="40.2045792" lon="44.4969160"/>
 <node id="11310042308" visible="true" version="1" changeset="143581500" timestamp="2023-11-03T16:03:15Z" user="Noktoborus" uid="540529" lat="40.2038206" lon="44.4965380"/>
 <node id="11310042321" visible="true" version="1" changeset="143581500" timestamp="2023-11-03T16:03:15Z" user="Noktoborus" uid="540529" lat="40.2036254" lon="44.4961480"/>
 <node id="11310042322" visible="true" version="1" changeset="143581500" timestamp="2023-11-03T16:03:15Z" user="Noktoborus" uid="540529" lat="40.2036560" lon="44.4962093"/>
 <node id="11310042323" visible="true" version="1" changeset="143581500" timestamp="2023-11-03T16:03:15Z" user="Noktoborus" uid="540529" lat="40.2037467" lon="44.4961315"/>
 <node id="11310042324" visible="true" version="1" changeset="143581500" timestamp="2023-11-03T16:03:15Z" user="Noktoborus" uid="540529" lat="40.2037161" lon="44.4960703"/>
 <node id="11310042325" visible="true" version="1" changeset="143581500" timestamp="2023-11-03T16:03:15Z" user="Noktoborus" uid="540529" lat="40.2033662" lon="44.4964472"/>
 <node id="11310042326" visible="true" version="1" changeset="143581500" timestamp="2023-11-03T16:03:15Z" user="Noktoborus" uid="540529" lat="40.2034314" lon="44.4962202"/>
 <node id="11310042327" visible="true" version="1" changeset="143581500" timestamp="2023-11-03T16:03:15Z" user="Noktoborus" uid="540529" lat="40.2034539" lon="44.4962873">
  <tag k="natural" v="tree"/>
 </node>
 <node id="11310042328" visible="true" version="1" changeset="143581500" timestamp="2023-11-03T16:03:15Z" user="Noktoborus" uid="540529" lat="40.2035044" lon="44.4962710">
  <tag k="natural" v="tree"/>
 </node>
 <node id="11310042329" visible="true" version="1" changeset="143581500" timestamp="2023-11-03T16:03:15Z" user="Noktoborus" uid="540529" lat="40.2029164" lon="44.4964576"/>
 <node id="11310042330" visible="true" version="1" changeset="143581500" timestamp="2023-11-03T16:03:15Z" user="Noktoborus" uid="540529" lat="40.2030529" lon="44.4967623"/>
 <node id="11310042331" visible="true" version="1" changeset="143581500" timestamp="2023-11-03T16:03:15Z" user="Noktoborus" uid="540529" lat="40.2031385" lon="44.4966105"/>
 <node id="11310042332" visible="true" version="1" changeset="143581500" timestamp="2023-11-03T16:03:15Z" user="Noktoborus" uid="540529" lat="40.2031839" lon="44.4964191"/>
 <node id="11310042333" visible="true" version="1" changeset="143581500" timestamp="2023-11-03T16:03:15Z" user="Noktoborus" uid="540529" lat="40.2031822" lon="44.4962953"/>
 <node id="11398327325" visible="true" version="6" changeset="179117376" timestamp="2026-02-27T07:41:15Z" user="aq123" uid="4289510" lat="40.2028583" lon="44.4997156">
  <tag k="addr:housenumber" v="22"/>
  <tag k="addr:street" v="Կոմիտասի պողոտա"/>
  <tag k="brand" v="Ozon"/>
  <tag k="brand:wikidata" v="Q2365235"/>
  <tag k="check_date" v="2025-01-02"/>
  <tag k="contact:instagram" v="https://www.instagram.com/ozon_business_cis"/>
  <tag k="contact:ok" v="ozon"/>
  <tag k="contact:phone" v="+7 800 7750880"/>
  <tag k="contact:telegram" v="ozonru"/>
  <tag k="contact:vk" v="ozon"/>
  <tag k="contact:website" v="https://www.ozon.ru/"/>
  <tag k="email" v="help@ozon.ru"/>
  <tag k="internet_access" v="no"/>
  <tag k="level" v="0"/>
  <tag k="name" v="Ozon"/>
  <tag k="name:hy" v="Ozon"/>
  <tag k="opening_hours" v="09:00-21:00"/>
  <tag k="shop" v="outpost"/>
  <tag k="source" v="survey"/>
  <tag k="wheelchair" v="yes"/>
 </node>
 <node id="11403541297" visible="true" version="1" changeset="144911370" timestamp="2023-12-08T17:09:14Z" user="batyrmastyr" uid="5735399" lat="40.2022562" lon="44.4967099">
  <tag k="amenity" v="restaurant"/>
  <tag k="brand" v="Pizza Hut"/>
  <tag k="brand:wikidata" v="Q191615"/>
  <tag k="check_date" v="2023-12-08"/>
  <tag k="cuisine" v="pizza"/>
  <tag k="name" v="Pizza Hut"/>
 </node>
 <node id="11403576742" visible="true" version="4" changeset="165124158" timestamp="2025-04-18T17:53:42Z" user="Kandratt" uid="17793573" lat="40.2039215" lon="44.5007409">
  <tag k="check_date" v="2025-04-18"/>
  <tag k="check_date:opening_hours" v="2025-04-18"/>
  <tag k="clothes" v="women"/>
  <tag k="name" v="Modamio"/>
  <tag k="name:en" v="Modamio"/>
  <tag k="opening_hours" v="Mo-Su 10:00-21:00"/>
  <tag k="shop" v="clothes"/>
 </node>
 <node id="11466670229" visible="true" version="1" changeset="145675140" timestamp="2023-12-29T19:42:24Z" user="VlIvYur" uid="345975" lat="40.2015380" lon="44.4961452"/>
 <node id="11466670230" visible="true" version="1" changeset="145675140" timestamp="2023-12-29T19:42:24Z" user="VlIvYur" uid="345975" lat="40.2014750" lon="44.4961886"/>
 <node id="11466670231" visible="true" version="1" changeset="145675140" timestamp="2023-12-29T19:42:24Z" user="VlIvYur" uid="345975" lat="40.2014090" lon="44.4960242"/>
 <node id="11468714165" visible="true" version="4" changeset="155692555" timestamp="2024-08-24T11:59:53Z" user="VlIvYur" uid="345975" lat="40.2034805" lon="44.4996254">
  <tag k="check_date" v="2024-06-01"/>
  <tag k="name" v="Mankan"/>
  <tag k="opening_hours" v="10:00-20:00"/>
  <tag k="shop" v="toys"/>
  <tag k="wheelchair" v="yes"/>
 </node>
 <node id="11468734101" visible="true" version="4" changeset="152113505" timestamp="2024-06-01T09:58:43Z" user="batyrmastyr" uid="5735399" lat="40.2037250" lon="44.5002906">
  <tag k="check_date" v="2024-06-01"/>
  <tag k="name" v="Duson"/>
  <tag k="opening_hours" v="Mo-Sa 10:00-19:00; Su 11:00-18:30"/>
  <tag k="shop" v="bed"/>
 </node>
 <node id="11470778373" visible="true" version="3" changeset="160068885" timestamp="2024-12-08T20:10:51Z" user="Данил Мошарев" uid="10374805" lat="40.2013844" lon="44.5012907">
  <tag k="amenity" v="atm"/>
  <tag k="brand" v="Յունիբանկ"/>
  <tag k="brand:en" v="Unibank"/>
  <tag k="brand:hy" v="Յունիբանկ"/>
  <tag k="brand:ru" v="Юнибанк"/>
  <tag k="brand:wikidata" v="Q116033349"/>
  <tag k="check_date" v="2024-03-02"/>
  <tag k="name:en" v="Unibank"/>
  <tag k="name:hy" v="Յունիբանկ"/>
  <tag k="name:ru" v="Юнибанк"/>
  <tag k="opening_hours" v="24/7"/>
  <tag k="operator" v="Յունիբանկ"/>
  <tag k="operator:wikidata" v="Q116033349"/>
 </node>
 <node id="11473057749" visible="true" version="3" changeset="155692555" timestamp="2024-08-24T11:59:53Z" user="VlIvYur" uid="345975" lat="40.2030072" lon="44.4983448">
  <tag k="check_date" v="2023-09-18"/>
  <tag k="clothes" v="men"/>
  <tag k="level" v="0"/>
  <tag k="name" v="Veratti"/>
  <tag k="shop" v="clothes"/>
 </node>
 <node id="11563391185" visible="true" version="1" changeset="146806957" timestamp="2024-01-29T06:46:44Z" user="LakeArendsee" uid="18064850" lat="40.2048045" lon="44.4977596"/>
 <node id="11563391186" visible="true" version="1" changeset="146806957" timestamp="2024-01-29T06:46:44Z" user="LakeArendsee" uid="18064850" lat="40.2039803" lon="44.4983212"/>
 <node id="11563394803" visible="true" version="1" changeset="146806620" timestamp="2024-01-29T06:36:20Z" user="LakeArendsee" uid="18064850" lat="40.2015517" lon="44.4981694"/>
 <node id="11563394804" visible="true" version="3" changeset="152577141" timestamp="2024-06-12T08:57:19Z" user="Noktoborus" uid="540529" lat="40.2018154" lon="44.4982011"/>
 <node id="11563394805" visible="true" version="1" changeset="146806620" timestamp="2024-01-29T06:36:20Z" user="LakeArendsee" uid="18064850" lat="40.2016715" lon="44.4983169"/>
 <node id="11563394806" visible="true" version="1" changeset="146806620" timestamp="2024-01-29T06:36:20Z" user="LakeArendsee" uid="18064850" lat="40.2016464" lon="44.4983277"/>
 <node id="11563394807" visible="true" version="1" changeset="146806620" timestamp="2024-01-29T06:36:20Z" user="LakeArendsee" uid="18064850" lat="40.2016229" lon="44.4983149"/>
 <node id="11563394808" visible="true" version="1" changeset="146806620" timestamp="2024-01-29T06:36:20Z" user="LakeArendsee" uid="18064850" lat="40.2015886" lon="44.4982606"/>
 <node id="11563394809" visible="true" version="1" changeset="146806620" timestamp="2024-01-29T06:36:20Z" user="LakeArendsee" uid="18064850" lat="40.2015163" lon="44.4980742"/>
 <node id="11563394810" visible="true" version="1" changeset="146806620" timestamp="2024-01-29T06:36:20Z" user="LakeArendsee" uid="18064850" lat="40.2015046" lon="44.4980266"/>
 <node id="11563394811" visible="true" version="1" changeset="146806620" timestamp="2024-01-29T06:36:20Z" user="LakeArendsee" uid="18064850" lat="40.2015122" lon="44.4979937"/>
 <node id="11563394812" visible="true" version="1" changeset="146806620" timestamp="2024-01-29T06:36:20Z" user="LakeArendsee" uid="18064850" lat="40.2015419" lon="44.4979703"/>
 <node id="11563394813" visible="true" version="2" changeset="152577141" timestamp="2024-06-12T08:57:19Z" user="Noktoborus" uid="540529" lat="40.2016834" lon="44.4978734"/>
 <node id="11568953658" visible="true" version="3" changeset="153364692" timestamp="2024-06-30T11:27:03Z" user="Noktoborus" uid="540529" lat="40.2023443" lon="44.4987341">
  <tag k="barrier" v="bollard"/>
  <tag k="bollard" v="fixed"/>
 </node>
 <node id="11569098304" visible="true" version="3" changeset="156939055" timestamp="2024-09-22T09:33:19Z" user="smallq" uid="8113635" lat="40.2024342" lon="44.4992031">
  <tag k="addr:city" v="Երևան"/>
  <tag k="addr:housenumber" v="22"/>
  <tag k="addr:street" v="Վաղարշ Վաղարշյան փողոց"/>
  <tag k="name" v="Melani Nail Studio"/>
  <tag k="name:en" v="Melani Nail Studio"/>
  <tag k="name:hy" v="Մելանի"/>
  <tag k="opening_hours" v="Mo-Su 10:00-20:00"/>
  <tag k="shop" v="beauty"/>
 </node>
 <node id="11573195797" visible="true" version="1" changeset="146906511" timestamp="2024-01-31T13:57:05Z" user="aq123" uid="4289510" lat="40.2022690" lon="44.4967808">
  <tag k="access" v="private"/>
  <tag k="barrier" v="gate"/>
  <tag k="locked" v="yes"/>
 </node>
 <node id="11581495674" visible="true" version="2" changeset="149873338" timestamp="2024-04-11T16:38:04Z" user="batyrmastyr" uid="5735399" lat="40.2038824" lon="44.5006369">
  <tag k="amenity" v="dentist"/>
  <tag k="check_date" v="2024-04-11"/>
  <tag k="healthcare" v="dentist"/>
  <tag k="name" v="Master Dent"/>
 </node>
 <node id="11581495675" visible="true" version="3" changeset="149873338" timestamp="2024-04-11T16:38:04Z" user="batyrmastyr" uid="5735399" lat="40.2038234" lon="44.5004795">
  <tag k="check_date" v="2024-04-11"/>
  <tag k="name" v="Belisa"/>
  <tag k="opening_hours" v="10:00-20:30"/>
  <tag k="payment:american_express" v="yes"/>
  <tag k="payment:cash" v="yes"/>
  <tag k="payment:credit_cards" v="yes"/>
  <tag k="payment:debit_cards" v="yes"/>
  <tag k="payment:mastercard" v="yes"/>
  <tag k="payment:visa" v="yes"/>
  <tag k="shop" v="jewelry"/>
 </node>
 <node id="11581495676" visible="true" version="5" changeset="155692555" timestamp="2024-08-24T11:59:53Z" user="VlIvYur" uid="345975" lat="40.2036676" lon="44.5001267">
  <tag k="amenity" v="post_office"/>
  <tag k="brand" v="ՍԴԵԿ"/>
  <tag k="brand:en" v="CDEK"/>
  <tag k="brand:hy" v="ՍԴԵԿ"/>
  <tag k="brand:ru" v="СДЭК"/>
  <tag k="brand:wikidata" v="Q28665980"/>
  <tag k="brand:wikipedia" v="ru:СДЭК"/>
  <tag k="check_date" v="2024-06-01"/>
  <tag k="contact:email" v="k.eremian@cdek.ru"/>
  <tag k="contact:phone" v="+374 60 440660;+374 95 075001"/>
  <tag k="contact:telegram" v="cdeknews"/>
  <tag k="contact:vk" v="cdek_express"/>
  <tag k="contact:website" v="https://cdek-am.com/"/>
  <tag k="email" v="k.eremian@cdek.ru"/>
  <tag k="name" v="CDEK"/>
  <tag k="name:hy" v="CDEK"/>
  <tag k="name:ru" v="СДЭК"/>
  <tag k="opening_hours" v="Mo-Fr 10:00-21:00; Sa-Su 10:00-19:00"/>
  <tag k="operator" v="ՍԴԵԿ-Էյէմ"/>
  <tag k="operator:ref" v="00897645"/>
  <tag k="phone" v="+374 95 075001 ;+374 60 440660"/>
  <tag k="ref" v="YERE19"/>
  <tag k="website" v="https://www.cdek.ru/"/>
  <tag k="wheelchair" v="no"/>
 </node>
 <node id="11581495677" visible="true" version="3" changeset="155692555" timestamp="2024-08-24T11:59:53Z" user="VlIvYur" uid="345975" lat="40.2036103" lon="44.4999861">
  <tag k="check_date" v="2024-06-01"/>
  <tag k="name" v="Danz"/>
  <tag k="opening_hours" v="10:00-22:00"/>
  <tag k="shop" v="optician"/>
 </node>
 <node id="11581495678" visible="true" version="4" changeset="155692555" timestamp="2024-08-24T11:59:53Z" user="VlIvYur" uid="345975" lat="40.2036536" lon="44.4997955">
  <tag k="check_date" v="2024-06-01"/>
  <tag k="name" v="La Casa"/>
  <tag k="name:en" v="La Casa"/>
  <tag k="name:hy" v="ԼԱ ԿԱՍԱ"/>
  <tag k="opening_hours" v="Mo-Fr 11:00-20:00; Sa-Su 12:00-19:00"/>
  <tag k="shop" v="furniture"/>
 </node>
 <node id="11581495679" visible="true" version="2" changeset="149874019" timestamp="2024-04-11T16:55:48Z" user="batyrmastyr" uid="5735399" lat="40.2034034" lon="44.4994472">
  <tag k="check_date" v="2024-04-11"/>
  <tag k="name" v="The house"/>
  <tag k="opening_hours" v="10:00-22:00"/>
  <tag k="shop" v="alcohol"/>
 </node>
 <node id="11581495680" visible="true" version="3" changeset="151423819" timestamp="2024-05-16T19:15:20Z" user="heavis" uid="14360376" lat="40.2033322" lon="44.4990960">
  <tag k="check_date" v="2024-04-11"/>
  <tag k="name" v="Premium Bakery"/>
  <tag k="shop" v="bakery"/>
 </node>
 <node id="11584287865" visible="true" version="3" changeset="149873096" timestamp="2024-04-11T16:31:48Z" user="batyrmastyr" uid="5735399" lat="40.2023280" lon="44.4982393">
  <tag k="check_date" v="2024-04-11"/>
  <tag k="name" v="Dan dessert"/>
  <tag k="shop" v="confectionery"/>
 </node>
 <node id="11584287866" visible="true" version="3" changeset="179604201" timestamp="2026-03-09T20:53:20Z" user="Arthur Ter-Grigoryan" uid="3013708" lat="40.2025041" lon="44.4987373">
  <tag k="disused:shop" v="hairdresser"/>
 </node>
 <node id="11584287867" visible="true" version="2" changeset="149872790" timestamp="2024-04-11T16:24:34Z" user="batyrmastyr" uid="5735399" lat="40.2025133" lon="44.4986923">
  <tag k="check_date" v="2024-04-11"/>
  <tag k="shop" v="butcher"/>
 </node>
 <node id="11584287868" visible="true" version="5" changeset="160883080" timestamp="2025-01-01T19:49:02Z" user="Данил Мошарев" uid="10374805" lat="40.2027427" lon="44.4990425">
  <tag k="check_date" v="2024-09-22"/>
  <tag k="check_date:opening_hours" v="2024-09-22"/>
  <tag k="name:signed" v="no"/>
  <tag k="opening_hours:signed" v="no"/>
  <tag k="shop" v="florist"/>
 </node>
 <node id="11584341969" visible="true" version="1" changeset="147055337" timestamp="2024-02-04T14:08:01Z" user="batyrmastyr" uid="5735399" lat="40.2031333" lon="44.5001263">
  <tag k="amenity" v="bar"/>
  <tag k="check_date" v="2024-02-04"/>
 </node>
 <node id="11584341970" visible="true" version="1" changeset="147055337" timestamp="2024-02-04T14:08:01Z" user="batyrmastyr" uid="5735399" lat="40.2032274" lon="44.5004078">
  <tag k="check_date" v="2024-02-04"/>
  <tag k="shop" v="clothes"/>
 </node>
 <node id="11584341971" visible="true" version="1" changeset="147055337" timestamp="2024-02-04T14:08:01Z" user="batyrmastyr" uid="5735399" lat="40.2032978" lon="44.5005767">
  <tag k="check_date" v="2024-02-04"/>
  <tag k="name:en" v="Bohemia"/>
  <tag k="shop" v="houseware"/>
 </node>
 <node id="11584341972" visible="true" version="1" changeset="147055337" timestamp="2024-02-04T14:08:01Z" user="batyrmastyr" uid="5735399" lat="40.2033614" lon="44.5007423">
  <tag k="check_date" v="2024-02-04"/>
  <tag k="craft" v="electronics_repair"/>
  <tag k="name" v="iBOLIT"/>
 </node>
 <node id="11584341973" visible="true" version="1" changeset="147055337" timestamp="2024-02-04T14:08:01Z" user="batyrmastyr" uid="5735399" lat="40.2033944" lon="44.5008239">
  <tag k="check_date" v="2024-02-04"/>
  <tag k="shop" v="clothes"/>
 </node>
 <node id="11658163637" visible="true" version="1" changeset="147834435" timestamp="2024-02-23T21:06:37Z" user="VlIvYur" uid="345975" lat="40.2020920" lon="44.4962516">
  <tag k="addr:door" v="104"/>
  <tag k="addr:housenumber" v="3"/>
  <tag k="addr:street" v="Կոմիտասի պողոտա"/>
  <tag k="shop" v="doityourself"/>
 </node>
 <node id="11668441165" visible="true" version="4" changeset="159304593" timestamp="2024-11-18T23:40:59Z" user="VlIvYur" uid="345975" lat="40.2029039" lon="44.4987045"/>
 <node id="11668441166" visible="true" version="4" changeset="159304593" timestamp="2024-11-18T23:40:59Z" user="VlIvYur" uid="345975" lat="40.2027833" lon="44.4987847"/>
 <node id="11668441167" visible="true" version="3" changeset="159304593" timestamp="2024-11-18T23:40:59Z" user="VlIvYur" uid="345975" lat="40.2026712" lon="44.4988593">
  <tag k="button_operated" v="no"/>
  <tag k="crossing" v="traffic_signals"/>
  <tag k="crossing:island" v="no"/>
  <tag k="highway" v="crossing"/>
  <tag k="traffic_signals:sound" v="no"/>
  <tag k="traffic_signals:vibration" v="no"/>
 </node>
 <node id="11668536569" visible="true" version="2" changeset="152734995" timestamp="2024-06-15T19:14:01Z" user="Noktoborus" uid="540529" lat="40.2017539" lon="44.4995097"/>
 <node id="11683967714" visible="true" version="2" changeset="150742003" timestamp="2024-05-01T10:01:33Z" user="batyrmastyr" uid="5735399" lat="40.2012270" lon="44.5008749">
  <tag k="check_date" v="2024-05-01"/>
  <tag k="shop" v="greengrocer"/>
 </node>
 <node id="11690084876" visible="true" version="1" changeset="148193137" timestamp="2024-03-04T07:40:53Z" user="Vasak87" uid="2564602" lat="40.2025542" lon="44.4990928"/>
 <node id="11690084877" visible="true" version="1" changeset="148193137" timestamp="2024-03-04T07:40:53Z" user="Vasak87" uid="2564602" lat="40.2026117" lon="44.4992387"/>
 <node id="11773332474" visible="true" version="3" changeset="155692555" timestamp="2024-08-24T11:59:53Z" user="VlIvYur" uid="345975" lat="40.2034136" lon="44.4995053">
  <tag k="amenity" v="doctors"/>
  <tag k="brand" v="Avanta"/>
  <tag k="check_date" v="2024-04-11"/>
  <tag k="contact:email" v="info@avanta.am"/>
  <tag k="contact:phone" v="+374 12 323232"/>
  <tag k="contact:website" v="https://avanta.am/"/>
  <tag k="contact:youtube" v="AntherisClinics"/>
  <tag k="healthcare" v="clinic"/>
  <tag k="name" v="Avanta"/>
  <tag k="opening_hours" v="10:00-22:00"/>
 </node>
 <node id="11773332475" visible="true" version="4" changeset="156939055" timestamp="2024-09-22T09:30:22Z" user="smallq" uid="8113635" lat="40.2030940" lon="44.4987458">
  <tag k="check_date" v="2024-09-22"/>
  <tag k="check_date:opening_hours" v="2024-09-22"/>
  <tag k="name:signed" v="no"/>
  <tag k="opening_hours:signed" v="no"/>
  <tag k="shop" v="florist"/>
 </node>
 <node id="11773332476" visible="true" version="1" changeset="149344255" timestamp="2024-03-30T10:07:37Z" user="batyrmastyr" uid="5735399" lat="40.2024879" lon="44.4991488">
  <tag k="check_date" v="2024-03-30"/>
  <tag k="name" v="Taox"/>
  <tag k="shop" v="perfumery"/>
 </node>
 <node id="11773332477" visible="true" version="1" changeset="149344255" timestamp="2024-03-30T10:07:37Z" user="batyrmastyr" uid="5735399" lat="40.2019142" lon="44.4995422">
  <tag k="check_date" v="2024-03-30"/>
  <tag k="name" v="Arpa-Sevan"/>
  <tag k="office" v="yes"/>
 </node>
 <node id="11799440027" visible="true" version="1" changeset="149685625" timestamp="2024-04-07T10:17:30Z" user="batyrmastyr" uid="5735399" lat="40.2029210" lon="44.4983697">
  <tag k="check_date" v="2024-04-07"/>
  <tag k="shop" v="mobile_phone"/>
 </node>
 <node id="11799440028" visible="true" version="1" changeset="149685625" timestamp="2024-04-07T10:17:30Z" user="batyrmastyr" uid="5735399" lat="40.2024218" lon="44.4987710">
  <tag k="check_date" v="2024-04-07"/>
  <tag k="shop" v="copyshop"/>
 </node>
 <node id="11799440029" visible="true" version="1" changeset="149685625" timestamp="2024-04-07T10:17:30Z" user="batyrmastyr" uid="5735399" lat="40.2019794" lon="44.4990973">
  <tag k="check_date" v="2024-04-07"/>
  <tag k="shop" v="shoes"/>
 </node>
 <node id="11799440030" visible="true" version="5" changeset="156602870" timestamp="2024-09-14T09:22:55Z" user="batyrmastyr" uid="5735399" lat="40.2017233" lon="44.4992117">
  <tag k="check_date" v="2024-09-14"/>
  <tag k="contact:website" v="https://www.anticorruption.am"/>
  <tag k="name" v="Հայաստանի Հանրապետության հակակոռուպցիոն կոմիտե"/>
  <tag k="name:en" v="Anti-corruption committee of the Republic of Armenia"/>
  <tag k="name:hy" v="Հայաստանի Հանրապետության հակակոռուպցիոն կոմիտե"/>
  <tag k="name:ru" v="Антикоррупционный комитет Республики Армения"/>
  <tag k="office" v="government"/>
 </node>
 <node id="11809942601" visible="true" version="1" changeset="149872790" timestamp="2024-04-11T16:24:34Z" user="batyrmastyr" uid="5735399" lat="40.2027255" lon="44.4992131">
  <tag k="check_date" v="2024-04-11"/>
  <tag k="shop" v="clothes"/>
 </node>
 <node id="11809942602" visible="true" version="1" changeset="149872790" timestamp="2024-04-11T16:24:34Z" user="batyrmastyr" uid="5735399" lat="40.2024212" lon="44.4984658">
  <tag k="amenity" v="pharmacy"/>
  <tag k="check_date" v="2024-04-11"/>
  <tag k="healthcare" v="pharmacy"/>
  <tag k="name" v="Asteria"/>
  <tag k="opening_hours" v="09:00-23:00"/>
 </node>
 <node id="11809942603" visible="true" version="2" changeset="149874019" timestamp="2024-04-11T16:55:48Z" user="batyrmastyr" uid="5735399" lat="40.2023856" lon="44.4983834">
  <tag k="addr:floor" v="-1"/>
  <tag k="addr:housenumber" v="20"/>
  <tag k="addr:street" v="Կոմիտասի պողոտա"/>
  <tag k="check_date" v="2024-04-11"/>
  <tag k="contact:facebook" v="https://www.facebook.com/Votnaman"/>
  <tag k="contact:instagram" v="https://www.instagram.com/Votnaman_shoes"/>
  <tag k="contact:phone" v="+374 98 588851"/>
  <tag k="name" v="Votnaman"/>
  <tag k="name:en" v="Votnaman"/>
  <tag k="opening_hours" v="10:00-22:00"/>
  <tag k="shop" v="shoes"/>
 </node>
 <node id="11809949120" visible="true" version="1" changeset="149873096" timestamp="2024-04-11T16:31:48Z" user="batyrmastyr" uid="5735399" lat="40.2024925" lon="44.4986464">
  <tag k="check_date" v="2024-04-11"/>
  <tag k="name" v="Yum-yum donuts"/>
  <tag k="shop" v="confectionery"/>
 </node>
 <node id="11809952617" visible="true" version="1" changeset="149873338" timestamp="2024-04-11T16:38:04Z" user="batyrmastyr" uid="5735399" lat="40.2038428" lon="44.5005287">
  <tag k="check_date" v="2024-04-11"/>
  <tag k="shop" v="bag"/>
 </node>
 <node id="11809952618" visible="true" version="1" changeset="149873338" timestamp="2024-04-11T16:38:04Z" user="batyrmastyr" uid="5735399" lat="40.2041081" lon="44.5011868">
  <tag k="check_date" v="2024-04-11"/>
  <tag k="clothes" v="children"/>
  <tag k="name" v="Bandito"/>
  <tag k="name:en" v="Bandito"/>
  <tag k="shop" v="clothes"/>
 </node>
 <node id="11809960769" visible="true" version="1" changeset="149873034" timestamp="2024-04-11T16:30:13Z" user="batyrmastyr" uid="5735399" lat="40.2024008" lon="44.4984199">
  <tag k="addr:floor" v="-1"/>
  <tag k="check_date" v="2024-04-11"/>
  <tag k="shop" v="tailor"/>
 </node>
 <node id="11809960770" visible="true" version="1" changeset="149873034" timestamp="2024-04-11T16:30:13Z" user="batyrmastyr" uid="5735399" lat="40.2023564" lon="44.4983139">
  <tag k="addr:floor" v="1"/>
  <tag k="check_date" v="2024-04-11"/>
  <tag k="name" v="Seasons moda"/>
  <tag k="shop" v="clothes"/>
 </node>
 <node id="11809960771" visible="true" version="1" changeset="149873034" timestamp="2024-04-11T16:30:13Z" user="batyrmastyr" uid="5735399" lat="40.2022996" lon="44.4981913">
  <tag k="amenity" v="payment_terminal"/>
  <tag k="check_date" v="2024-04-11"/>
  <tag k="name" v="Fastshift"/>
 </node>
 <node id="11886039390" visible="true" version="1" changeset="150996287" timestamp="2024-05-07T07:54:37Z" user="VlIvYur" uid="345975" lat="40.2035478" lon="44.4979654">
  <tag k="amenity" v="atm"/>
  <tag k="brand" v="Ամերիաբանկ"/>
  <tag k="brand:en" v="Ameriabank"/>
  <tag k="brand:hy" v="Ամերիաբանկ"/>
  <tag k="brand:ru" v="Америабанк"/>
  <tag k="brand:wikidata" v="Q4742492"/>
  <tag k="check_date" v="2023-05-06"/>
  <tag k="contact:facebook" v="Ameriabank"/>
  <tag k="contact:instagram" v="ameriabank"/>
  <tag k="contact:telegram" v="ameriabank_cjsc"/>
  <tag k="contact:youtube" v="AmeriabankCJSC"/>
  <tag k="email" v="info@ameriabank.am"/>
  <tag k="indoor" v="yes"/>
  <tag k="opening_hours" v="09:00-24:00"/>
  <tag k="operator" v="Ամերիաբանկ"/>
  <tag k="operator:en" v="Ameriabank"/>
  <tag k="operator:hy" v="Ամերիաբանկ"/>
  <tag k="operator:ru" v="Америабанк"/>
  <tag k="phone" v="+374 10 561111;+374 12 561111"/>
  <tag k="website" v="https://ameriabank.am/"/>
 </node>
 <node id="11886039391" visible="true" version="1" changeset="150996287" timestamp="2024-05-07T07:54:37Z" user="VlIvYur" uid="345975" lat="40.2035780" lon="44.4979421">
  <tag k="contact:facebook" v="parmasupermarkets"/>
  <tag k="contact:instagram" v="parmasupermarket"/>
  <tag k="mobile" v="+374 10 560046"/>
  <tag k="name" v="Parma"/>
  <tag k="opening_hours" v="09:00-24:00"/>
  <tag k="operator" v="Անդակո"/>
  <tag k="operator:en" v="Andaco"/>
  <tag k="operator:hy" v="Անդակո"/>
  <tag k="operator:ref" v="00029448"/>
  <tag k="phone" v="+374 60 505050;+374 11 560046"/>
  <tag k="shop" v="supermarket"/>
  <tag k="website" v="https://parma.am/"/>
  <tag k="wheelchair" v="yes"/>
 </node>
 <node id="11910248722" visible="true" version="2" changeset="155692555" timestamp="2024-08-24T11:59:53Z" user="VlIvYur" uid="345975" lat="40.2041888" lon="44.5006062">
  <tag k="access" v="private"/>
  <tag k="door" v="yes"/>
  <tag k="entrance" v="main"/>
 </node>
 <node id="11949683844" visible="true" version="1" changeset="152112857" timestamp="2024-06-01T09:42:36Z" user="batyrmastyr" uid="5735399" lat="40.2041261" lon="44.5012617">
  <tag k="addr:floor" v="-1"/>
  <tag k="check_date" v="2024-06-01"/>
  <tag k="shop" v="copyshop"/>
 </node>
 <node id="11949715517" visible="true" version="1" changeset="152113733" timestamp="2024-06-01T10:04:28Z" user="batyrmastyr" uid="5735399" lat="40.2020539" lon="44.4990332">
  <tag k="check_date" v="2024-06-01"/>
  <tag k="shop" v="spices"/>
 </node>
 <node id="11949729481" visible="true" version="2" changeset="153928216" timestamp="2024-07-14T12:24:06Z" user="Noktoborus" uid="540529" lat="40.2028406" lon="44.4983497">
  <tag k="check_date" v="2024-07-14"/>
  <tag k="name" v="Tiffany"/>
  <tag k="shop" v="florist"/>
 </node>
 <node id="11949753897" visible="true" version="2" changeset="156602870" timestamp="2024-09-14T09:22:55Z" user="batyrmastyr" uid="5735399" lat="40.2014931" lon="44.4994000">
  <tag k="amenity" v="internet_cafe"/>
  <tag k="check_date" v="2024-09-14"/>
  <tag k="name" v="Game zone"/>
 </node>
 <node id="11949753898" visible="true" version="2" changeset="156602870" timestamp="2024-09-14T09:22:55Z" user="batyrmastyr" uid="5735399" lat="40.2014200" lon="44.4994520">
  <tag k="amenity" v="cafe"/>
  <tag k="check_date" v="2024-09-14"/>
  <tag k="cuisine" v="coffee_shop"/>
  <tag k="drive_through" v="no"/>
  <tag k="takeaway" v="only"/>
 </node>
 <node id="11949756576" visible="true" version="1" changeset="152113473" timestamp="2024-06-01T09:58:16Z" user="batyrmastyr" uid="5735399" lat="40.2038484" lon="44.5005832">
  <tag k="check_date" v="2024-06-01"/>
  <tag k="clothes" v="children"/>
  <tag k="shop" v="clothes"/>
 </node>
 <node id="11972545495" visible="true" version="2" changeset="152577141" timestamp="2024-06-12T08:57:19Z" user="Noktoborus" uid="540529" lat="40.2020033" lon="44.4980202"/>
 <node id="11972545496" visible="true" version="1" changeset="152551079" timestamp="2024-06-11T16:22:26Z" user="Noktoborus" uid="540529" lat="40.2021626" lon="44.4977770"/>
 <node id="11972545497" visible="true" version="1" changeset="152551079" timestamp="2024-06-11T16:22:26Z" user="Noktoborus" uid="540529" lat="40.2023103" lon="44.4976288"/>
 <node id="11972545498" visible="true" version="1" changeset="152551079" timestamp="2024-06-11T16:22:26Z" user="Noktoborus" uid="540529" lat="40.2020461" lon="44.4981031"/>
 <node id="11972545499" visible="true" version="1" changeset="152551079" timestamp="2024-06-11T16:22:26Z" user="Noktoborus" uid="540529" lat="40.2019698" lon="44.4979034"/>
 <node id="11972545500" visible="true" version="2" changeset="152577141" timestamp="2024-06-12T08:57:19Z" user="Noktoborus" uid="540529" lat="40.2023279" lon="44.4981051"/>
 <node id="11972545501" visible="true" version="2" changeset="152577141" timestamp="2024-06-12T08:57:19Z" user="Noktoborus" uid="540529" lat="40.2017411" lon="44.4980167"/>
 <node id="11972545502" visible="true" version="3" changeset="152577141" timestamp="2024-06-12T08:57:19Z" user="Noktoborus" uid="540529" lat="40.2018016" lon="44.4981666"/>
 <node id="11972545503" visible="true" version="1" changeset="152551079" timestamp="2024-06-11T16:22:26Z" user="Noktoborus" uid="540529" lat="40.2022338" lon="44.4978760"/>
 <node id="11972545504" visible="true" version="1" changeset="152551079" timestamp="2024-06-11T16:22:26Z" user="Noktoborus" uid="540529" lat="40.2022389" lon="44.4979768"/>
 <node id="11972545505" visible="true" version="1" changeset="152551079" timestamp="2024-06-11T16:22:26Z" user="Noktoborus" uid="540529" lat="40.2021720" lon="44.4977228"/>
 <node id="11972545506" visible="true" version="2" changeset="152577141" timestamp="2024-06-12T08:57:19Z" user="Noktoborus" uid="540529" lat="40.2018728" lon="44.4979248"/>
 <node id="11972545507" visible="true" version="1" changeset="152551079" timestamp="2024-06-11T16:22:26Z" user="Noktoborus" uid="540529" lat="40.2022620" lon="44.4978604"/>
 <node id="11973573172" visible="true" version="3" changeset="153489077" timestamp="2024-07-03T07:47:26Z" user="Noktoborus" uid="540529" lat="40.2015958" lon="44.4984421"/>
 <node id="11973573173" visible="true" version="3" changeset="153489077" timestamp="2024-07-03T07:47:26Z" user="Noktoborus" uid="540529" lat="40.2015963" lon="44.4985497"/>
 <node id="11973573174" visible="true" version="4" changeset="154095623" timestamp="2024-07-18T11:03:07Z" user="Noktoborus" uid="540529" lat="40.2020977" lon="44.4986645"/>
 <node id="11973573175" visible="true" version="2" changeset="152577141" timestamp="2024-06-12T08:57:19Z" user="Noktoborus" uid="540529" lat="40.2018757" lon="44.4981827"/>
 <node id="11973573176" visible="true" version="3" changeset="152726753" timestamp="2024-06-15T15:32:30Z" user="Noktoborus" uid="540529" lat="40.2019921" lon="44.4986985">
  <tag k="amenity" v="car_wash"/>
 </node>
 <node id="11973573177" visible="true" version="4" changeset="152726753" timestamp="2024-06-15T15:32:30Z" user="Noktoborus" uid="540529" lat="40.2020632" lon="44.4987588"/>
 <node id="11973573179" visible="true" version="5" changeset="152795362" timestamp="2024-06-17T10:16:51Z" user="Noktoborus" uid="540529" lat="40.2019297" lon="44.4986819"/>
 <node id="11973573181" visible="true" version="1" changeset="152554441" timestamp="2024-06-11T17:39:13Z" user="Noktoborus" uid="540529" lat="40.2016322" lon="44.4990057"/>
 <node id="11973573182" visible="true" version="3" changeset="152726753" timestamp="2024-06-15T15:32:30Z" user="Noktoborus" uid="540529" lat="40.2018919" lon="44.4985349"/>
 <node id="11973573183" visible="true" version="2" changeset="153489077" timestamp="2024-07-03T07:47:26Z" user="Noktoborus" uid="540529" lat="40.2012328" lon="44.4981325"/>
 <node id="11973573184" visible="true" version="1" changeset="152554441" timestamp="2024-06-11T17:39:13Z" user="Noktoborus" uid="540529" lat="40.2023909" lon="44.4986987">
  <tag k="entrance" v="staircase"/>
  <tag k="ref" v="5"/>
 </node>
 <node id="11973573185" visible="true" version="3" changeset="152726753" timestamp="2024-06-15T15:32:30Z" user="Noktoborus" uid="540529" lat="40.2018260" lon="44.4986382"/>
 <node id="11973573186" visible="true" version="3" changeset="152795362" timestamp="2024-06-17T10:16:51Z" user="Noktoborus" uid="540529" lat="40.2018652" lon="44.4987282"/>
 <node id="11973573188" visible="true" version="1" changeset="152554441" timestamp="2024-06-11T17:39:13Z" user="Noktoborus" uid="540529" lat="40.2022474" lon="44.4983553">
  <tag k="entrance" v="staircase"/>
  <tag k="ref" v="3"/>
 </node>
 <node id="11973573190" visible="true" version="4" changeset="154095623" timestamp="2024-07-18T11:03:07Z" user="Noktoborus" uid="540529" lat="40.2020754" lon="44.4986125"/>
 <node id="11973573191" visible="true" version="3" changeset="152726753" timestamp="2024-06-15T15:32:30Z" user="Noktoborus" uid="540529" lat="40.2018133" lon="44.4988558"/>
 <node id="11973573192" visible="true" version="4" changeset="154095623" timestamp="2024-07-18T11:03:07Z" user="Noktoborus" uid="540529" lat="40.2020565" lon="44.4986948"/>
 <node id="11973573193" visible="true" version="1" changeset="152554441" timestamp="2024-06-11T17:39:13Z" user="Noktoborus" uid="540529" lat="40.2023235" lon="44.4985374">
  <tag k="entrance" v="staircase"/>
  <tag k="ref" v="4"/>
 </node>
 <node id="11973573194" visible="true" version="1" changeset="152554441" timestamp="2024-06-11T17:39:13Z" user="Noktoborus" uid="540529" lat="40.2020410" lon="44.4984288">
  <tag k="entrance" v="staircase"/>
  <tag k="ref" v="1"/>
 </node>
 <node id="11973573195" visible="true" version="2" changeset="152726753" timestamp="2024-06-15T15:32:30Z" user="Noktoborus" uid="540529" lat="40.2019347" lon="44.4988917">
  <tag k="entrance" v="staircase"/>
 </node>
 <node id="11973573196" visible="true" version="2" changeset="152577141" timestamp="2024-06-12T08:57:19Z" user="Noktoborus" uid="540529" lat="40.2017409" lon="44.4981784">
  <tag k="shop" v="greengrocer"/>
 </node>
 <node id="11973573197" visible="true" version="3" changeset="152726753" timestamp="2024-06-15T15:32:30Z" user="Noktoborus" uid="540529" lat="40.2018089" lon="44.4982432"/>
 <node id="11973573198" visible="true" version="2" changeset="152726753" timestamp="2024-06-15T15:32:30Z" user="Noktoborus" uid="540529" lat="40.2021477" lon="44.4987390">
  <tag k="entrance" v="staircase"/>
 </node>
 <node id="11973573199" visible="true" version="4" changeset="152726753" timestamp="2024-06-15T15:32:30Z" user="Noktoborus" uid="540529" lat="40.2020160" lon="44.4986415"/>
 <node id="11973573200" visible="true" version="3" changeset="153250412" timestamp="2024-06-27T14:22:20Z" user="Noktoborus" uid="540529" lat="40.2021575" lon="44.4985904">
  <tag k="leisure" v="playground"/>
 </node>
 <node id="11973573201" visible="true" version="2" changeset="152577141" timestamp="2024-06-12T08:57:19Z" user="Noktoborus" uid="540529" lat="40.2017667" lon="44.4983284"/>
 <node id="11973573202" visible="true" version="3" changeset="152726753" timestamp="2024-06-15T15:32:30Z" user="Noktoborus" uid="540529" lat="40.2017826" lon="44.4984342"/>
 <node id="11973573203" visible="true" version="1" changeset="152554441" timestamp="2024-06-11T17:39:13Z" user="Noktoborus" uid="540529" lat="40.2021671" lon="44.4983385">
  <tag k="entrance" v="staircase"/>
  <tag k="ref" v="2"/>
 </node>
 <node id="11973573205" visible="true" version="2" changeset="152726753" timestamp="2024-06-15T15:32:30Z" user="Noktoborus" uid="540529" lat="40.2020390" lon="44.4988169">
  <tag k="entrance" v="staircase"/>
 </node>
 <node id="11973573206" visible="true" version="2" changeset="152577141" timestamp="2024-06-12T08:57:19Z" user="Noktoborus" uid="540529" lat="40.2019022" lon="44.4981631"/>
 <node id="11973573207" visible="true" version="2" changeset="152577141" timestamp="2024-06-12T08:57:19Z" user="Noktoborus" uid="540529" lat="40.2018841" lon="44.4981214"/>
 <node id="11973573208" visible="true" version="3" changeset="152726753" timestamp="2024-06-15T15:32:30Z" user="Noktoborus" uid="540529" lat="40.2019039" lon="44.4985939"/>
 <node id="11973573209" visible="true" version="1" changeset="152554441" timestamp="2024-06-11T17:39:13Z" user="Noktoborus" uid="540529" lat="40.2022856" lon="44.4985989"/>
 <node id="11973573210" visible="true" version="3" changeset="153489077" timestamp="2024-07-03T07:47:26Z" user="Noktoborus" uid="540529" lat="40.2014250" lon="44.4979904"/>
 <node id="11973573211" visible="true" version="2" changeset="152577141" timestamp="2024-06-12T08:57:19Z" user="Noktoborus" uid="540529" lat="40.2018577" lon="44.4981410"/>
 <node id="11973573212" visible="true" version="3" changeset="152726753" timestamp="2024-06-15T15:32:30Z" user="Noktoborus" uid="540529" lat="40.2017553" lon="44.4982822"/>
 <node id="11974736868" visible="true" version="2" changeset="152577141" timestamp="2024-06-12T08:57:19Z" user="Noktoborus" uid="540529" lat="40.2019346" lon="44.4983245">
  <tag k="amenity" v="pharmacy"/>
  <tag k="check_date" v="2024-06-12"/>
  <tag k="healthcare" v="pharmacy"/>
 </node>
 <node id="11974775251" visible="true" version="1" changeset="152574696" timestamp="2024-06-12T07:57:16Z" user="Noktoborus" uid="540529" lat="40.2023002" lon="44.4978386">
  <tag k="access" v="yes"/>
  <tag k="amenity" v="waste_disposal"/>
 </node>
 <node id="11974812098" visible="true" version="2" changeset="152577141" timestamp="2024-06-12T08:57:19Z" user="Noktoborus" uid="540529" lat="40.2014976" lon="44.4973016">
  <tag k="access" v="yes"/>
  <tag k="amenity" v="waste_disposal"/>
 </node>
 <node id="11974899368" visible="true" version="1" changeset="152577141" timestamp="2024-06-12T08:57:19Z" user="Noktoborus" uid="540529" lat="40.2014836" lon="44.4972675"/>
 <node id="11974927669" visible="true" version="1" changeset="152577141" timestamp="2024-06-12T08:57:19Z" user="Noktoborus" uid="540529" lat="40.2015001" lon="44.4972728"/>
 <node id="11974927670" visible="true" version="1" changeset="152577141" timestamp="2024-06-12T08:57:19Z" user="Noktoborus" uid="540529" lat="40.2015139" lon="44.4973049"/>
 <node id="11974927671" visible="true" version="1" changeset="152577141" timestamp="2024-06-12T08:57:19Z" user="Noktoborus" uid="540529" lat="40.2015068" lon="44.4973271"/>
 <node id="11974927672" visible="true" version="1" changeset="152577141" timestamp="2024-06-12T08:57:19Z" user="Noktoborus" uid="540529" lat="40.2021780" lon="44.4978280"/>
 <node id="11974927673" visible="true" version="1" changeset="152577141" timestamp="2024-06-12T08:57:19Z" user="Noktoborus" uid="540529" lat="40.2021858" lon="44.4978579"/>
 <node id="11974927674" visible="true" version="1" changeset="152577141" timestamp="2024-06-12T08:57:19Z" user="Noktoborus" uid="540529" lat="40.2021549" lon="44.4978849"/>
 <node id="11974927675" visible="true" version="1" changeset="152577141" timestamp="2024-06-12T08:57:19Z" user="Noktoborus" uid="540529" lat="40.2021278" lon="44.4978316"/>
 <node id="11974927676" visible="true" version="1" changeset="152577141" timestamp="2024-06-12T08:57:19Z" user="Noktoborus" uid="540529" lat="40.2021466" lon="44.4978153"/>
 <node id="11974927677" visible="true" version="1" changeset="152577141" timestamp="2024-06-12T08:57:19Z" user="Noktoborus" uid="540529" lat="40.2021577" lon="44.4978371"/>
 <node id="11974927678" visible="true" version="1" changeset="152577141" timestamp="2024-06-12T08:57:19Z" user="Noktoborus" uid="540529" lat="40.2021351" lon="44.4978626"/>
 <node id="11974927679" visible="true" version="1" changeset="152577141" timestamp="2024-06-12T08:57:19Z" user="Noktoborus" uid="540529" lat="40.2020977" lon="44.4978928"/>
 <node id="11974927680" visible="true" version="1" changeset="152577141" timestamp="2024-06-12T08:57:19Z" user="Noktoborus" uid="540529" lat="40.2020880" lon="44.4978639"/>
 <node id="11974927681" visible="true" version="1" changeset="152577141" timestamp="2024-06-12T08:57:19Z" user="Noktoborus" uid="540529" lat="40.2021239" lon="44.4978365"/>
 <node id="11974927682" visible="true" version="1" changeset="152577141" timestamp="2024-06-12T08:57:19Z" user="Noktoborus" uid="540529" lat="40.2020634" lon="44.4978841"/>
 <node id="11974927683" visible="true" version="1" changeset="152577141" timestamp="2024-06-12T08:57:19Z" user="Noktoborus" uid="540529" lat="40.2020895" lon="44.4978894"/>
 <node id="11974927684" visible="true" version="1" changeset="152577141" timestamp="2024-06-12T08:57:19Z" user="Noktoborus" uid="540529" lat="40.2020844" lon="44.4979290"/>
 <node id="11974927685" visible="true" version="1" changeset="152577141" timestamp="2024-06-12T08:57:19Z" user="Noktoborus" uid="540529" lat="40.2020588" lon="44.4979209"/>
 <node id="11974927686" visible="true" version="1" changeset="152577141" timestamp="2024-06-12T08:57:19Z" user="Noktoborus" uid="540529" lat="40.2020483" lon="44.4979287"/>
 <node id="11974927687" visible="true" version="1" changeset="152577141" timestamp="2024-06-12T08:57:19Z" user="Noktoborus" uid="540529" lat="40.2020863" lon="44.4980129"/>
 <node id="11974927688" visible="true" version="1" changeset="152577141" timestamp="2024-06-12T08:57:19Z" user="Noktoborus" uid="540529" lat="40.2020580" lon="44.4980348"/>
 <node id="11974927689" visible="true" version="1" changeset="152577141" timestamp="2024-06-12T08:57:19Z" user="Noktoborus" uid="540529" lat="40.2020200" lon="44.4979507"/>
 <node id="11974927690" visible="true" version="1" changeset="152577141" timestamp="2024-06-12T08:57:19Z" user="Noktoborus" uid="540529" lat="40.2021956" lon="44.4979616"/>
 <node id="11974927691" visible="true" version="1" changeset="152577141" timestamp="2024-06-12T08:57:19Z" user="Noktoborus" uid="540529" lat="40.2022106" lon="44.4979890"/>
 <node id="11974927692" visible="true" version="1" changeset="152577141" timestamp="2024-06-12T08:57:19Z" user="Noktoborus" uid="540529" lat="40.2022312" lon="44.4979697"/>
 <node id="11974927693" visible="true" version="1" changeset="152577141" timestamp="2024-06-12T08:57:19Z" user="Noktoborus" uid="540529" lat="40.2022162" lon="44.4979423"/>
 <node id="11974927694" visible="true" version="1" changeset="152577141" timestamp="2024-06-12T08:57:19Z" user="Noktoborus" uid="540529" lat="40.2020706" lon="44.4979781"/>
 <node id="11974927695" visible="true" version="1" changeset="152577141" timestamp="2024-06-12T08:57:19Z" user="Noktoborus" uid="540529" lat="40.2020405" lon="44.4979961"/>
 <node id="11974927696" visible="true" version="1" changeset="152577141" timestamp="2024-06-12T08:57:19Z" user="Noktoborus" uid="540529" lat="40.2019946" lon="44.4978426"/>
 <node id="11974927698" visible="true" version="2" changeset="152753840" timestamp="2024-06-16T10:14:30Z" user="Noktoborus" uid="540529" lat="40.2019826" lon="44.4978125">
  <tag k="barrier" v="gate"/>
  <tag k="locked" v="no"/>
 </node>
 <node id="11974927699" visible="true" version="1" changeset="152577141" timestamp="2024-06-12T08:57:19Z" user="Noktoborus" uid="540529" lat="40.2018850" lon="44.4979165"/>
 <node id="11974927700" visible="true" version="1" changeset="152577141" timestamp="2024-06-12T08:57:19Z" user="Noktoborus" uid="540529" lat="40.2018485" lon="44.4978314"/>
 <node id="11974927701" visible="true" version="1" changeset="152577141" timestamp="2024-06-12T08:57:19Z" user="Noktoborus" uid="540529" lat="40.2018777" lon="44.4978995">
  <tag k="barrier" v="gate"/>
  <tag k="locked" v="yes"/>
 </node>
 <node id="11974927702" visible="true" version="2" changeset="152706663" timestamp="2024-06-15T05:59:18Z" user="Noktoborus" uid="540529" lat="40.2016979" lon="44.4977066"/>
 <node id="11974927703" visible="true" version="2" changeset="152706663" timestamp="2024-06-15T05:59:18Z" user="Noktoborus" uid="540529" lat="40.2017294" lon="44.4977823"/>
 <node id="11974927704" visible="true" version="2" changeset="152706663" timestamp="2024-06-15T05:59:18Z" user="Noktoborus" uid="540529" lat="40.2017681" lon="44.4977558"/>
 <node id="11974927705" visible="true" version="2" changeset="152706663" timestamp="2024-06-15T05:59:18Z" user="Noktoborus" uid="540529" lat="40.2017344" lon="44.4976800"/>
 <node id="11974927706" visible="true" version="2" changeset="152706663" timestamp="2024-06-15T05:59:18Z" user="Noktoborus" uid="540529" lat="40.2019281" lon="44.4976187"/>
 <node id="11974927707" visible="true" version="1" changeset="152577141" timestamp="2024-06-12T08:57:19Z" user="Noktoborus" uid="540529" lat="40.2018016" lon="44.4977021"/>
 <node id="11974927708" visible="true" version="2" changeset="152706663" timestamp="2024-06-15T05:59:18Z" user="Noktoborus" uid="540529" lat="40.2017772" lon="44.4976495"/>
 <node id="11974927709" visible="true" version="2" changeset="152706663" timestamp="2024-06-15T05:59:18Z" user="Noktoborus" uid="540529" lat="40.2019037" lon="44.4975641"/>
 <node id="11974927710" visible="true" version="1" changeset="152577141" timestamp="2024-06-12T08:57:19Z" user="Noktoborus" uid="540529" lat="40.2019099" lon="44.4976298">
  <tag k="entrance" v="yes"/>
 </node>
 <node id="11974927711" visible="true" version="1" changeset="152577141" timestamp="2024-06-12T08:57:19Z" user="Noktoborus" uid="540529" lat="40.2018034" lon="44.4974406"/>
 <node id="11974927712" visible="true" version="1" changeset="152577141" timestamp="2024-06-12T08:57:19Z" user="Noktoborus" uid="540529" lat="40.2017472" lon="44.4974789"/>
 <node id="11974927713" visible="true" version="1" changeset="152577141" timestamp="2024-06-12T08:57:19Z" user="Noktoborus" uid="540529" lat="40.2017080" lon="44.4975069"/>
 <node id="11974927714" visible="true" version="1" changeset="152577141" timestamp="2024-06-12T08:57:19Z" user="Noktoborus" uid="540529" lat="40.2016917" lon="44.4974782"/>
 <node id="11974927715" visible="true" version="1" changeset="152577141" timestamp="2024-06-12T08:57:19Z" user="Noktoborus" uid="540529" lat="40.2016147" lon="44.4975378"/>
 <node id="11974927716" visible="true" version="1" changeset="152577141" timestamp="2024-06-12T08:57:19Z" user="Noktoborus" uid="540529" lat="40.2016191" lon="44.4975519"/>
 <node id="11974927717" visible="true" version="1" changeset="152577141" timestamp="2024-06-12T08:57:19Z" user="Noktoborus" uid="540529" lat="40.2017344" lon="44.4974445"/>
 <node id="11974927718" visible="true" version="1" changeset="152577141" timestamp="2024-06-12T08:57:19Z" user="Noktoborus" uid="540529" lat="40.2017876" lon="44.4974081"/>
 <node id="11974927719" visible="true" version="1" changeset="152577141" timestamp="2024-06-12T08:57:19Z" user="Noktoborus" uid="540529" lat="40.2015936" lon="44.4965611">
  <tag k="amenity" v="fountain"/>
 </node>
 <node id="11974927720" visible="true" version="2" changeset="152706663" timestamp="2024-06-15T05:59:18Z" user="Noktoborus" uid="540529" lat="40.2016556" lon="44.4963924"/>
 <node id="11974927721" visible="true" version="2" changeset="152706663" timestamp="2024-06-15T05:59:18Z" user="Noktoborus" uid="540529" lat="40.2016866" lon="44.4964606"/>
 <node id="11974927722" visible="true" version="2" changeset="152706663" timestamp="2024-06-15T05:59:18Z" user="Noktoborus" uid="540529" lat="40.2016120" lon="44.4965188"/>
 <node id="11974927723" visible="true" version="2" changeset="152706663" timestamp="2024-06-15T05:59:18Z" user="Noktoborus" uid="540529" lat="40.2015810" lon="44.4964506"/>
 <node id="11974927724" visible="true" version="2" changeset="152706663" timestamp="2024-06-15T05:59:18Z" user="Noktoborus" uid="540529" lat="40.2015791" lon="44.4964510"/>
 <node id="11974927725" visible="true" version="2" changeset="152706663" timestamp="2024-06-15T05:59:18Z" user="Noktoborus" uid="540529" lat="40.2016044" lon="44.4965091"/>
 <node id="11974927726" visible="true" version="2" changeset="152706663" timestamp="2024-06-15T05:59:18Z" user="Noktoborus" uid="540529" lat="40.2015431" lon="44.4965548"/>
 <node id="11974927727" visible="true" version="2" changeset="152706663" timestamp="2024-06-15T05:59:18Z" user="Noktoborus" uid="540529" lat="40.2015178" lon="44.4964967"/>
 <node id="11974927728" visible="true" version="1" changeset="152577141" timestamp="2024-06-12T08:57:19Z" user="Noktoborus" uid="540529" lat="40.2016995" lon="44.4965001"/>
 <node id="11974927729" visible="true" version="1" changeset="152577141" timestamp="2024-06-12T08:57:19Z" user="Noktoborus" uid="540529" lat="40.2016201" lon="44.4965538"/>
 <node id="11974927730" visible="true" version="1" changeset="152577141" timestamp="2024-06-12T08:57:19Z" user="Noktoborus" uid="540529" lat="40.2016355" lon="44.4965930"/>
 <node id="11974927731" visible="true" version="1" changeset="152577141" timestamp="2024-06-12T08:57:19Z" user="Noktoborus" uid="540529" lat="40.2015918" lon="44.4966226"/>
 <node id="11974927732" visible="true" version="1" changeset="152577141" timestamp="2024-06-12T08:57:19Z" user="Noktoborus" uid="540529" lat="40.2016054" lon="44.4966571"/>
 <node id="11974927733" visible="true" version="1" changeset="152577141" timestamp="2024-06-12T08:57:19Z" user="Noktoborus" uid="540529" lat="40.2017286" lon="44.4965737"/>
 <node id="11974927734" visible="true" version="1" changeset="152577141" timestamp="2024-06-12T08:57:19Z" user="Noktoborus" uid="540529" lat="40.2014509" lon="44.4966284"/>
 <node id="11974927735" visible="true" version="1" changeset="152577141" timestamp="2024-06-12T08:57:19Z" user="Noktoborus" uid="540529" lat="40.2014615" lon="44.4966193"/>
 <node id="11974927736" visible="true" version="1" changeset="152577141" timestamp="2024-06-12T08:57:19Z" user="Noktoborus" uid="540529" lat="40.2015003" lon="44.4967080"/>
 <node id="11974927737" visible="true" version="1" changeset="152577141" timestamp="2024-06-12T08:57:19Z" user="Noktoborus" uid="540529" lat="40.2014885" lon="44.4967155"/>
 <node id="11974927738" visible="true" version="1" changeset="152577141" timestamp="2024-06-12T08:57:19Z" user="Noktoborus" uid="540529" lat="40.2014739" lon="44.4966151"/>
 <node id="11974927739" visible="true" version="1" changeset="152577141" timestamp="2024-06-12T08:57:19Z" user="Noktoborus" uid="540529" lat="40.2014866" lon="44.4966164"/>
 <node id="11974927740" visible="true" version="1" changeset="152577141" timestamp="2024-06-12T08:57:19Z" user="Noktoborus" uid="540529" lat="40.2014983" lon="44.4966228"/>
 <node id="11974927741" visible="true" version="1" changeset="152577141" timestamp="2024-06-12T08:57:19Z" user="Noktoborus" uid="540529" lat="40.2015078" lon="44.4966339"/>
 <node id="11974927742" visible="true" version="1" changeset="152577141" timestamp="2024-06-12T08:57:19Z" user="Noktoborus" uid="540529" lat="40.2015141" lon="44.4966484"/>
 <node id="11974927743" visible="true" version="1" changeset="152577141" timestamp="2024-06-12T08:57:19Z" user="Noktoborus" uid="540529" lat="40.2015166" lon="44.4966647"/>
 <node id="11974927744" visible="true" version="1" changeset="152577141" timestamp="2024-06-12T08:57:19Z" user="Noktoborus" uid="540529" lat="40.2015149" lon="44.4966812"/>
 <node id="11974927745" visible="true" version="1" changeset="152577141" timestamp="2024-06-12T08:57:19Z" user="Noktoborus" uid="540529" lat="40.2015093" lon="44.4966962"/>
 <node id="11974927746" visible="true" version="1" changeset="152577141" timestamp="2024-06-12T08:57:19Z" user="Noktoborus" uid="540529" lat="40.2014755" lon="44.4967176"/>
 <node id="11974927747" visible="true" version="1" changeset="152577141" timestamp="2024-06-12T08:57:19Z" user="Noktoborus" uid="540529" lat="40.2014626" lon="44.4967139"/>
 <node id="11974927748" visible="true" version="1" changeset="152577141" timestamp="2024-06-12T08:57:19Z" user="Noktoborus" uid="540529" lat="40.2014515" lon="44.4967049"/>
 <node id="11974927749" visible="true" version="1" changeset="152577141" timestamp="2024-06-12T08:57:19Z" user="Noktoborus" uid="540529" lat="40.2014432" lon="44.4966916"/>
 <node id="11974927750" visible="true" version="1" changeset="152577141" timestamp="2024-06-12T08:57:19Z" user="Noktoborus" uid="540529" lat="40.2014387" lon="44.4966754"/>
 <node id="11974927751" visible="true" version="1" changeset="152577141" timestamp="2024-06-12T08:57:19Z" user="Noktoborus" uid="540529" lat="40.2014386" lon="44.4966582"/>
 <node id="11974927752" visible="true" version="1" changeset="152577141" timestamp="2024-06-12T08:57:19Z" user="Noktoborus" uid="540529" lat="40.2014428" lon="44.4966419"/>
 <node id="11974927753" visible="true" version="1" changeset="152577141" timestamp="2024-06-12T08:57:19Z" user="Noktoborus" uid="540529" lat="40.2013885" lon="44.4965824"/>
 <node id="11974927754" visible="true" version="1" changeset="152577141" timestamp="2024-06-12T08:57:19Z" user="Noktoborus" uid="540529" lat="40.2013924" lon="44.4965790"/>
 <node id="11974927755" visible="true" version="1" changeset="152577141" timestamp="2024-06-12T08:57:19Z" user="Noktoborus" uid="540529" lat="40.2014087" lon="44.4966110"/>
 <node id="11974927756" visible="true" version="1" changeset="152577141" timestamp="2024-06-12T08:57:19Z" user="Noktoborus" uid="540529" lat="40.2014044" lon="44.4966147"/>
 <node id="11974927757" visible="true" version="1" changeset="152577141" timestamp="2024-06-12T08:57:19Z" user="Noktoborus" uid="540529" lat="40.2013969" lon="44.4965773"/>
 <node id="11974927758" visible="true" version="1" changeset="152577141" timestamp="2024-06-12T08:57:19Z" user="Noktoborus" uid="540529" lat="40.2014016" lon="44.4965775"/>
 <node id="11974927759" visible="true" version="1" changeset="152577141" timestamp="2024-06-12T08:57:19Z" user="Noktoborus" uid="540529" lat="40.2014059" lon="44.4965796"/>
 <node id="11974927760" visible="true" version="1" changeset="152577141" timestamp="2024-06-12T08:57:19Z" user="Noktoborus" uid="540529" lat="40.2014096" lon="44.4965834"/>
 <node id="11974927761" visible="true" version="1" changeset="152577141" timestamp="2024-06-12T08:57:19Z" user="Noktoborus" uid="540529" lat="40.2014122" lon="44.4965885"/>
 <node id="11974927762" visible="true" version="1" changeset="152577141" timestamp="2024-06-12T08:57:19Z" user="Noktoborus" uid="540529" lat="40.2014135" lon="44.4965944"/>
 <node id="11974927763" visible="true" version="1" changeset="152577141" timestamp="2024-06-12T08:57:19Z" user="Noktoborus" uid="540529" lat="40.2014133" lon="44.4966005"/>
 <node id="11974927764" visible="true" version="1" changeset="152577141" timestamp="2024-06-12T08:57:19Z" user="Noktoborus" uid="540529" lat="40.2014116" lon="44.4966062"/>
 <node id="11974927765" visible="true" version="1" changeset="152577141" timestamp="2024-06-12T08:57:19Z" user="Noktoborus" uid="540529" lat="40.2013994" lon="44.4966161"/>
 <node id="11974927766" visible="true" version="1" changeset="152577141" timestamp="2024-06-12T08:57:19Z" user="Noktoborus" uid="540529" lat="40.2013942" lon="44.4966153"/>
 <node id="11974927767" visible="true" version="1" changeset="152577141" timestamp="2024-06-12T08:57:19Z" user="Noktoborus" uid="540529" lat="40.2013897" lon="44.4966122"/>
 <node id="11974927768" visible="true" version="1" changeset="152577141" timestamp="2024-06-12T08:57:19Z" user="Noktoborus" uid="540529" lat="40.2013861" lon="44.4966072"/>
 <node id="11974927769" visible="true" version="1" changeset="152577141" timestamp="2024-06-12T08:57:19Z" user="Noktoborus" uid="540529" lat="40.2013842" lon="44.4966010"/>
 <node id="11974927770" visible="true" version="1" changeset="152577141" timestamp="2024-06-12T08:57:19Z" user="Noktoborus" uid="540529" lat="40.2013839" lon="44.4965942"/>
 <node id="11974927771" visible="true" version="1" changeset="152577141" timestamp="2024-06-12T08:57:19Z" user="Noktoborus" uid="540529" lat="40.2013854" lon="44.4965878"/>
 <node id="11974927772" visible="true" version="2" changeset="152706663" timestamp="2024-06-15T05:59:18Z" user="Noktoborus" uid="540529" lat="40.2014012" lon="44.4966840"/>
 <node id="11974927773" visible="true" version="2" changeset="152706663" timestamp="2024-06-15T05:59:18Z" user="Noktoborus" uid="540529" lat="40.2014055" lon="44.4966816"/>
 <node id="11974927774" visible="true" version="2" changeset="152706663" timestamp="2024-06-15T05:59:18Z" user="Noktoborus" uid="540529" lat="40.2014229" lon="44.4967027"/>
 <node id="11974927775" visible="true" version="2" changeset="152706663" timestamp="2024-06-15T05:59:18Z" user="Noktoborus" uid="540529" lat="40.2014214" lon="44.4967084"/>
 <node id="11974927776" visible="true" version="2" changeset="152706663" timestamp="2024-06-15T05:59:18Z" user="Noktoborus" uid="540529" lat="40.2014102" lon="44.4966811"/>
 <node id="11974927777" visible="true" version="2" changeset="152706663" timestamp="2024-06-15T05:59:18Z" user="Noktoborus" uid="540529" lat="40.2014147" lon="44.4966826"/>
 <node id="11974927778" visible="true" version="2" changeset="152706663" timestamp="2024-06-15T05:59:18Z" user="Noktoborus" uid="540529" lat="40.2014186" lon="44.4966859"/>
 <node id="11974927779" visible="true" version="2" changeset="152706663" timestamp="2024-06-15T05:59:18Z" user="Noktoborus" uid="540529" lat="40.2014215" lon="44.4966908"/>
 <node id="11974927780" visible="true" version="2" changeset="152706663" timestamp="2024-06-15T05:59:18Z" user="Noktoborus" uid="540529" lat="40.2014229" lon="44.4966966"/>
 <node id="11974927781" visible="true" version="2" changeset="152706663" timestamp="2024-06-15T05:59:18Z" user="Noktoborus" uid="540529" lat="40.2014185" lon="44.4967132"/>
 <node id="11974927782" visible="true" version="2" changeset="152706663" timestamp="2024-06-15T05:59:18Z" user="Noktoborus" uid="540529" lat="40.2014146" lon="44.4967165"/>
 <node id="11974927783" visible="true" version="2" changeset="152706663" timestamp="2024-06-15T05:59:18Z" user="Noktoborus" uid="540529" lat="40.2014101" lon="44.4967179"/>
 <node id="11974927784" visible="true" version="2" changeset="152706663" timestamp="2024-06-15T05:59:18Z" user="Noktoborus" uid="540529" lat="40.2014055" lon="44.4967174"/>
 <node id="11974927785" visible="true" version="2" changeset="152706663" timestamp="2024-06-15T05:59:18Z" user="Noktoborus" uid="540529" lat="40.2014012" lon="44.4967149"/>
 <node id="11974927786" visible="true" version="2" changeset="152706663" timestamp="2024-06-15T05:59:18Z" user="Noktoborus" uid="540529" lat="40.2013978" lon="44.4967108"/>
 <node id="11974927787" visible="true" version="2" changeset="152706663" timestamp="2024-06-15T05:59:18Z" user="Noktoborus" uid="540529" lat="40.2013956" lon="44.4967055"/>
 <node id="11974927788" visible="true" version="2" changeset="152706663" timestamp="2024-06-15T05:59:18Z" user="Noktoborus" uid="540529" lat="40.2013949" lon="44.4966995"/>
 <node id="11974927789" visible="true" version="2" changeset="152706663" timestamp="2024-06-15T05:59:18Z" user="Noktoborus" uid="540529" lat="40.2013956" lon="44.4966935"/>
 <node id="11974927790" visible="true" version="2" changeset="152706663" timestamp="2024-06-15T05:59:18Z" user="Noktoborus" uid="540529" lat="40.2013978" lon="44.4966882"/>
 <node id="11974927791" visible="true" version="2" changeset="152706663" timestamp="2024-06-15T05:59:18Z" user="Noktoborus" uid="540529" lat="40.2013581" lon="44.4966281"/>
 <node id="11974927792" visible="true" version="2" changeset="152706663" timestamp="2024-06-15T05:59:18Z" user="Noktoborus" uid="540529" lat="40.2013623" lon="44.4966256"/>
 <node id="11974927793" visible="true" version="2" changeset="152706663" timestamp="2024-06-15T05:59:18Z" user="Noktoborus" uid="540529" lat="40.2013749" lon="44.4966562"/>
 <node id="11974927794" visible="true" version="2" changeset="152706663" timestamp="2024-06-15T05:59:18Z" user="Noktoborus" uid="540529" lat="40.2013712" lon="44.4966593"/>
 <node id="11974927795" visible="true" version="2" changeset="152706663" timestamp="2024-06-15T05:59:18Z" user="Noktoborus" uid="540529" lat="40.2013668" lon="44.4966250"/>
 <node id="11974927796" visible="true" version="2" changeset="152706663" timestamp="2024-06-15T05:59:18Z" user="Noktoborus" uid="540529" lat="40.2013713" lon="44.4966264"/>
 <node id="11974927797" visible="true" version="2" changeset="152706663" timestamp="2024-06-15T05:59:18Z" user="Noktoborus" uid="540529" lat="40.2013751" lon="44.4966296"/>
 <node id="11974927798" visible="true" version="2" changeset="152706663" timestamp="2024-06-15T05:59:18Z" user="Noktoborus" uid="540529" lat="40.2013779" lon="44.4966343"/>
 <node id="11974927799" visible="true" version="2" changeset="152706663" timestamp="2024-06-15T05:59:18Z" user="Noktoborus" uid="540529" lat="40.2013794" lon="44.4966400"/>
 <node id="11974927800" visible="true" version="2" changeset="152706663" timestamp="2024-06-15T05:59:18Z" user="Noktoborus" uid="540529" lat="40.2013794" lon="44.4966460"/>
 <node id="11974927801" visible="true" version="2" changeset="152706663" timestamp="2024-06-15T05:59:18Z" user="Noktoborus" uid="540529" lat="40.2013778" lon="44.4966516"/>
 <node id="11974927802" visible="true" version="2" changeset="152706663" timestamp="2024-06-15T05:59:18Z" user="Noktoborus" uid="540529" lat="40.2013669" lon="44.4966606"/>
 <node id="11974927803" visible="true" version="2" changeset="152706663" timestamp="2024-06-15T05:59:18Z" user="Noktoborus" uid="540529" lat="40.2013625" lon="44.4966601"/>
 <node id="11974927804" visible="true" version="2" changeset="152706663" timestamp="2024-06-15T05:59:18Z" user="Noktoborus" uid="540529" lat="40.2013584" lon="44.4966577"/>
 <node id="11974927805" visible="true" version="2" changeset="152706663" timestamp="2024-06-15T05:59:18Z" user="Noktoborus" uid="540529" lat="40.2013552" lon="44.4966538"/>
 <node id="11974927806" visible="true" version="2" changeset="152706663" timestamp="2024-06-15T05:59:18Z" user="Noktoborus" uid="540529" lat="40.2013530" lon="44.4966487"/>
 <node id="11974927807" visible="true" version="2" changeset="152706663" timestamp="2024-06-15T05:59:18Z" user="Noktoborus" uid="540529" lat="40.2013523" lon="44.4966430"/>
 <node id="11974927808" visible="true" version="2" changeset="152706663" timestamp="2024-06-15T05:59:18Z" user="Noktoborus" uid="540529" lat="40.2013529" lon="44.4966373"/>
 <node id="11974927809" visible="true" version="2" changeset="152706663" timestamp="2024-06-15T05:59:18Z" user="Noktoborus" uid="540529" lat="40.2013550" lon="44.4966321"/>
 <node id="11974927810" visible="true" version="1" changeset="152577141" timestamp="2024-06-12T08:57:19Z" user="Noktoborus" uid="540529" lat="40.2013398" lon="44.4966849"/>
 <node id="11974927811" visible="true" version="1" changeset="152577141" timestamp="2024-06-12T08:57:19Z" user="Noktoborus" uid="540529" lat="40.2013445" lon="44.4966820"/>
 <node id="11974927812" visible="true" version="1" changeset="152577141" timestamp="2024-06-12T08:57:19Z" user="Noktoborus" uid="540529" lat="40.2013588" lon="44.4967168"/>
 <node id="11974927813" visible="true" version="1" changeset="152577141" timestamp="2024-06-12T08:57:19Z" user="Noktoborus" uid="540529" lat="40.2013545" lon="44.4967203"/>
 <node id="11974927814" visible="true" version="1" changeset="152577141" timestamp="2024-06-12T08:57:19Z" user="Noktoborus" uid="540529" lat="40.2013496" lon="44.4966813"/>
 <node id="11974927815" visible="true" version="1" changeset="152577141" timestamp="2024-06-12T08:57:19Z" user="Noktoborus" uid="540529" lat="40.2013547" lon="44.4966829"/>
 <node id="11974927816" visible="true" version="1" changeset="152577141" timestamp="2024-06-12T08:57:19Z" user="Noktoborus" uid="540529" lat="40.2013590" lon="44.4966866"/>
 <node id="11974927817" visible="true" version="1" changeset="152577141" timestamp="2024-06-12T08:57:19Z" user="Noktoborus" uid="540529" lat="40.2013622" lon="44.4966920"/>
 <node id="11974927818" visible="true" version="1" changeset="152577141" timestamp="2024-06-12T08:57:19Z" user="Noktoborus" uid="540529" lat="40.2013639" lon="44.4966984"/>
 <node id="11974927819" visible="true" version="1" changeset="152577141" timestamp="2024-06-12T08:57:19Z" user="Noktoborus" uid="540529" lat="40.2013638" lon="44.4967052"/>
 <node id="11974927820" visible="true" version="1" changeset="152577141" timestamp="2024-06-12T08:57:19Z" user="Noktoborus" uid="540529" lat="40.2013620" lon="44.4967116"/>
 <node id="11974927821" visible="true" version="1" changeset="152577141" timestamp="2024-06-12T08:57:19Z" user="Noktoborus" uid="540529" lat="40.2013496" lon="44.4967218"/>
 <node id="11974927822" visible="true" version="1" changeset="152577141" timestamp="2024-06-12T08:57:19Z" user="Noktoborus" uid="540529" lat="40.2013446" lon="44.4967212"/>
 <node id="11974927823" visible="true" version="1" changeset="152577141" timestamp="2024-06-12T08:57:19Z" user="Noktoborus" uid="540529" lat="40.2013400" lon="44.4967185"/>
 <node id="11974927824" visible="true" version="1" changeset="152577141" timestamp="2024-06-12T08:57:19Z" user="Noktoborus" uid="540529" lat="40.2013364" lon="44.4967140"/>
 <node id="11974927825" visible="true" version="1" changeset="152577141" timestamp="2024-06-12T08:57:19Z" user="Noktoborus" uid="540529" lat="40.2013340" lon="44.4967082"/>
 <node id="11974927826" visible="true" version="1" changeset="152577141" timestamp="2024-06-12T08:57:19Z" user="Noktoborus" uid="540529" lat="40.2013331" lon="44.4967018"/>
 <node id="11974927827" visible="true" version="1" changeset="152577141" timestamp="2024-06-12T08:57:19Z" user="Noktoborus" uid="540529" lat="40.2013339" lon="44.4966953"/>
 <node id="11974927828" visible="true" version="1" changeset="152577141" timestamp="2024-06-12T08:57:19Z" user="Noktoborus" uid="540529" lat="40.2013362" lon="44.4966894"/>
 <node id="11974927829" visible="true" version="1" changeset="152577141" timestamp="2024-06-12T08:57:19Z" user="Noktoborus" uid="540529" lat="40.2013076" lon="44.4966492"/>
 <node id="11974927830" visible="true" version="1" changeset="152577141" timestamp="2024-06-12T08:57:19Z" user="Noktoborus" uid="540529" lat="40.2013131" lon="44.4966502"/>
 <node id="11974927831" visible="true" version="1" changeset="152577141" timestamp="2024-06-12T08:57:19Z" user="Noktoborus" uid="540529" lat="40.2013095" lon="44.4966911"/>
 <node id="11974927832" visible="true" version="1" changeset="152577141" timestamp="2024-06-12T08:57:19Z" user="Noktoborus" uid="540529" lat="40.2013044" lon="44.4966906"/>
 <node id="11974927833" visible="true" version="1" changeset="152577141" timestamp="2024-06-12T08:57:19Z" user="Noktoborus" uid="540529" lat="40.2013179" lon="44.4966535"/>
 <node id="11974927834" visible="true" version="1" changeset="152577141" timestamp="2024-06-12T08:57:19Z" user="Noktoborus" uid="540529" lat="40.2013217" lon="44.4966588"/>
 <node id="11974927835" visible="true" version="1" changeset="152577141" timestamp="2024-06-12T08:57:19Z" user="Noktoborus" uid="540529" lat="40.2013238" lon="44.4966654"/>
 <node id="11974927836" visible="true" version="1" changeset="152577141" timestamp="2024-06-12T08:57:19Z" user="Noktoborus" uid="540529" lat="40.2013241" lon="44.4966726"/>
 <node id="11974927837" visible="true" version="1" changeset="152577141" timestamp="2024-06-12T08:57:19Z" user="Noktoborus" uid="540529" lat="40.2013226" lon="44.4966795"/>
 <node id="11974927838" visible="true" version="1" changeset="152577141" timestamp="2024-06-12T08:57:19Z" user="Noktoborus" uid="540529" lat="40.2013193" lon="44.4966853"/>
 <node id="11974927839" visible="true" version="1" changeset="152577141" timestamp="2024-06-12T08:57:19Z" user="Noktoborus" uid="540529" lat="40.2013148" lon="44.4966893"/>
 <node id="11974927840" visible="true" version="1" changeset="152577141" timestamp="2024-06-12T08:57:19Z" user="Noktoborus" uid="540529" lat="40.2012997" lon="44.4966880"/>
 <node id="11974927841" visible="true" version="1" changeset="152577141" timestamp="2024-06-12T08:57:19Z" user="Noktoborus" uid="540529" lat="40.2012958" lon="44.4966836"/>
 <node id="11974927842" visible="true" version="1" changeset="152577141" timestamp="2024-06-12T08:57:19Z" user="Noktoborus" uid="540529" lat="40.2012932" lon="44.4966779"/>
 <node id="11974927843" visible="true" version="1" changeset="152577141" timestamp="2024-06-12T08:57:19Z" user="Noktoborus" uid="540529" lat="40.2012921" lon="44.4966714"/>
 <node id="11974927844" visible="true" version="1" changeset="152577141" timestamp="2024-06-12T08:57:19Z" user="Noktoborus" uid="540529" lat="40.2012927" lon="44.4966647"/>
 <node id="11974927845" visible="true" version="1" changeset="152577141" timestamp="2024-06-12T08:57:19Z" user="Noktoborus" uid="540529" lat="40.2012947" lon="44.4966586"/>
 <node id="11974927846" visible="true" version="1" changeset="152577141" timestamp="2024-06-12T08:57:19Z" user="Noktoborus" uid="540529" lat="40.2012982" lon="44.4966537"/>
 <node id="11974927847" visible="true" version="1" changeset="152577141" timestamp="2024-06-12T08:57:19Z" user="Noktoborus" uid="540529" lat="40.2013026" lon="44.4966504"/>
 <node id="11974927848" visible="true" version="1" changeset="152577141" timestamp="2024-06-12T08:57:19Z" user="Noktoborus" uid="540529" lat="40.2013341" lon="44.4967688"/>
 <node id="11974927849" visible="true" version="1" changeset="152577141" timestamp="2024-06-12T08:57:19Z" user="Noktoborus" uid="540529" lat="40.2013350" lon="44.4967747"/>
 <node id="11974927850" visible="true" version="1" changeset="152577141" timestamp="2024-06-12T08:57:19Z" user="Noktoborus" uid="540529" lat="40.2013067" lon="44.4967823"/>
 <node id="11974927851" visible="true" version="1" changeset="152577141" timestamp="2024-06-12T08:57:19Z" user="Noktoborus" uid="540529" lat="40.2013058" lon="44.4967758"/>
 <node id="11974927852" visible="true" version="1" changeset="152577141" timestamp="2024-06-12T08:57:19Z" user="Noktoborus" uid="540529" lat="40.2013346" lon="44.4967807"/>
 <node id="11974927853" visible="true" version="1" changeset="152577141" timestamp="2024-06-12T08:57:19Z" user="Noktoborus" uid="540529" lat="40.2013327" lon="44.4967862"/>
 <node id="11974927854" visible="true" version="1" changeset="152577141" timestamp="2024-06-12T08:57:19Z" user="Noktoborus" uid="540529" lat="40.2013296" lon="44.4967906"/>
 <node id="11974927855" visible="true" version="1" changeset="152577141" timestamp="2024-06-12T08:57:19Z" user="Noktoborus" uid="540529" lat="40.2013256" lon="44.4967936"/>
 <node id="11974927856" visible="true" version="1" changeset="152577141" timestamp="2024-06-12T08:57:19Z" user="Noktoborus" uid="540529" lat="40.2013211" lon="44.4967949"/>
 <node id="11974927857" visible="true" version="1" changeset="152577141" timestamp="2024-06-12T08:57:19Z" user="Noktoborus" uid="540529" lat="40.2013165" lon="44.4967942"/>
 <node id="11974927858" visible="true" version="1" changeset="152577141" timestamp="2024-06-12T08:57:19Z" user="Noktoborus" uid="540529" lat="40.2013124" lon="44.4967917"/>
 <node id="11974927859" visible="true" version="1" changeset="152577141" timestamp="2024-06-12T08:57:19Z" user="Noktoborus" uid="540529" lat="40.2013090" lon="44.4967876"/>
 <node id="11974927860" visible="true" version="1" changeset="152577141" timestamp="2024-06-12T08:57:19Z" user="Noktoborus" uid="540529" lat="40.2013067" lon="44.4967693"/>
 <node id="11974927861" visible="true" version="1" changeset="152577141" timestamp="2024-06-12T08:57:19Z" user="Noktoborus" uid="540529" lat="40.2013092" lon="44.4967636"/>
 <node id="11974927862" visible="true" version="1" changeset="152577141" timestamp="2024-06-12T08:57:19Z" user="Noktoborus" uid="540529" lat="40.2013130" lon="44.4967593"/>
 <node id="11974927863" visible="true" version="1" changeset="152577141" timestamp="2024-06-12T08:57:19Z" user="Noktoborus" uid="540529" lat="40.2013177" lon="44.4967569"/>
 <node id="11974927864" visible="true" version="1" changeset="152577141" timestamp="2024-06-12T08:57:19Z" user="Noktoborus" uid="540529" lat="40.2013228" lon="44.4967568"/>
 <node id="11974927865" visible="true" version="1" changeset="152577141" timestamp="2024-06-12T08:57:19Z" user="Noktoborus" uid="540529" lat="40.2013275" lon="44.4967590"/>
 <node id="11974927866" visible="true" version="1" changeset="152577141" timestamp="2024-06-12T08:57:19Z" user="Noktoborus" uid="540529" lat="40.2013314" lon="44.4967631"/>
 <node id="11974927867" visible="true" version="1" changeset="152577141" timestamp="2024-06-12T08:57:19Z" user="Noktoborus" uid="540529" lat="40.2013651" lon="44.4968074"/>
 <node id="11974927868" visible="true" version="1" changeset="152577141" timestamp="2024-06-12T08:57:19Z" user="Noktoborus" uid="540529" lat="40.2013678" lon="44.4968142"/>
 <node id="11974927869" visible="true" version="1" changeset="152577141" timestamp="2024-06-12T08:57:19Z" user="Noktoborus" uid="540529" lat="40.2013426" lon="44.4968396"/>
 <node id="11974927870" visible="true" version="1" changeset="152577141" timestamp="2024-06-12T08:57:19Z" user="Noktoborus" uid="540529" lat="40.2013386" lon="44.4968349"/>
 <node id="11974927871" visible="true" version="1" changeset="152577141" timestamp="2024-06-12T08:57:19Z" user="Noktoborus" uid="540529" lat="40.2013685" lon="44.4968218"/>
 <node id="11974927872" visible="true" version="1" changeset="152577141" timestamp="2024-06-12T08:57:19Z" user="Noktoborus" uid="540529" lat="40.2013673" lon="44.4968293"/>
 <node id="11974927873" visible="true" version="1" changeset="152577141" timestamp="2024-06-12T08:57:19Z" user="Noktoborus" uid="540529" lat="40.2013641" lon="44.4968357"/>
 <node id="11974927874" visible="true" version="1" changeset="152577141" timestamp="2024-06-12T08:57:19Z" user="Noktoborus" uid="540529" lat="40.2013595" lon="44.4968404"/>
 <node id="11974927875" visible="true" version="1" changeset="152577141" timestamp="2024-06-12T08:57:19Z" user="Noktoborus" uid="540529" lat="40.2013539" lon="44.4968428"/>
 <node id="11974927876" visible="true" version="1" changeset="152577141" timestamp="2024-06-12T08:57:19Z" user="Noktoborus" uid="540529" lat="40.2013481" lon="44.4968425"/>
 <node id="11974927877" visible="true" version="1" changeset="152577141" timestamp="2024-06-12T08:57:19Z" user="Noktoborus" uid="540529" lat="40.2013359" lon="44.4968289"/>
 <node id="11974927878" visible="true" version="1" changeset="152577141" timestamp="2024-06-12T08:57:19Z" user="Noktoborus" uid="540529" lat="40.2013347" lon="44.4968220"/>
 <node id="11974927879" visible="true" version="1" changeset="152577141" timestamp="2024-06-12T08:57:19Z" user="Noktoborus" uid="540529" lat="40.2013353" lon="44.4968150"/>
 <node id="11974927880" visible="true" version="1" changeset="152577141" timestamp="2024-06-12T08:57:19Z" user="Noktoborus" uid="540529" lat="40.2013375" lon="44.4968086"/>
 <node id="11974927881" visible="true" version="1" changeset="152577141" timestamp="2024-06-12T08:57:19Z" user="Noktoborus" uid="540529" lat="40.2013411" lon="44.4968035"/>
 <node id="11974927882" visible="true" version="1" changeset="152577141" timestamp="2024-06-12T08:57:19Z" user="Noktoborus" uid="540529" lat="40.2013458" lon="44.4968000"/>
 <node id="11974927883" visible="true" version="1" changeset="152577141" timestamp="2024-06-12T08:57:19Z" user="Noktoborus" uid="540529" lat="40.2013510" lon="44.4967987"/>
 <node id="11974927884" visible="true" version="1" changeset="152577141" timestamp="2024-06-12T08:57:19Z" user="Noktoborus" uid="540529" lat="40.2013564" lon="44.4967995"/>
 <node id="11974927885" visible="true" version="1" changeset="152577141" timestamp="2024-06-12T08:57:19Z" user="Noktoborus" uid="540529" lat="40.2013612" lon="44.4968025"/>
 <node id="11974927886" visible="true" version="2" changeset="152706663" timestamp="2024-06-15T05:59:18Z" user="Noktoborus" uid="540529" lat="40.2014160" lon="44.4967628"/>
 <node id="11974927887" visible="true" version="2" changeset="152706663" timestamp="2024-06-15T05:59:18Z" user="Noktoborus" uid="540529" lat="40.2014185" lon="44.4967701"/>
 <node id="11974927888" visible="true" version="2" changeset="152706663" timestamp="2024-06-15T05:59:18Z" user="Noktoborus" uid="540529" lat="40.2013875" lon="44.4967941"/>
 <node id="11974927889" visible="true" version="2" changeset="152706663" timestamp="2024-06-15T05:59:18Z" user="Noktoborus" uid="540529" lat="40.2013838" lon="44.4967875"/>
 <node id="11974927890" visible="true" version="2" changeset="152706663" timestamp="2024-06-15T05:59:18Z" user="Noktoborus" uid="540529" lat="40.2014191" lon="44.4967779"/>
 <node id="11974927891" visible="true" version="2" changeset="152706663" timestamp="2024-06-15T05:59:18Z" user="Noktoborus" uid="540529" lat="40.2014178" lon="44.4967857"/>
 <node id="11974927892" visible="true" version="2" changeset="152706663" timestamp="2024-06-15T05:59:18Z" user="Noktoborus" uid="540529" lat="40.2014146" lon="44.4967924"/>
 <node id="11974927893" visible="true" version="2" changeset="152706663" timestamp="2024-06-15T05:59:18Z" user="Noktoborus" uid="540529" lat="40.2014100" lon="44.4967975"/>
 <node id="11974927894" visible="true" version="2" changeset="152706663" timestamp="2024-06-15T05:59:18Z" user="Noktoborus" uid="540529" lat="40.2014044" lon="44.4968004"/>
 <node id="11974927895" visible="true" version="2" changeset="152706663" timestamp="2024-06-15T05:59:18Z" user="Noktoborus" uid="540529" lat="40.2013983" lon="44.4968008"/>
 <node id="11974927896" visible="true" version="2" changeset="152706663" timestamp="2024-06-15T05:59:18Z" user="Noktoborus" uid="540529" lat="40.2013925" lon="44.4967986"/>
 <node id="11974927897" visible="true" version="2" changeset="152706663" timestamp="2024-06-15T05:59:18Z" user="Noktoborus" uid="540529" lat="40.2013820" lon="44.4967797"/>
 <node id="11974927898" visible="true" version="2" changeset="152706663" timestamp="2024-06-15T05:59:18Z" user="Noktoborus" uid="540529" lat="40.2013822" lon="44.4967715"/>
 <node id="11974927899" visible="true" version="2" changeset="152706663" timestamp="2024-06-15T05:59:18Z" user="Noktoborus" uid="540529" lat="40.2013844" lon="44.4967639"/>
 <node id="11974927900" visible="true" version="2" changeset="152706663" timestamp="2024-06-15T05:59:18Z" user="Noktoborus" uid="540529" lat="40.2013885" lon="44.4967577"/>
 <node id="11974927901" visible="true" version="2" changeset="152706663" timestamp="2024-06-15T05:59:18Z" user="Noktoborus" uid="540529" lat="40.2013939" lon="44.4967536"/>
 <node id="11974927902" visible="true" version="2" changeset="152706663" timestamp="2024-06-15T05:59:18Z" user="Noktoborus" uid="540529" lat="40.2014000" lon="44.4967520"/>
 <node id="11974927903" visible="true" version="2" changeset="152706663" timestamp="2024-06-15T05:59:18Z" user="Noktoborus" uid="540529" lat="40.2014062" lon="44.4967531"/>
 <node id="11974927904" visible="true" version="2" changeset="152706663" timestamp="2024-06-15T05:59:18Z" user="Noktoborus" uid="540529" lat="40.2014117" lon="44.4967569"/>
 <node id="11974927905" visible="true" version="4" changeset="152750238" timestamp="2024-06-16T08:34:10Z" user="Noktoborus" uid="540529" lat="40.2015385" lon="44.4966968"/>
 <node id="11974927906" visible="true" version="4" changeset="152750238" timestamp="2024-06-16T08:34:10Z" user="Noktoborus" uid="540529" lat="40.2015044" lon="44.4967212"/>
 <node id="11974927907" visible="true" version="4" changeset="152750238" timestamp="2024-06-16T08:34:10Z" user="Noktoborus" uid="540529" lat="40.2015227" lon="44.4967652"/>
 <node id="11974927908" visible="true" version="4" changeset="152750238" timestamp="2024-06-16T08:34:10Z" user="Noktoborus" uid="540529" lat="40.2015569" lon="44.4967407"/>
 <node id="11974927909" visible="true" version="1" changeset="152577141" timestamp="2024-06-12T08:57:19Z" user="Noktoborus" uid="540529" lat="40.2015509" lon="44.4966132"/>
 <node id="11974927910" visible="true" version="1" changeset="152577141" timestamp="2024-06-12T08:57:19Z" user="Noktoborus" uid="540529" lat="40.2015562" lon="44.4966114"/>
 <node id="11974927911" visible="true" version="1" changeset="152577141" timestamp="2024-06-12T08:57:19Z" user="Noktoborus" uid="540529" lat="40.2015683" lon="44.4966514"/>
 <node id="11974927912" visible="true" version="1" changeset="152577141" timestamp="2024-06-12T08:57:19Z" user="Noktoborus" uid="540529" lat="40.2015632" lon="44.4966549"/>
 <node id="11974927913" visible="true" version="1" changeset="152577141" timestamp="2024-06-12T08:57:19Z" user="Noktoborus" uid="540529" lat="40.2015617" lon="44.4966119"/>
 <node id="11974927914" visible="true" version="1" changeset="152577141" timestamp="2024-06-12T08:57:19Z" user="Noktoborus" uid="540529" lat="40.2015667" lon="44.4966146"/>
 <node id="11974927915" visible="true" version="1" changeset="152577141" timestamp="2024-06-12T08:57:19Z" user="Noktoborus" uid="540529" lat="40.2015709" lon="44.4966193"/>
 <node id="11974927916" visible="true" version="1" changeset="152577141" timestamp="2024-06-12T08:57:19Z" user="Noktoborus" uid="540529" lat="40.2015737" lon="44.4966254"/>
 <node id="11974927917" visible="true" version="1" changeset="152577141" timestamp="2024-06-12T08:57:19Z" user="Noktoborus" uid="540529" lat="40.2015749" lon="44.4966324"/>
 <node id="11974927918" visible="true" version="1" changeset="152577141" timestamp="2024-06-12T08:57:19Z" user="Noktoborus" uid="540529" lat="40.2015743" lon="44.4966396"/>
 <node id="11974927919" visible="true" version="1" changeset="152577141" timestamp="2024-06-12T08:57:19Z" user="Noktoborus" uid="540529" lat="40.2015720" lon="44.4966461"/>
 <node id="11974927920" visible="true" version="1" changeset="152577141" timestamp="2024-06-12T08:57:19Z" user="Noktoborus" uid="540529" lat="40.2015575" lon="44.4966561"/>
 <node id="11974927921" visible="true" version="1" changeset="152577141" timestamp="2024-06-12T08:57:19Z" user="Noktoborus" uid="540529" lat="40.2015518" lon="44.4966547"/>
 <node id="11974927922" visible="true" version="1" changeset="152577141" timestamp="2024-06-12T08:57:19Z" user="Noktoborus" uid="540529" lat="40.2015469" lon="44.4966509"/>
 <node id="11974927923" visible="true" version="1" changeset="152577141" timestamp="2024-06-12T08:57:19Z" user="Noktoborus" uid="540529" lat="40.2015431" lon="44.4966451"/>
 <node id="11974927924" visible="true" version="1" changeset="152577141" timestamp="2024-06-12T08:57:19Z" user="Noktoborus" uid="540529" lat="40.2015410" lon="44.4966381"/>
 <node id="11974927925" visible="true" version="1" changeset="152577141" timestamp="2024-06-12T08:57:19Z" user="Noktoborus" uid="540529" lat="40.2015409" lon="44.4966306"/>
 <node id="11974927926" visible="true" version="1" changeset="152577141" timestamp="2024-06-12T08:57:19Z" user="Noktoborus" uid="540529" lat="40.2015426" lon="44.4966234"/>
 <node id="11974927927" visible="true" version="1" changeset="152577141" timestamp="2024-06-12T08:57:19Z" user="Noktoborus" uid="540529" lat="40.2015461" lon="44.4966174"/>
 <node id="11974927928" visible="true" version="1" changeset="152577141" timestamp="2024-06-12T08:57:19Z" user="Noktoborus" uid="540529" lat="40.2015158" lon="44.4965681"/>
 <node id="11974927929" visible="true" version="1" changeset="152577141" timestamp="2024-06-12T08:57:19Z" user="Noktoborus" uid="540529" lat="40.2015134" lon="44.4965742"/>
 <node id="11974927930" visible="true" version="1" changeset="152577141" timestamp="2024-06-12T08:57:19Z" user="Noktoborus" uid="540529" lat="40.2015400" lon="44.4965943"/>
 <node id="11974927931" visible="true" version="1" changeset="152577141" timestamp="2024-06-12T08:57:19Z" user="Noktoborus" uid="540529" lat="40.2015428" lon="44.4965887"/>
 <node id="11974927932" visible="true" version="1" changeset="152577141" timestamp="2024-06-12T08:57:19Z" user="Noktoborus" uid="540529" lat="40.2015126" lon="44.4965811"/>
 <node id="11974927933" visible="true" version="1" changeset="152577141" timestamp="2024-06-12T08:57:19Z" user="Noktoborus" uid="540529" lat="40.2015137" lon="44.4965879"/>
 <node id="11974927934" visible="true" version="1" changeset="152577141" timestamp="2024-06-12T08:57:19Z" user="Noktoborus" uid="540529" lat="40.2015164" lon="44.4965939"/>
 <node id="11974927935" visible="true" version="1" changeset="152577141" timestamp="2024-06-12T08:57:19Z" user="Noktoborus" uid="540529" lat="40.2015205" lon="44.4965983"/>
 <node id="11974927936" visible="true" version="1" changeset="152577141" timestamp="2024-06-12T08:57:19Z" user="Noktoborus" uid="540529" lat="40.2015255" lon="44.4966007"/>
 <node id="11974927937" visible="true" version="1" changeset="152577141" timestamp="2024-06-12T08:57:19Z" user="Noktoborus" uid="540529" lat="40.2015308" lon="44.4966008"/>
 <node id="11974927938" visible="true" version="1" changeset="152577141" timestamp="2024-06-12T08:57:19Z" user="Noktoborus" uid="540529" lat="40.2015358" lon="44.4965986"/>
 <node id="11974927939" visible="true" version="1" changeset="152577141" timestamp="2024-06-12T08:57:19Z" user="Noktoborus" uid="540529" lat="40.2015440" lon="44.4965823"/>
 <node id="11974927940" visible="true" version="1" changeset="152577141" timestamp="2024-06-12T08:57:19Z" user="Noktoborus" uid="540529" lat="40.2015436" lon="44.4965757"/>
 <node id="11974927941" visible="true" version="1" changeset="152577141" timestamp="2024-06-12T08:57:19Z" user="Noktoborus" uid="540529" lat="40.2015417" lon="44.4965696"/>
 <node id="11974927942" visible="true" version="1" changeset="152577141" timestamp="2024-06-12T08:57:19Z" user="Noktoborus" uid="540529" lat="40.2015384" lon="44.4965646"/>
 <node id="11974927943" visible="true" version="1" changeset="152577141" timestamp="2024-06-12T08:57:19Z" user="Noktoborus" uid="540529" lat="40.2015340" lon="44.4965613"/>
 <node id="11974927944" visible="true" version="1" changeset="152577141" timestamp="2024-06-12T08:57:19Z" user="Noktoborus" uid="540529" lat="40.2015290" lon="44.4965599"/>
 <node id="11974927945" visible="true" version="1" changeset="152577141" timestamp="2024-06-12T08:57:19Z" user="Noktoborus" uid="540529" lat="40.2015240" lon="44.4965607"/>
 <node id="11974927946" visible="true" version="1" changeset="152577141" timestamp="2024-06-12T08:57:19Z" user="Noktoborus" uid="540529" lat="40.2015195" lon="44.4965635"/>
 <node id="11974927947" visible="true" version="2" changeset="152632733" timestamp="2024-06-13T12:50:54Z" user="Noktoborus" uid="540529" lat="40.2016577" lon="44.4963789"/>
 <node id="11974927948" visible="true" version="2" changeset="152632733" timestamp="2024-06-13T12:50:54Z" user="Noktoborus" uid="540529" lat="40.2017487" lon="44.4966012"/>
 <node id="11974927949" visible="true" version="2" changeset="152632733" timestamp="2024-06-13T12:50:54Z" user="Noktoborus" uid="540529" lat="40.2013385" lon="44.4969076"/>
 <node id="11974927950" visible="true" version="2" changeset="152632733" timestamp="2024-06-13T12:50:54Z" user="Noktoborus" uid="540529" lat="40.2012435" lon="44.4966791"/>
 <node id="11974927951" visible="true" version="1" changeset="152577141" timestamp="2024-06-12T08:57:19Z" user="Noktoborus" uid="540529" lat="40.2015424" lon="44.4971818"/>
 <node id="11974927952" visible="true" version="1" changeset="152577141" timestamp="2024-06-12T08:57:19Z" user="Noktoborus" uid="540529" lat="40.2015467" lon="44.4971792"/>
 <node id="11974927953" visible="true" version="1" changeset="152577141" timestamp="2024-06-12T08:57:19Z" user="Noktoborus" uid="540529" lat="40.2015568" lon="44.4972151"/>
 <node id="11974927954" visible="true" version="1" changeset="152577141" timestamp="2024-06-12T08:57:19Z" user="Noktoborus" uid="540529" lat="40.2015521" lon="44.4972169"/>
 <node id="11974927955" visible="true" version="1" changeset="152577141" timestamp="2024-06-12T08:57:19Z" user="Noktoborus" uid="540529" lat="40.2015515" lon="44.4971787"/>
 <node id="11974927956" visible="true" version="1" changeset="152577141" timestamp="2024-06-12T08:57:19Z" user="Noktoborus" uid="540529" lat="40.2015561" lon="44.4971802"/>
 <node id="11974927957" visible="true" version="1" changeset="152577141" timestamp="2024-06-12T08:57:19Z" user="Noktoborus" uid="540529" lat="40.2015602" lon="44.4971835"/>
 <node id="11974927958" visible="true" version="1" changeset="152577141" timestamp="2024-06-12T08:57:19Z" user="Noktoborus" uid="540529" lat="40.2015632" lon="44.4971884"/>
 <node id="11974927959" visible="true" version="1" changeset="152577141" timestamp="2024-06-12T08:57:19Z" user="Noktoborus" uid="540529" lat="40.2015648" lon="44.4971942"/>
 <node id="11974927960" visible="true" version="1" changeset="152577141" timestamp="2024-06-12T08:57:19Z" user="Noktoborus" uid="540529" lat="40.2015649" lon="44.4972005"/>
 <node id="11974927961" visible="true" version="1" changeset="152577141" timestamp="2024-06-12T08:57:19Z" user="Noktoborus" uid="540529" lat="40.2015635" lon="44.4972064"/>
 <node id="11974927962" visible="true" version="1" changeset="152577141" timestamp="2024-06-12T08:57:19Z" user="Noktoborus" uid="540529" lat="40.2015607" lon="44.4972115"/>
 <node id="11974927963" visible="true" version="1" changeset="152577141" timestamp="2024-06-12T08:57:19Z" user="Noktoborus" uid="540529" lat="40.2015472" lon="44.4972166"/>
 <node id="11974927964" visible="true" version="1" changeset="152577141" timestamp="2024-06-12T08:57:19Z" user="Noktoborus" uid="540529" lat="40.2015427" lon="44.4972142"/>
 <node id="11974927965" visible="true" version="1" changeset="152577141" timestamp="2024-06-12T08:57:19Z" user="Noktoborus" uid="540529" lat="40.2015390" lon="44.4972100"/>
 <node id="11974927966" visible="true" version="1" changeset="152577141" timestamp="2024-06-12T08:57:19Z" user="Noktoborus" uid="540529" lat="40.2015366" lon="44.4972044"/>
 <node id="11974927967" visible="true" version="1" changeset="152577141" timestamp="2024-06-12T08:57:19Z" user="Noktoborus" uid="540529" lat="40.2015357" lon="44.4971981"/>
 <node id="11974927968" visible="true" version="1" changeset="152577141" timestamp="2024-06-12T08:57:19Z" user="Noktoborus" uid="540529" lat="40.2015365" lon="44.4971918"/>
 <node id="11974927969" visible="true" version="1" changeset="152577141" timestamp="2024-06-12T08:57:19Z" user="Noktoborus" uid="540529" lat="40.2015388" lon="44.4971861"/>
 <node id="11974927970" visible="true" version="1" changeset="152577141" timestamp="2024-06-12T08:57:19Z" user="Noktoborus" uid="540529" lat="40.2015975" lon="44.4977495"/>
 <node id="11974927971" visible="true" version="1" changeset="152577141" timestamp="2024-06-12T08:57:19Z" user="Noktoborus" uid="540529" lat="40.2011620" lon="44.4979985"/>
 <node id="11974927972" visible="true" version="1" changeset="152577141" timestamp="2024-06-12T08:57:19Z" user="Noktoborus" uid="540529" lat="40.2008670" lon="44.4972637"/>
 <node id="11974927973" visible="true" version="1" changeset="152577141" timestamp="2024-06-12T08:57:19Z" user="Noktoborus" uid="540529" lat="40.2023539" lon="44.4980867"/>
 <node id="11974927974" visible="true" version="1" changeset="152577141" timestamp="2024-06-12T08:57:19Z" user="Noktoborus" uid="540529" lat="40.2022865" lon="44.4980043"/>
 <node id="11974927975" visible="true" version="1" changeset="152577141" timestamp="2024-06-12T08:57:19Z" user="Noktoborus" uid="540529" lat="40.2018622" lon="44.4983170"/>
 <node id="11974927976" visible="true" version="1" changeset="152577141" timestamp="2024-06-12T08:57:19Z" user="Noktoborus" uid="540529" lat="40.2019269" lon="44.4983084">
  <tag k="entrance" v="shop"/>
 </node>
 <node id="11974927977" visible="true" version="1" changeset="152577141" timestamp="2024-06-12T08:57:19Z" user="Noktoborus" uid="540529" lat="40.2017081" lon="44.4964713"/>
 <node id="11974927978" visible="true" version="1" changeset="152577141" timestamp="2024-06-12T08:57:19Z" user="Noktoborus" uid="540529" lat="40.2016127" lon="44.4965409"/>
 <node id="11974927979" visible="true" version="1" changeset="152577141" timestamp="2024-06-12T08:57:19Z" user="Noktoborus" uid="540529" lat="40.2016159" lon="44.4965508"/>
 <node id="11974927980" visible="true" version="1" changeset="152577141" timestamp="2024-06-12T08:57:19Z" user="Noktoborus" uid="540529" lat="40.2015686" lon="44.4965713"/>
 <node id="11974927981" visible="true" version="1" changeset="152577141" timestamp="2024-06-12T08:57:19Z" user="Noktoborus" uid="540529" lat="40.2015666" lon="44.4965608"/>
 <node id="11974927982" visible="true" version="1" changeset="152577141" timestamp="2024-06-12T08:57:19Z" user="Noktoborus" uid="540529" lat="40.2016164" lon="44.4965616"/>
 <node id="11974927983" visible="true" version="1" changeset="152577141" timestamp="2024-06-12T08:57:19Z" user="Noktoborus" uid="540529" lat="40.2016143" lon="44.4965719"/>
 <node id="11974927984" visible="true" version="1" changeset="152577141" timestamp="2024-06-12T08:57:19Z" user="Noktoborus" uid="540529" lat="40.2016097" lon="44.4965808"/>
 <node id="11974927985" visible="true" version="1" changeset="152577141" timestamp="2024-06-12T08:57:19Z" user="Noktoborus" uid="540529" lat="40.2016032" lon="44.4965873"/>
 <node id="11974927986" visible="true" version="1" changeset="152577141" timestamp="2024-06-12T08:57:19Z" user="Noktoborus" uid="540529" lat="40.2015954" lon="44.4965907"/>
 <node id="11974927987" visible="true" version="1" changeset="152577141" timestamp="2024-06-12T08:57:19Z" user="Noktoborus" uid="540529" lat="40.2015872" lon="44.4965906"/>
 <node id="11974927988" visible="true" version="1" changeset="152577141" timestamp="2024-06-12T08:57:19Z" user="Noktoborus" uid="540529" lat="40.2015795" lon="44.4965870"/>
 <node id="11974927989" visible="true" version="1" changeset="152577141" timestamp="2024-06-12T08:57:19Z" user="Noktoborus" uid="540529" lat="40.2015730" lon="44.4965803"/>
 <node id="11974927990" visible="true" version="1" changeset="152577141" timestamp="2024-06-12T08:57:19Z" user="Noktoborus" uid="540529" lat="40.2015674" lon="44.4965500"/>
 <node id="11974927991" visible="true" version="1" changeset="152577141" timestamp="2024-06-12T08:57:19Z" user="Noktoborus" uid="540529" lat="40.2015708" lon="44.4965402"/>
 <node id="11974927992" visible="true" version="1" changeset="152577141" timestamp="2024-06-12T08:57:19Z" user="Noktoborus" uid="540529" lat="40.2015764" lon="44.4965323"/>
 <node id="11974927993" visible="true" version="1" changeset="152577141" timestamp="2024-06-12T08:57:19Z" user="Noktoborus" uid="540529" lat="40.2015837" lon="44.4965273"/>
 <node id="11974927994" visible="true" version="1" changeset="152577141" timestamp="2024-06-12T08:57:19Z" user="Noktoborus" uid="540529" lat="40.2015919" lon="44.4965256"/>
 <node id="11974927995" visible="true" version="1" changeset="152577141" timestamp="2024-06-12T08:57:19Z" user="Noktoborus" uid="540529" lat="40.2016000" lon="44.4965276"/>
 <node id="11974927996" visible="true" version="1" changeset="152577141" timestamp="2024-06-12T08:57:19Z" user="Noktoborus" uid="540529" lat="40.2016072" lon="44.4965329"/>
 <node id="11974927997" visible="true" version="3" changeset="152706663" timestamp="2024-06-15T05:59:18Z" user="Noktoborus" uid="540529" lat="40.2015142" lon="44.4966263"/>
 <node id="11974927998" visible="true" version="1" changeset="152577141" timestamp="2024-06-12T08:57:19Z" user="Noktoborus" uid="540529" lat="40.2021987" lon="44.4977046">
  <tag k="highway" v="crossing"/>
 </node>
 <node id="11974927999" visible="true" version="3" changeset="154095623" timestamp="2024-07-18T11:03:07Z" user="Noktoborus" uid="540529" lat="40.2021331" lon="44.4986385"/>
 <node id="11974928000" visible="true" version="3" changeset="154095623" timestamp="2024-07-18T11:03:07Z" user="Noktoborus" uid="540529" lat="40.2021109" lon="44.4985865"/>
 <node id="11974928001" visible="true" version="3" changeset="154095623" timestamp="2024-07-18T11:03:07Z" user="Noktoborus" uid="540529" lat="40.2020675" lon="44.4984762"/>
 <node id="11974928002" visible="true" version="3" changeset="154095623" timestamp="2024-07-18T11:03:07Z" user="Noktoborus" uid="540529" lat="40.2020306" lon="44.4985024"/>
 <node id="11974928003" visible="true" version="3" changeset="154095623" timestamp="2024-07-18T11:03:07Z" user="Noktoborus" uid="540529" lat="40.2020532" lon="44.4984863">
  <tag k="entrance" v="yes"/>
 </node>
 <node id="11974928004" visible="true" version="3" changeset="154095623" timestamp="2024-07-18T11:03:07Z" user="Noktoborus" uid="540529" lat="40.2019848" lon="44.4985346"/>
 <node id="11974928005" visible="true" version="2" changeset="152726753" timestamp="2024-06-15T15:32:30Z" user="Noktoborus" uid="540529" lat="40.2018476" lon="44.4984095"/>
 <node id="11974928006" visible="true" version="2" changeset="152726753" timestamp="2024-06-15T15:32:30Z" user="Noktoborus" uid="540529" lat="40.2018649" lon="44.4983848"/>
 <node id="11974928007" visible="true" version="2" changeset="153489077" timestamp="2024-07-03T07:47:26Z" user="Noktoborus" uid="540529" lat="40.2015769" lon="44.4983977"/>
 <node id="11974928008" visible="true" version="2" changeset="153489077" timestamp="2024-07-03T07:47:26Z" user="Noktoborus" uid="540529" lat="40.2016139" lon="44.4983708"/>
 <node id="11974928009" visible="true" version="2" changeset="153489077" timestamp="2024-07-03T07:47:26Z" user="Noktoborus" uid="540529" lat="40.2015836" lon="44.4982996"/>
 <node id="11974928010" visible="true" version="2" changeset="153489077" timestamp="2024-07-03T07:47:26Z" user="Noktoborus" uid="540529" lat="40.2015630" lon="44.4983146"/>
 <node id="11977909590" visible="true" version="1" changeset="152624391" timestamp="2024-06-13T09:42:27Z" user="Noktoborus" uid="540529" lat="40.2017656" lon="44.4966174"/>
 <node id="11977909591" visible="true" version="1" changeset="152624391" timestamp="2024-06-13T09:42:27Z" user="Noktoborus" uid="540529" lat="40.2013077" lon="44.4969409"/>
 <node id="11977921503" visible="true" version="2" changeset="152750238" timestamp="2024-06-16T08:34:10Z" user="Noktoborus" uid="540529" lat="40.2015201" lon="44.4967930"/>
 <node id="11977921504" visible="true" version="4" changeset="152750238" timestamp="2024-06-16T08:34:10Z" user="Noktoborus" uid="540529" lat="40.2014893" lon="44.4967268"/>
 <node id="11978257468" visible="true" version="2" changeset="152706663" timestamp="2024-06-15T05:59:18Z" user="Noktoborus" uid="540529" lat="40.2015212" lon="44.4966414"/>
 <node id="11978297270" visible="true" version="2" changeset="152706663" timestamp="2024-06-15T05:59:18Z" user="Noktoborus" uid="540529" lat="40.2014719" lon="44.4967274"/>
 <node id="11978297271" visible="true" version="2" changeset="152706663" timestamp="2024-06-15T05:59:18Z" user="Noktoborus" uid="540529" lat="40.2015247" lon="44.4966583"/>
 <node id="11978297272" visible="true" version="2" changeset="152706663" timestamp="2024-06-15T05:59:18Z" user="Noktoborus" uid="540529" lat="40.2015244" lon="44.4966759"/>
 <node id="11978297273" visible="true" version="2" changeset="152706663" timestamp="2024-06-15T05:59:18Z" user="Noktoborus" uid="540529" lat="40.2015203" lon="44.4966926"/>
 <node id="11978297274" visible="true" version="2" changeset="152706663" timestamp="2024-06-15T05:59:18Z" user="Noktoborus" uid="540529" lat="40.2015129" lon="44.4967072"/>
 <node id="11978297275" visible="true" version="2" changeset="152706663" timestamp="2024-06-15T05:59:18Z" user="Noktoborus" uid="540529" lat="40.2014566" lon="44.4967214"/>
 <node id="11978297276" visible="true" version="2" changeset="152706663" timestamp="2024-06-15T05:59:18Z" user="Noktoborus" uid="540529" lat="40.2014436" lon="44.4967091"/>
 <node id="11978297277" visible="true" version="2" changeset="152706663" timestamp="2024-06-15T05:59:18Z" user="Noktoborus" uid="540529" lat="40.2014346" lon="44.4966919"/>
 <node id="11978297278" visible="true" version="2" changeset="152706663" timestamp="2024-06-15T05:59:18Z" user="Noktoborus" uid="540529" lat="40.2014304" lon="44.4966717"/>
 <node id="11978297279" visible="true" version="2" changeset="152706663" timestamp="2024-06-15T05:59:18Z" user="Noktoborus" uid="540529" lat="40.2014316" lon="44.4966508"/>
 <node id="11978297280" visible="true" version="2" changeset="152706663" timestamp="2024-06-15T05:59:18Z" user="Noktoborus" uid="540529" lat="40.2014379" lon="44.4966317"/>
 <node id="11978297281" visible="true" version="2" changeset="152706663" timestamp="2024-06-15T05:59:18Z" user="Noktoborus" uid="540529" lat="40.2014488" lon="44.4966164"/>
 <node id="11978297282" visible="true" version="2" changeset="152706663" timestamp="2024-06-15T05:59:18Z" user="Noktoborus" uid="540529" lat="40.2014788" lon="44.4966037"/>
 <node id="11978297284" visible="true" version="2" changeset="152706663" timestamp="2024-06-15T05:59:18Z" user="Noktoborus" uid="540529" lat="40.2014921" lon="44.4966066"/>
 <node id="11978297285" visible="true" version="2" changeset="152706663" timestamp="2024-06-15T05:59:18Z" user="Noktoborus" uid="540529" lat="40.2015043" lon="44.4966144"/>
 <node id="11978297286" visible="true" version="4" changeset="161038885" timestamp="2025-01-05T22:48:40Z" user="VlIvYur" uid="345975" lat="40.2014411" lon="44.4965106">
  <tag k="crossing" v="uncontrolled"/>
  <tag k="highway" v="crossing"/>
 </node>
 <node id="11978297287" visible="true" version="1" changeset="152632733" timestamp="2024-06-13T12:50:54Z" user="Noktoborus" uid="540529" lat="40.2017057" lon="44.4964953"/>
 <node id="11978297288" visible="true" version="2" changeset="152750238" timestamp="2024-06-16T08:34:10Z" user="Noktoborus" uid="540529" lat="40.2015180" lon="44.4967771"/>
 <node id="11978297289" visible="true" version="2" changeset="152750238" timestamp="2024-06-16T08:34:10Z" user="Noktoborus" uid="540529" lat="40.2015071" lon="44.4967853"/>
 <node id="11978297290" visible="true" version="2" changeset="152706663" timestamp="2024-06-15T05:59:18Z" user="Noktoborus" uid="540529" lat="40.2014380" lon="44.4965374"/>
 <node id="11978297291" visible="true" version="2" changeset="152706663" timestamp="2024-06-15T05:59:18Z" user="Noktoborus" uid="540529" lat="40.2014619" lon="44.4965192"/>
 <node id="11978297292" visible="true" version="1" changeset="152632733" timestamp="2024-06-13T12:50:54Z" user="Noktoborus" uid="540529" lat="40.2016940" lon="44.4964663"/>
 <node id="11980223463" visible="true" version="1" changeset="152662453" timestamp="2024-06-14T07:09:20Z" user="Noktoborus" uid="540529" lat="40.2020579" lon="44.4982146">
  <tag k="entrance" v="shop"/>
 </node>
 <node id="11980223464" visible="true" version="1" changeset="152662453" timestamp="2024-06-14T07:09:20Z" user="Noktoborus" uid="540529" lat="40.2020651" lon="44.4982364">
  <tag k="shop" v="tailor"/>
 </node>
 <node id="11982355778" visible="true" version="2" changeset="152753840" timestamp="2024-06-16T10:14:30Z" user="Noktoborus" uid="540529" lat="40.2019067" lon="44.4976205">
  <tag k="check_date" v="2024-06-15"/>
  <tag k="shop" v="tailor"/>
 </node>
 <node id="11982398090" visible="true" version="1" changeset="152706663" timestamp="2024-06-15T05:59:18Z" user="Noktoborus" uid="540529" lat="40.2018406" lon="44.4968593"/>
 <node id="11982398091" visible="true" version="1" changeset="152706663" timestamp="2024-06-15T05:59:18Z" user="Noktoborus" uid="540529" lat="40.2017914" lon="44.4968954"/>
 <node id="11982398092" visible="true" version="1" changeset="152706663" timestamp="2024-06-15T05:59:18Z" user="Noktoborus" uid="540529" lat="40.2020261" lon="44.4973066"/>
 <node id="11982398093" visible="true" version="1" changeset="152706663" timestamp="2024-06-15T05:59:18Z" user="Noktoborus" uid="540529" lat="40.2018825" lon="44.4969604">
  <tag k="entrance" v="yes"/>
 </node>
 <node id="11982398094" visible="true" version="1" changeset="152706663" timestamp="2024-06-15T05:59:18Z" user="Noktoborus" uid="540529" lat="40.2019733" lon="44.4971792">
  <tag k="entrance" v="yes"/>
 </node>
 <node id="11982398095" visible="true" version="1" changeset="152706663" timestamp="2024-06-15T05:59:18Z" user="Noktoborus" uid="540529" lat="40.2020530" lon="44.4973714">
  <tag k="entrance" v="yes"/>
 </node>
 <node id="11982398096" visible="true" version="1" changeset="152706663" timestamp="2024-06-15T05:59:18Z" user="Noktoborus" uid="540529" lat="40.2020816" lon="44.4975342">
  <tag k="entrance" v="yes"/>
 </node>
 <node id="11982398097" visible="true" version="1" changeset="152706663" timestamp="2024-06-15T05:59:18Z" user="Noktoborus" uid="540529" lat="40.2018057" lon="44.4967752">
  <tag k="entrance" v="yes"/>
 </node>
 <node id="11982398098" visible="true" version="1" changeset="152706663" timestamp="2024-06-15T05:59:18Z" user="Noktoborus" uid="540529" lat="40.2019240" lon="44.4975499"/>
 <node id="11982398099" visible="true" version="1" changeset="152706663" timestamp="2024-06-15T05:59:18Z" user="Noktoborus" uid="540529" lat="40.2019785" lon="44.4975545"/>
 <node id="11982398100" visible="true" version="1" changeset="152706663" timestamp="2024-06-15T05:59:18Z" user="Noktoborus" uid="540529" lat="40.2019407" lon="44.4975827"/>
 <node id="11982398101" visible="true" version="1" changeset="152706663" timestamp="2024-06-15T05:59:18Z" user="Noktoborus" uid="540529" lat="40.2015268" lon="44.4965395"/>
 <node id="11982398102" visible="true" version="1" changeset="152706663" timestamp="2024-06-15T05:59:18Z" user="Noktoborus" uid="540529" lat="40.2015264" lon="44.4965329"/>
 <node id="11982398103" visible="true" version="1" changeset="152706663" timestamp="2024-06-15T05:59:18Z" user="Noktoborus" uid="540529" lat="40.2015245" lon="44.4965268"/>
 <node id="11982398104" visible="true" version="1" changeset="152706663" timestamp="2024-06-15T05:59:18Z" user="Noktoborus" uid="540529" lat="40.2015212" lon="44.4965218"/>
 <node id="11982398105" visible="true" version="1" changeset="152706663" timestamp="2024-06-15T05:59:18Z" user="Noktoborus" uid="540529" lat="40.2015168" lon="44.4965185"/>
 <node id="11982398106" visible="true" version="1" changeset="152706663" timestamp="2024-06-15T05:59:18Z" user="Noktoborus" uid="540529" lat="40.2015118" lon="44.4965171"/>
 <node id="11982398107" visible="true" version="1" changeset="152706663" timestamp="2024-06-15T05:59:18Z" user="Noktoborus" uid="540529" lat="40.2015068" lon="44.4965179"/>
 <node id="11982398108" visible="true" version="1" changeset="152706663" timestamp="2024-06-15T05:59:18Z" user="Noktoborus" uid="540529" lat="40.2015023" lon="44.4965207"/>
 <node id="11982398109" visible="true" version="1" changeset="152706663" timestamp="2024-06-15T05:59:18Z" user="Noktoborus" uid="540529" lat="40.2014986" lon="44.4965253"/>
 <node id="11982398110" visible="true" version="1" changeset="152706663" timestamp="2024-06-15T05:59:18Z" user="Noktoborus" uid="540529" lat="40.2014962" lon="44.4965314"/>
 <node id="11982398111" visible="true" version="1" changeset="152706663" timestamp="2024-06-15T05:59:18Z" user="Noktoborus" uid="540529" lat="40.2014954" lon="44.4965383"/>
 <node id="11982398112" visible="true" version="1" changeset="152706663" timestamp="2024-06-15T05:59:18Z" user="Noktoborus" uid="540529" lat="40.2014965" lon="44.4965451"/>
 <node id="11982398113" visible="true" version="1" changeset="152706663" timestamp="2024-06-15T05:59:18Z" user="Noktoborus" uid="540529" lat="40.2014992" lon="44.4965511"/>
 <node id="11982398114" visible="true" version="1" changeset="152706663" timestamp="2024-06-15T05:59:18Z" user="Noktoborus" uid="540529" lat="40.2015033" lon="44.4965555"/>
 <node id="11982398115" visible="true" version="1" changeset="152706663" timestamp="2024-06-15T05:59:18Z" user="Noktoborus" uid="540529" lat="40.2015083" lon="44.4965579"/>
 <node id="11982398116" visible="true" version="1" changeset="152706663" timestamp="2024-06-15T05:59:18Z" user="Noktoborus" uid="540529" lat="40.2015136" lon="44.4965580"/>
 <node id="11982398117" visible="true" version="1" changeset="152706663" timestamp="2024-06-15T05:59:18Z" user="Noktoborus" uid="540529" lat="40.2015186" lon="44.4965558"/>
 <node id="11982398118" visible="true" version="1" changeset="152706663" timestamp="2024-06-15T05:59:18Z" user="Noktoborus" uid="540529" lat="40.2015228" lon="44.4965515"/>
 <node id="11982398119" visible="true" version="1" changeset="152706663" timestamp="2024-06-15T05:59:18Z" user="Noktoborus" uid="540529" lat="40.2015256" lon="44.4965459"/>
 <node id="11982398120" visible="true" version="1" changeset="152706663" timestamp="2024-06-15T05:59:18Z" user="Noktoborus" uid="540529" lat="40.2015808" lon="44.4966841"/>
 <node id="11982398121" visible="true" version="1" changeset="152706663" timestamp="2024-06-15T05:59:18Z" user="Noktoborus" uid="540529" lat="40.2015804" lon="44.4966775"/>
 <node id="11982398122" visible="true" version="1" changeset="152706663" timestamp="2024-06-15T05:59:18Z" user="Noktoborus" uid="540529" lat="40.2015785" lon="44.4966714"/>
 <node id="11982398123" visible="true" version="1" changeset="152706663" timestamp="2024-06-15T05:59:18Z" user="Noktoborus" uid="540529" lat="40.2015752" lon="44.4966664"/>
 <node id="11982398124" visible="true" version="1" changeset="152706663" timestamp="2024-06-15T05:59:18Z" user="Noktoborus" uid="540529" lat="40.2015708" lon="44.4966631"/>
 <node id="11982398125" visible="true" version="1" changeset="152706663" timestamp="2024-06-15T05:59:18Z" user="Noktoborus" uid="540529" lat="40.2015658" lon="44.4966617"/>
 <node id="11982398126" visible="true" version="1" changeset="152706663" timestamp="2024-06-15T05:59:18Z" user="Noktoborus" uid="540529" lat="40.2015608" lon="44.4966625"/>
 <node id="11982398127" visible="true" version="1" changeset="152706663" timestamp="2024-06-15T05:59:18Z" user="Noktoborus" uid="540529" lat="40.2015563" lon="44.4966653"/>
 <node id="11982398128" visible="true" version="1" changeset="152706663" timestamp="2024-06-15T05:59:18Z" user="Noktoborus" uid="540529" lat="40.2015526" lon="44.4966699"/>
 <node id="11982398129" visible="true" version="1" changeset="152706663" timestamp="2024-06-15T05:59:18Z" user="Noktoborus" uid="540529" lat="40.2015502" lon="44.4966760"/>
 <node id="11982398130" visible="true" version="1" changeset="152706663" timestamp="2024-06-15T05:59:18Z" user="Noktoborus" uid="540529" lat="40.2015494" lon="44.4966829"/>
 <node id="11982398131" visible="true" version="1" changeset="152706663" timestamp="2024-06-15T05:59:18Z" user="Noktoborus" uid="540529" lat="40.2015505" lon="44.4966897"/>
 <node id="11982398132" visible="true" version="1" changeset="152706663" timestamp="2024-06-15T05:59:18Z" user="Noktoborus" uid="540529" lat="40.2015532" lon="44.4966957"/>
 <node id="11982398133" visible="true" version="1" changeset="152706663" timestamp="2024-06-15T05:59:18Z" user="Noktoborus" uid="540529" lat="40.2015573" lon="44.4967001"/>
 <node id="11982398134" visible="true" version="1" changeset="152706663" timestamp="2024-06-15T05:59:18Z" user="Noktoborus" uid="540529" lat="40.2015623" lon="44.4967025"/>
 <node id="11982398135" visible="true" version="1" changeset="152706663" timestamp="2024-06-15T05:59:18Z" user="Noktoborus" uid="540529" lat="40.2015676" lon="44.4967026"/>
 <node id="11982398136" visible="true" version="1" changeset="152706663" timestamp="2024-06-15T05:59:18Z" user="Noktoborus" uid="540529" lat="40.2015726" lon="44.4967004"/>
 <node id="11982398137" visible="true" version="1" changeset="152706663" timestamp="2024-06-15T05:59:18Z" user="Noktoborus" uid="540529" lat="40.2015768" lon="44.4966961"/>
 <node id="11982398138" visible="true" version="1" changeset="152706663" timestamp="2024-06-15T05:59:18Z" user="Noktoborus" uid="540529" lat="40.2015796" lon="44.4966905"/>
 <node id="11982398139" visible="true" version="1" changeset="152706663" timestamp="2024-06-15T05:59:18Z" user="Noktoborus" uid="540529" lat="40.2014584" lon="44.4965763"/>
 <node id="11982398140" visible="true" version="1" changeset="152706663" timestamp="2024-06-15T05:59:18Z" user="Noktoborus" uid="540529" lat="40.2014580" lon="44.4965697"/>
 <node id="11982398141" visible="true" version="1" changeset="152706663" timestamp="2024-06-15T05:59:18Z" user="Noktoborus" uid="540529" lat="40.2014561" lon="44.4965636"/>
 <node id="11982398142" visible="true" version="1" changeset="152706663" timestamp="2024-06-15T05:59:18Z" user="Noktoborus" uid="540529" lat="40.2014528" lon="44.4965586"/>
 <node id="11982398143" visible="true" version="1" changeset="152706663" timestamp="2024-06-15T05:59:18Z" user="Noktoborus" uid="540529" lat="40.2014484" lon="44.4965553"/>
 <node id="11982398144" visible="true" version="1" changeset="152706663" timestamp="2024-06-15T05:59:18Z" user="Noktoborus" uid="540529" lat="40.2014434" lon="44.4965539"/>
 <node id="11982398145" visible="true" version="1" changeset="152706663" timestamp="2024-06-15T05:59:18Z" user="Noktoborus" uid="540529" lat="40.2014384" lon="44.4965547"/>
 <node id="11982398146" visible="true" version="1" changeset="152706663" timestamp="2024-06-15T05:59:18Z" user="Noktoborus" uid="540529" lat="40.2014339" lon="44.4965575"/>
 <node id="11982398147" visible="true" version="1" changeset="152706663" timestamp="2024-06-15T05:59:18Z" user="Noktoborus" uid="540529" lat="40.2014302" lon="44.4965621"/>
 <node id="11982398148" visible="true" version="1" changeset="152706663" timestamp="2024-06-15T05:59:18Z" user="Noktoborus" uid="540529" lat="40.2014278" lon="44.4965682"/>
 <node id="11982398149" visible="true" version="1" changeset="152706663" timestamp="2024-06-15T05:59:18Z" user="Noktoborus" uid="540529" lat="40.2014270" lon="44.4965751"/>
 <node id="11982398150" visible="true" version="1" changeset="152706663" timestamp="2024-06-15T05:59:18Z" user="Noktoborus" uid="540529" lat="40.2014281" lon="44.4965819"/>
 <node id="11982398151" visible="true" version="1" changeset="152706663" timestamp="2024-06-15T05:59:18Z" user="Noktoborus" uid="540529" lat="40.2014308" lon="44.4965879"/>
 <node id="11982398152" visible="true" version="1" changeset="152706663" timestamp="2024-06-15T05:59:18Z" user="Noktoborus" uid="540529" lat="40.2014349" lon="44.4965923"/>
 <node id="11982398153" visible="true" version="1" changeset="152706663" timestamp="2024-06-15T05:59:18Z" user="Noktoborus" uid="540529" lat="40.2014399" lon="44.4965947"/>
 <node id="11982398154" visible="true" version="1" changeset="152706663" timestamp="2024-06-15T05:59:18Z" user="Noktoborus" uid="540529" lat="40.2014452" lon="44.4965948"/>
 <node id="11982398155" visible="true" version="1" changeset="152706663" timestamp="2024-06-15T05:59:18Z" user="Noktoborus" uid="540529" lat="40.2014502" lon="44.4965926"/>
 <node id="11982398156" visible="true" version="1" changeset="152706663" timestamp="2024-06-15T05:59:18Z" user="Noktoborus" uid="540529" lat="40.2014544" lon="44.4965883"/>
 <node id="11982398157" visible="true" version="1" changeset="152706663" timestamp="2024-06-15T05:59:18Z" user="Noktoborus" uid="540529" lat="40.2014572" lon="44.4965827"/>
 <node id="11982398158" visible="true" version="1" changeset="152706663" timestamp="2024-06-15T05:59:18Z" user="Noktoborus" uid="540529" lat="40.2014630" lon="44.4966067"/>
 <node id="11982398159" visible="true" version="1" changeset="152706663" timestamp="2024-06-15T05:59:18Z" user="Noktoborus" uid="540529" lat="40.2012896" lon="44.4966991"/>
 <node id="11982398160" visible="true" version="1" changeset="152706663" timestamp="2024-06-15T05:59:18Z" user="Noktoborus" uid="540529" lat="40.2012892" lon="44.4966925"/>
 <node id="11982398161" visible="true" version="1" changeset="152706663" timestamp="2024-06-15T05:59:18Z" user="Noktoborus" uid="540529" lat="40.2012873" lon="44.4966864"/>
 <node id="11982398162" visible="true" version="1" changeset="152706663" timestamp="2024-06-15T05:59:18Z" user="Noktoborus" uid="540529" lat="40.2012840" lon="44.4966814"/>
 <node id="11982398163" visible="true" version="1" changeset="152706663" timestamp="2024-06-15T05:59:18Z" user="Noktoborus" uid="540529" lat="40.2012796" lon="44.4966781"/>
 <node id="11982398164" visible="true" version="1" changeset="152706663" timestamp="2024-06-15T05:59:18Z" user="Noktoborus" uid="540529" lat="40.2012746" lon="44.4966767"/>
 <node id="11982398165" visible="true" version="1" changeset="152706663" timestamp="2024-06-15T05:59:18Z" user="Noktoborus" uid="540529" lat="40.2012696" lon="44.4966775"/>
 <node id="11982398166" visible="true" version="1" changeset="152706663" timestamp="2024-06-15T05:59:18Z" user="Noktoborus" uid="540529" lat="40.2012651" lon="44.4966803"/>
 <node id="11982398167" visible="true" version="1" changeset="152706663" timestamp="2024-06-15T05:59:18Z" user="Noktoborus" uid="540529" lat="40.2012614" lon="44.4966849"/>
 <node id="11982398168" visible="true" version="1" changeset="152706663" timestamp="2024-06-15T05:59:18Z" user="Noktoborus" uid="540529" lat="40.2012590" lon="44.4966910"/>
 <node id="11982407569" visible="true" version="1" changeset="152706663" timestamp="2024-06-15T05:59:18Z" user="Noktoborus" uid="540529" lat="40.2012582" lon="44.4966979"/>
 <node id="11982407570" visible="true" version="1" changeset="152706663" timestamp="2024-06-15T05:59:18Z" user="Noktoborus" uid="540529" lat="40.2012593" lon="44.4967047"/>
 <node id="11982407571" visible="true" version="1" changeset="152706663" timestamp="2024-06-15T05:59:18Z" user="Noktoborus" uid="540529" lat="40.2012620" lon="44.4967107"/>
 <node id="11982407572" visible="true" version="1" changeset="152706663" timestamp="2024-06-15T05:59:18Z" user="Noktoborus" uid="540529" lat="40.2012661" lon="44.4967151"/>
 <node id="11982407573" visible="true" version="1" changeset="152706663" timestamp="2024-06-15T05:59:18Z" user="Noktoborus" uid="540529" lat="40.2012711" lon="44.4967175"/>
 <node id="11982407574" visible="true" version="1" changeset="152706663" timestamp="2024-06-15T05:59:18Z" user="Noktoborus" uid="540529" lat="40.2012764" lon="44.4967176"/>
 <node id="11982407575" visible="true" version="1" changeset="152706663" timestamp="2024-06-15T05:59:18Z" user="Noktoborus" uid="540529" lat="40.2012814" lon="44.4967154"/>
 <node id="11982407576" visible="true" version="1" changeset="152706663" timestamp="2024-06-15T05:59:18Z" user="Noktoborus" uid="540529" lat="40.2012856" lon="44.4967111"/>
 <node id="11982407577" visible="true" version="1" changeset="152706663" timestamp="2024-06-15T05:59:18Z" user="Noktoborus" uid="540529" lat="40.2012884" lon="44.4967055"/>
 <node id="11982901704" visible="true" version="2" changeset="152726753" timestamp="2024-06-15T15:32:30Z" user="Noktoborus" uid="540529" lat="40.2018432" lon="44.4988798"/>
 <node id="11982901705" visible="true" version="3" changeset="152795362" timestamp="2024-06-17T10:16:51Z" user="Noktoborus" uid="540529" lat="40.2019723" lon="44.4987895"/>
 <node id="11982901707" visible="true" version="2" changeset="152726753" timestamp="2024-06-15T15:32:30Z" user="Noktoborus" uid="540529" lat="40.2019045" lon="44.4988767"/>
 <node id="11982901708" visible="true" version="3" changeset="152795362" timestamp="2024-06-17T10:16:51Z" user="Noktoborus" uid="540529" lat="40.2020030" lon="44.4986609"/>
 <node id="11982901709" visible="true" version="3" changeset="152795362" timestamp="2024-06-17T10:16:51Z" user="Noktoborus" uid="540529" lat="40.2019501" lon="44.4987305"/>
 <node id="11982901710" visible="true" version="2" changeset="152726753" timestamp="2024-06-15T15:32:30Z" user="Noktoborus" uid="540529" lat="40.2019588" lon="44.4987923"/>
 <node id="11982901711" visible="true" version="3" changeset="152727403" timestamp="2024-06-15T15:50:51Z" user="Noktoborus" uid="540529" lat="40.2018286" lon="44.4989009"/>
 <node id="11982901712" visible="true" version="3" changeset="152795362" timestamp="2024-06-17T10:16:51Z" user="Noktoborus" uid="540529" lat="40.2020365" lon="44.4987466"/>
 <node id="11982901713" visible="true" version="2" changeset="152726753" timestamp="2024-06-15T15:32:30Z" user="Noktoborus" uid="540529" lat="40.2018301" lon="44.4988598"/>
 <node id="11982901714" visible="true" version="2" changeset="152726753" timestamp="2024-06-15T15:32:30Z" user="Noktoborus" uid="540529" lat="40.2019040" lon="44.4987845"/>
 <node id="11982901715" visible="true" version="3" changeset="152795362" timestamp="2024-06-17T10:16:51Z" user="Noktoborus" uid="540529" lat="40.2019868" lon="44.4986718">
  <tag k="entrance" v="garage"/>
 </node>
 <node id="11982904642" visible="true" version="3" changeset="154095623" timestamp="2024-07-18T11:03:07Z" user="Noktoborus" uid="540529" lat="40.2019928" lon="44.4985540">
  <tag k="entrance" v="garage"/>
 </node>
 <node id="11983087852" visible="true" version="1" changeset="152725429" timestamp="2024-06-15T15:00:32Z" user="Noktoborus" uid="540529" lat="40.2016833" lon="44.4987495"/>
 <node id="11983087855" visible="true" version="1" changeset="152725429" timestamp="2024-06-15T15:00:32Z" user="Noktoborus" uid="540529" lat="40.2016162" lon="44.4983931"/>
 <node id="11983087856" visible="true" version="2" changeset="152726753" timestamp="2024-06-15T15:32:30Z" user="Noktoborus" uid="540529" lat="40.2016992" lon="44.4989204">
  <tag k="barrier" v="gate"/>
 </node>
 <node id="11983087857" visible="true" version="1" changeset="152725429" timestamp="2024-06-15T15:00:32Z" user="Noktoborus" uid="540529" lat="40.2016530" lon="44.4989112"/>
 <node id="11983087858" visible="true" version="2" changeset="152726753" timestamp="2024-06-15T15:32:30Z" user="Noktoborus" uid="540529" lat="40.2018114" lon="44.4987626">
  <tag k="addr:city" v="Երևան"/>
  <tag k="addr:country" v="AM"/>
  <tag k="addr:housenumber" v="15/5"/>
  <tag k="addr:postcode" v="0012"/>
  <tag k="addr:street" v="Վաղարշ Վաղարշյան փողոց"/>
 </node>
 <node id="11983087859" visible="true" version="2" changeset="152726753" timestamp="2024-06-15T15:32:30Z" user="Noktoborus" uid="540529" lat="40.2018137" lon="44.4989432">
  <tag k="noexit" v="yes"/>
 </node>
 <node id="11983087860" visible="true" version="2" changeset="152726753" timestamp="2024-06-15T15:32:30Z" user="Noktoborus" uid="540529" lat="40.2017124" lon="44.4988684"/>
 <node id="11983087861" visible="true" version="1" changeset="152725429" timestamp="2024-06-15T15:00:32Z" user="Noktoborus" uid="540529" lat="40.2016618" lon="44.4985335"/>
 <node id="11983087862" visible="true" version="2" changeset="152726753" timestamp="2024-06-15T15:32:30Z" user="Noktoborus" uid="540529" lat="40.2017171" lon="44.4987230"/>
 <node id="11983087863" visible="true" version="1" changeset="152725429" timestamp="2024-06-15T15:00:32Z" user="Noktoborus" uid="540529" lat="40.2016505" lon="44.4987055">
  <tag k="barrier" v="bollard"/>
 </node>
 <node id="11983087864" visible="true" version="3" changeset="153489077" timestamp="2024-07-03T07:47:26Z" user="Noktoborus" uid="540529" lat="40.2016464" lon="44.4985132"/>
 <node id="11983087865" visible="true" version="1" changeset="152725429" timestamp="2024-06-15T15:00:32Z" user="Noktoborus" uid="540529" lat="40.2017116" lon="44.4986568"/>
 <node id="11983087866" visible="true" version="1" changeset="152725429" timestamp="2024-06-15T15:00:32Z" user="Noktoborus" uid="540529" lat="40.2016152" lon="44.4987336"/>
 <node id="11983087868" visible="true" version="2" changeset="153489077" timestamp="2024-07-03T07:47:26Z" user="Noktoborus" uid="540529" lat="40.2016114" lon="44.4984308"/>
 <node id="11983088610" visible="true" version="1" changeset="152725115" timestamp="2024-06-15T14:50:59Z" user="Noktoborus" uid="540529" lat="40.2022098" lon="44.4986483"/>
 <node id="11983088611" visible="true" version="2" changeset="154095623" timestamp="2024-07-18T11:03:07Z" user="Noktoborus" uid="540529" lat="40.2023392" lon="44.4987837"/>
 <node id="11983088612" visible="true" version="2" changeset="154095623" timestamp="2024-07-18T11:03:07Z" user="Noktoborus" uid="540529" lat="40.2023000" lon="44.4986938"/>
 <node id="11983088613" visible="true" version="2" changeset="152726753" timestamp="2024-06-15T15:32:30Z" user="Noktoborus" uid="540529" lat="40.2023301" lon="44.4989528"/>
 <node id="11983088614" visible="true" version="2" changeset="154095623" timestamp="2024-07-18T11:03:07Z" user="Noktoborus" uid="540529" lat="40.2022560" lon="44.4987265"/>
 <node id="11983088615" visible="true" version="2" changeset="154095623" timestamp="2024-07-18T11:03:07Z" user="Noktoborus" uid="540529" lat="40.2022951" lon="44.4988165"/>
 <node id="11983088616" visible="true" version="2" changeset="154095623" timestamp="2024-07-18T11:03:07Z" user="Noktoborus" uid="540529" lat="40.2023546" lon="44.4988108">
  <tag k="shop" v="greengrocer"/>
 </node>
 <node id="11983101369" visible="true" version="1" changeset="152725429" timestamp="2024-06-15T15:00:32Z" user="Noktoborus" uid="540529" lat="40.2015712" lon="44.4982933">
  <tag k="amenity" v="drinking_water"/>
  <tag k="fountain" v="bubbler"/>
  <tag k="historic" v="memorial"/>
  <tag k="memorial" v="pulpulak"/>
 </node>
 <node id="11983238494" visible="true" version="2" changeset="152729768" timestamp="2024-06-15T16:41:19Z" user="Noktoborus" uid="540529" lat="40.2012112" lon="44.4982531"/>
 <node id="11983238495" visible="true" version="2" changeset="152729768" timestamp="2024-06-15T16:41:19Z" user="Noktoborus" uid="540529" lat="40.2013215" lon="44.4985430"/>
 <node id="11983238496" visible="true" version="2" changeset="152729768" timestamp="2024-06-15T16:41:19Z" user="Noktoborus" uid="540529" lat="40.2012382" lon="44.4985974"/>
 <node id="11983238497" visible="true" version="2" changeset="152729768" timestamp="2024-06-15T16:41:19Z" user="Noktoborus" uid="540529" lat="40.2011278" lon="44.4983074"/>
 <node id="11983238506" visible="true" version="2" changeset="152729768" timestamp="2024-06-15T16:41:19Z" user="Noktoborus" uid="540529" lat="40.2011932" lon="44.4984791"/>
 <node id="11983238507" visible="true" version="2" changeset="152729768" timestamp="2024-06-15T16:41:19Z" user="Noktoborus" uid="540529" lat="40.2011349" lon="44.4985208"/>
 <node id="11983238508" visible="true" version="2" changeset="152729768" timestamp="2024-06-15T16:41:19Z" user="Noktoborus" uid="540529" lat="40.2011589" lon="44.4985784"/>
 <node id="11983238509" visible="true" version="2" changeset="152729768" timestamp="2024-06-15T16:41:19Z" user="Noktoborus" uid="540529" lat="40.2012155" lon="44.4985379"/>
 <node id="11983238510" visible="true" version="1" changeset="152726753" timestamp="2024-06-15T15:32:30Z" user="Noktoborus" uid="540529" lat="40.2014965" lon="44.4990308"/>
 <node id="11983238511" visible="true" version="1" changeset="152726753" timestamp="2024-06-15T15:32:30Z" user="Noktoborus" uid="540529" lat="40.2015261" lon="44.4991058"/>
 <node id="11983238512" visible="true" version="1" changeset="152726753" timestamp="2024-06-15T15:32:30Z" user="Noktoborus" uid="540529" lat="40.2014027" lon="44.4991892"/>
 <node id="11983238513" visible="true" version="1" changeset="152726753" timestamp="2024-06-15T15:32:30Z" user="Noktoborus" uid="540529" lat="40.2013732" lon="44.4991141"/>
 <node id="11983238514" visible="true" version="1" changeset="152726753" timestamp="2024-06-15T15:32:30Z" user="Noktoborus" uid="540529" lat="40.2013504" lon="44.4991427"/>
 <node id="11983238515" visible="true" version="1" changeset="152726753" timestamp="2024-06-15T15:32:30Z" user="Noktoborus" uid="540529" lat="40.2012774" lon="44.4991938"/>
 <node id="11983238516" visible="true" version="1" changeset="152726753" timestamp="2024-06-15T15:32:30Z" user="Noktoborus" uid="540529" lat="40.2013080" lon="44.4992669"/>
 <node id="11983238517" visible="true" version="1" changeset="152726753" timestamp="2024-06-15T15:32:30Z" user="Noktoborus" uid="540529" lat="40.2013806" lon="44.4992167"/>
 <node id="11983238518" visible="true" version="1" changeset="152726753" timestamp="2024-06-15T15:32:30Z" user="Noktoborus" uid="540529" lat="40.2012826" lon="44.4992040"/>
 <node id="11983238519" visible="true" version="1" changeset="152726753" timestamp="2024-06-15T15:32:30Z" user="Noktoborus" uid="540529" lat="40.2012124" lon="44.4992526"/>
 <node id="11983238520" visible="true" version="1" changeset="152726753" timestamp="2024-06-15T15:32:30Z" user="Noktoborus" uid="540529" lat="40.2012378" lon="44.4993155"/>
 <node id="11983238521" visible="true" version="1" changeset="152726753" timestamp="2024-06-15T15:32:30Z" user="Noktoborus" uid="540529" lat="40.2012327" lon="44.4991903"/>
 <node id="11983238522" visible="true" version="1" changeset="152726753" timestamp="2024-06-15T15:32:30Z" user="Noktoborus" uid="540529" lat="40.2010977" lon="44.4992940"/>
 <node id="11983238523" visible="true" version="1" changeset="152726753" timestamp="2024-06-15T15:32:30Z" user="Noktoborus" uid="540529" lat="40.2010644" lon="44.4992195"/>
 <node id="11983238524" visible="true" version="1" changeset="152726753" timestamp="2024-06-15T15:32:30Z" user="Noktoborus" uid="540529" lat="40.2011993" lon="44.4991158"/>
 <node id="11983238525" visible="true" version="1" changeset="152726753" timestamp="2024-06-15T15:32:30Z" user="Noktoborus" uid="540529" lat="40.2012663" lon="44.4991667"/>
 <node id="11983238526" visible="true" version="1" changeset="152726753" timestamp="2024-06-15T15:32:30Z" user="Noktoborus" uid="540529" lat="40.2012066" lon="44.4992103"/>
 <node id="11983238527" visible="true" version="1" changeset="152726753" timestamp="2024-06-15T15:32:30Z" user="Noktoborus" uid="540529" lat="40.2012213" lon="44.4992464"/>
 <node id="11983238528" visible="true" version="1" changeset="152726753" timestamp="2024-06-15T15:32:30Z" user="Noktoborus" uid="540529" lat="40.2017493" lon="44.4986971"/>
 <node id="11983238529" visible="true" version="1" changeset="152726753" timestamp="2024-06-15T15:32:30Z" user="Noktoborus" uid="540529" lat="40.2018944" lon="44.4987993"/>
 <node id="11983238530" visible="true" version="2" changeset="152795362" timestamp="2024-06-17T10:16:51Z" user="Noktoborus" uid="540529" lat="40.2018855" lon="44.4987769"/>
 <node id="11983238533" visible="true" version="1" changeset="152726753" timestamp="2024-06-15T15:32:30Z" user="Noktoborus" uid="540529" lat="40.2019431" lon="44.4987600"/>
 <node id="11983238534" visible="true" version="1" changeset="152726753" timestamp="2024-06-15T15:32:30Z" user="Noktoborus" uid="540529" lat="40.2018995" lon="44.4988045"/>
 <node id="11983238535" visible="true" version="1" changeset="152726753" timestamp="2024-06-15T15:32:30Z" user="Noktoborus" uid="540529" lat="40.2017135" lon="44.4988197"/>
 <node id="11983238536" visible="true" version="1" changeset="152726753" timestamp="2024-06-15T15:32:30Z" user="Noktoborus" uid="540529" lat="40.2018021" lon="44.4988280">
  <tag k="entrance" v="yes"/>
 </node>
 <node id="11983238537" visible="true" version="1" changeset="152726753" timestamp="2024-06-15T15:32:30Z" user="Noktoborus" uid="540529" lat="40.2016527" lon="44.4986042"/>
 <node id="11983238538" visible="true" version="1" changeset="152726753" timestamp="2024-06-15T15:32:30Z" user="Noktoborus" uid="540529" lat="40.2016717" lon="44.4986476"/>
 <node id="11983238539" visible="true" version="1" changeset="152726753" timestamp="2024-06-15T15:32:30Z" user="Noktoborus" uid="540529" lat="40.2016439" lon="44.4986685"/>
 <node id="11983238540" visible="true" version="1" changeset="152726753" timestamp="2024-06-15T15:32:30Z" user="Noktoborus" uid="540529" lat="40.2016249" lon="44.4986250"/>
 <node id="11983238541" visible="true" version="1" changeset="152726753" timestamp="2024-06-15T15:32:30Z" user="Noktoborus" uid="540529" lat="40.2018537" lon="44.4986200"/>
 <node id="11983238542" visible="true" version="1" changeset="152726753" timestamp="2024-06-15T15:32:30Z" user="Noktoborus" uid="540529" lat="40.2017903" lon="44.4986616"/>
 <node id="11983238543" visible="true" version="1" changeset="152726753" timestamp="2024-06-15T15:32:30Z" user="Noktoborus" uid="540529" lat="40.2017184" lon="44.4984736"/>
 <node id="11983238544" visible="true" version="1" changeset="152726753" timestamp="2024-06-15T15:32:30Z" user="Noktoborus" uid="540529" lat="40.2016750" lon="44.4985009"/>
 <node id="11983238545" visible="true" version="1" changeset="152726753" timestamp="2024-06-15T15:32:30Z" user="Noktoborus" uid="540529" lat="40.2016484" lon="44.4984345"/>
 <node id="11983238546" visible="true" version="1" changeset="152726753" timestamp="2024-06-15T15:32:30Z" user="Noktoborus" uid="540529" lat="40.2017557" lon="44.4983639"/>
 <node id="11983238547" visible="true" version="2" changeset="153489077" timestamp="2024-07-03T07:47:26Z" user="Noktoborus" uid="540529" lat="40.2015784" lon="44.4985334"/>
 <node id="11983238548" visible="true" version="2" changeset="153489077" timestamp="2024-07-03T07:47:26Z" user="Noktoborus" uid="540529" lat="40.2014459" lon="44.4986300"/>
 <node id="11983238549" visible="true" version="1" changeset="152726753" timestamp="2024-06-15T15:32:30Z" user="Noktoborus" uid="540529" lat="40.2012852" lon="44.4979281"/>
 <node id="11983238550" visible="true" version="2" changeset="154095623" timestamp="2024-07-18T11:03:07Z" user="Noktoborus" uid="540529" lat="40.2020109" lon="44.4985982"/>
 <node id="11983238551" visible="true" version="2" changeset="154095623" timestamp="2024-07-18T11:03:07Z" user="Noktoborus" uid="540529" lat="40.2020342" lon="44.4986428"/>
 <node id="11983499749" visible="true" version="1" changeset="152729768" timestamp="2024-06-15T16:41:19Z" user="Noktoborus" uid="540529" lat="40.2007828" lon="44.4970919"/>
 <node id="11983509232" visible="true" version="2" changeset="152811603" timestamp="2024-06-17T16:51:33Z" user="Noktoborus" uid="540529" lat="40.2008274" lon="44.4972102"/>
 <node id="11983580662" visible="true" version="1" changeset="152735155" timestamp="2024-06-15T19:18:51Z" user="Noktoborus" uid="540529" lat="40.2025985" lon="44.4988191"/>
 <node id="11983580663" visible="true" version="1" changeset="152735155" timestamp="2024-06-15T19:18:51Z" user="Noktoborus" uid="540529" lat="40.2030581" lon="44.4986019"/>
 <node id="11983580664" visible="true" version="1" changeset="152735155" timestamp="2024-06-15T19:18:51Z" user="Noktoborus" uid="540529" lat="40.2009680" lon="44.5000548"/>
 <node id="11983580665" visible="true" version="1" changeset="152735155" timestamp="2024-06-15T19:18:51Z" user="Noktoborus" uid="540529" lat="40.2010256" lon="44.4999175"/>
 <node id="11983679797" visible="true" version="2" changeset="156941551" timestamp="2024-09-22T09:34:23Z" user="smallq" uid="8113635" lat="40.2018132" lon="44.4995531">
  <tag k="barrier" v="kerb"/>
  <tag k="kerb" v="flush"/>
 </node>
 <node id="11983679798" visible="true" version="2" changeset="156941551" timestamp="2024-09-22T09:34:29Z" user="smallq" uid="8113635" lat="40.2017459" lon="44.4995993">
  <tag k="barrier" v="kerb"/>
  <tag k="kerb" v="lowered"/>
 </node>
 <node id="11983679799" visible="true" version="1" changeset="152734995" timestamp="2024-06-15T19:14:01Z" user="Noktoborus" uid="540529" lat="40.2017476" lon="44.4993407"/>
 <node id="11983679800" visible="true" version="1" changeset="152734995" timestamp="2024-06-15T19:14:01Z" user="Noktoborus" uid="540529" lat="40.2016647" lon="44.4993969"/>
 <node id="11983679801" visible="true" version="1" changeset="152734995" timestamp="2024-06-15T19:14:01Z" user="Noktoborus" uid="540529" lat="40.2016701" lon="44.4993064">
  <tag k="direction" v="forward"/>
  <tag k="highway" v="give_way"/>
 </node>
 <node id="11983679802" visible="true" version="1" changeset="152734995" timestamp="2024-06-15T19:14:01Z" user="Noktoborus" uid="540529" lat="40.2018007" lon="44.4996232">
  <tag k="direction" v="backward"/>
  <tag k="highway" v="give_way"/>
 </node>
 <node id="11983679804" visible="true" version="1" changeset="152734995" timestamp="2024-06-15T19:14:01Z" user="Noktoborus" uid="540529" lat="40.2010602" lon="44.5003816"/>
 <node id="11983679806" visible="true" version="2" changeset="156941551" timestamp="2024-09-22T09:38:09Z" user="smallq" uid="8113635" lat="40.2009682" lon="44.5001037">
  <tag k="barrier" v="kerb"/>
  <tag k="kerb" v="lowered"/>
 </node>
 <node id="11983679808" visible="true" version="1" changeset="152734995" timestamp="2024-06-15T19:14:01Z" user="Noktoborus" uid="540529" lat="40.2034833" lon="44.4982244"/>
 <node id="11983679811" visible="true" version="1" changeset="152734995" timestamp="2024-06-15T19:14:01Z" user="Noktoborus" uid="540529" lat="40.2044539" lon="44.4976733"/>
 <node id="11983679817" visible="true" version="1" changeset="152734995" timestamp="2024-06-15T19:14:01Z" user="Noktoborus" uid="540529" lat="40.2013377" lon="44.4997004"/>
 <node id="11983690381" visible="true" version="1" changeset="152735204" timestamp="2024-06-15T19:20:28Z" user="Noktoborus" uid="540529" lat="40.2030967" lon="44.4984758"/>
 <node id="11983712696" visible="true" version="1" changeset="152735948" timestamp="2024-06-15T19:45:07Z" user="Noktoborus" uid="540529" lat="40.2040870" lon="44.5019864">
  <tag k="highway" v="traffic_signals"/>
  <tag k="traffic_signals" v="signal"/>
  <tag k="traffic_signals:direction" v="forward"/>
 </node>
 <node id="11984880281" visible="true" version="2" changeset="152746278" timestamp="2024-06-16T06:16:34Z" user="Noktoborus" uid="540529" lat="40.2017406" lon="44.4992466">
  <tag k="entrance" v="main"/>
 </node>
 <node id="11984971242" visible="true" version="2" changeset="160565500" timestamp="2024-12-24T08:05:47Z" user="Данил Мошарев" uid="10374805" lat="40.2027424" lon="44.5005329"/>
 <node id="11984971243" visible="true" version="2" changeset="160565500" timestamp="2024-12-24T08:05:47Z" user="Данил Мошарев" uid="10374805" lat="40.2030432" lon="44.5012883"/>
 <node id="11984971244" visible="true" version="2" changeset="160565500" timestamp="2024-12-24T08:05:47Z" user="Данил Мошарев" uid="10374805" lat="40.2026651" lon="44.5015558"/>
 <node id="11984971245" visible="true" version="3" changeset="160881140" timestamp="2025-01-01T18:56:41Z" user="Данил Мошарев" uid="10374805" lat="40.2023587" lon="44.5007822"/>
 <node id="11985052829" visible="true" version="1" changeset="152750238" timestamp="2024-06-16T08:34:10Z" user="Noktoborus" uid="540529" lat="40.2015000" lon="44.4967207"/>
 <node id="11985052830" visible="true" version="1" changeset="152750238" timestamp="2024-06-16T08:34:10Z" user="Noktoborus" uid="540529" lat="40.2013794" lon="44.4966195">
  <tag k="amenity" v="fountain"/>
 </node>
 <node id="11985154604" visible="true" version="1" changeset="152752750" timestamp="2024-06-16T09:43:34Z" user="Noktoborus" uid="540529" lat="40.2021252" lon="44.4979280">
  <tag k="amenity" v="fountain"/>
 </node>
 <node id="11985154605" visible="true" version="1" changeset="152752750" timestamp="2024-06-16T09:43:34Z" user="Noktoborus" uid="540529" lat="40.2014445" lon="44.4967685">
  <tag k="amenity" v="fountain"/>
 </node>
 <node id="11985181015" visible="true" version="1" changeset="152753840" timestamp="2024-06-16T10:14:30Z" user="Noktoborus" uid="540529" lat="40.2019822" lon="44.4978510"/>
 <node id="11985181016" visible="true" version="1" changeset="152753840" timestamp="2024-06-16T10:14:30Z" user="Noktoborus" uid="540529" lat="40.2018980" lon="44.4976378">
  <tag k="entrance" v="yes"/>
 </node>
 <node id="11985181017" visible="true" version="1" changeset="152753840" timestamp="2024-06-16T10:14:30Z" user="Noktoborus" uid="540529" lat="40.2019703" lon="44.4978208">
  <tag k="barrier" v="gate"/>
 </node>
 <node id="11987215329" visible="true" version="1" changeset="152795362" timestamp="2024-06-17T10:16:51Z" user="Noktoborus" uid="540529" lat="40.2019684" lon="44.4986841"/>
 <node id="11987215330" visible="true" version="1" changeset="152795362" timestamp="2024-06-17T10:16:51Z" user="Noktoborus" uid="540529" lat="40.2019787" lon="44.4987105"/>
 <node id="11987215331" visible="true" version="1" changeset="152795362" timestamp="2024-06-17T10:16:51Z" user="Noktoborus" uid="540529" lat="40.2019644" lon="44.4987205">
  <tag k="entrance" v="garage"/>
  <tag k="locked" v="no"/>
 </node>
 <node id="11987264699" visible="true" version="1" changeset="152795392" timestamp="2024-06-17T10:17:46Z" user="Noktoborus" uid="540529" lat="40.2016407" lon="44.4979027"/>
 <node id="11987264700" visible="true" version="1" changeset="152795392" timestamp="2024-06-17T10:17:46Z" user="Noktoborus" uid="540529" lat="40.2013733" lon="44.4979546"/>
 <node id="11987264701" visible="true" version="2" changeset="153489077" timestamp="2024-07-03T07:47:26Z" user="Noktoborus" uid="540529" lat="40.2013103" lon="44.4980048"/>
 <node id="11987884894" visible="true" version="1" changeset="152811603" timestamp="2024-06-17T16:51:33Z" user="Noktoborus" uid="540529" lat="40.2010928" lon="44.4983065"/>
 <node id="11987884897" visible="true" version="1" changeset="152811603" timestamp="2024-06-17T16:51:33Z" user="Noktoborus" uid="540529" lat="40.2007503" lon="44.4986228">
  <tag k="barrier" v="gate"/>
  <tag k="locked" v="yes"/>
 </node>
 <node id="11987884900" visible="true" version="1" changeset="152811603" timestamp="2024-06-17T16:51:33Z" user="Noktoborus" uid="540529" lat="40.2008898" lon="44.4984655"/>
 <node id="11990403921" visible="true" version="1" changeset="152855471" timestamp="2024-06-18T15:51:52Z" user="Noktoborus" uid="540529" lat="40.2015166" lon="44.4974595"/>
 <node id="11990403922" visible="true" version="1" changeset="152855471" timestamp="2024-06-18T15:51:52Z" user="Noktoborus" uid="540529" lat="40.2014882" lon="44.4974792">
  <tag k="barrier" v="gate"/>
 </node>
 <node id="11990403923" visible="true" version="1" changeset="152855471" timestamp="2024-06-18T15:51:52Z" user="Noktoborus" uid="540529" lat="40.2014357" lon="44.4975133"/>
 <node id="11990438476" visible="true" version="1" changeset="152855429" timestamp="2024-06-18T15:50:52Z" user="Noktoborus" uid="540529" lat="40.2013123" lon="44.4966030">
  <tag k="traffic_calming" v="bump"/>
 </node>
 <node id="11990438477" visible="true" version="1" changeset="152855429" timestamp="2024-06-18T15:50:52Z" user="Noktoborus" uid="540529" lat="40.2014092" lon="44.4965335">
  <tag k="traffic_calming" v="bump"/>
 </node>
 <node id="12015042790" visible="true" version="1" changeset="153250412" timestamp="2024-06-27T14:22:20Z" user="Noktoborus" uid="540529" lat="40.2021260" lon="44.4985719"/>
 <node id="12015042791" visible="true" version="1" changeset="153250412" timestamp="2024-06-27T14:22:20Z" user="Noktoborus" uid="540529" lat="40.2022077" lon="44.4986138"/>
 <node id="12015042792" visible="true" version="1" changeset="153250412" timestamp="2024-06-27T14:22:20Z" user="Noktoborus" uid="540529" lat="40.2021349" lon="44.4985455"/>
 <node id="12015042793" visible="true" version="1" changeset="153250412" timestamp="2024-06-27T14:22:20Z" user="Noktoborus" uid="540529" lat="40.2021672" lon="44.4984126">
  <tag k="amenity" v="bench"/>
 </node>
 <node id="12015042794" visible="true" version="1" changeset="153250412" timestamp="2024-06-27T14:22:20Z" user="Noktoborus" uid="540529" lat="40.2020801" lon="44.4984623"/>
 <node id="12015042795" visible="true" version="1" changeset="153250412" timestamp="2024-06-27T14:22:20Z" user="Noktoborus" uid="540529" lat="40.2020938" lon="44.4984445"/>
 <node id="12015042796" visible="true" version="1" changeset="153250412" timestamp="2024-06-27T14:22:20Z" user="Noktoborus" uid="540529" lat="40.2021947" lon="44.4984928">
  <tag k="natural" v="tree"/>
 </node>
 <node id="12015042797" visible="true" version="1" changeset="153250412" timestamp="2024-06-27T14:22:20Z" user="Noktoborus" uid="540529" lat="40.2022090" lon="44.4985356">
  <tag k="amenity" v="bench"/>
 </node>
 <node id="12015042798" visible="true" version="1" changeset="153250412" timestamp="2024-06-27T14:22:20Z" user="Noktoborus" uid="540529" lat="40.2022292" lon="44.4985387"/>
 <node id="12015042799" visible="true" version="2" changeset="154095623" timestamp="2024-07-18T11:03:07Z" user="Noktoborus" uid="540529" lat="40.2023223" lon="44.4987450">
  <tag k="entrance" v="shop"/>
 </node>
 <node id="12015042800" visible="true" version="1" changeset="153250412" timestamp="2024-06-27T14:22:20Z" user="Noktoborus" uid="540529" lat="40.2022481" lon="44.4985862"/>
 <node id="12015042801" visible="true" version="1" changeset="153250412" timestamp="2024-06-27T14:22:20Z" user="Noktoborus" uid="540529" lat="40.2021704" lon="44.4986780"/>
 <node id="12015042802" visible="true" version="1" changeset="153250412" timestamp="2024-06-27T14:22:20Z" user="Noktoborus" uid="540529" lat="40.2021370" lon="44.4984257">
  <tag k="natural" v="tree"/>
 </node>
 <node id="12015042803" visible="true" version="1" changeset="153250412" timestamp="2024-06-27T14:22:20Z" user="Noktoborus" uid="540529" lat="40.2021825" lon="44.4984061"/>
 <node id="12015042804" visible="true" version="1" changeset="153250412" timestamp="2024-06-27T14:22:20Z" user="Noktoborus" uid="540529" lat="40.2022181" lon="44.4984896"/>
 <node id="12015042805" visible="true" version="1" changeset="153250412" timestamp="2024-06-27T14:22:20Z" user="Noktoborus" uid="540529" lat="40.2021590" lon="44.4983976"/>
 <node id="12015042806" visible="true" version="1" changeset="153250412" timestamp="2024-06-27T14:22:20Z" user="Noktoborus" uid="540529" lat="40.2021887" lon="44.4985664"/>
 <node id="12015042807" visible="true" version="1" changeset="153250412" timestamp="2024-06-27T14:22:20Z" user="Noktoborus" uid="540529" lat="40.2022449" lon="44.4984987"/>
 <node id="12015042808" visible="true" version="1" changeset="153250412" timestamp="2024-06-27T14:22:20Z" user="Noktoborus" uid="540529" lat="40.2020682" lon="44.4984339"/>
 <node id="12030716150" visible="true" version="1" changeset="153489077" timestamp="2024-07-03T07:47:26Z" user="Noktoborus" uid="540529" lat="40.2013339" lon="44.4980569"/>
 <node id="12030716151" visible="true" version="1" changeset="153489077" timestamp="2024-07-03T07:47:26Z" user="Noktoborus" uid="540529" lat="40.2014563" lon="44.4983614"/>
 <node id="12030716152" visible="true" version="1" changeset="153489077" timestamp="2024-07-03T07:47:26Z" user="Noktoborus" uid="540529" lat="40.2012629" lon="44.4980228"/>
 <node id="12030716153" visible="true" version="1" changeset="153489077" timestamp="2024-07-03T07:47:26Z" user="Noktoborus" uid="540529" lat="40.2012916" lon="44.4980887"/>
 <node id="12030716154" visible="true" version="1" changeset="153489077" timestamp="2024-07-03T07:47:26Z" user="Noktoborus" uid="540529" lat="40.2012034" lon="44.4980658"/>
 <node id="12030716155" visible="true" version="1" changeset="153489077" timestamp="2024-07-03T07:47:26Z" user="Noktoborus" uid="540529" lat="40.2012621" lon="44.4979434"/>
 <node id="12030716156" visible="true" version="1" changeset="153489077" timestamp="2024-07-03T07:47:26Z" user="Noktoborus" uid="540529" lat="40.2012879" lon="44.4980047"/>
 <node id="12030716157" visible="true" version="1" changeset="153489077" timestamp="2024-07-03T07:47:26Z" user="Noktoborus" uid="540529" lat="40.2011775" lon="44.4980045"/>
 <node id="12052926109" visible="true" version="1" changeset="153926977" timestamp="2024-07-14T11:51:17Z" user="Noktoborus" uid="540529" lat="40.2008175" lon="44.4989605"/>
 <node id="12052937992" visible="true" version="1" changeset="153926484" timestamp="2024-07-14T11:35:13Z" user="Noktoborus" uid="540529" lat="40.2032118" lon="44.4979501"/>
 <node id="12052937993" visible="true" version="1" changeset="153926484" timestamp="2024-07-14T11:35:13Z" user="Noktoborus" uid="540529" lat="40.2031944" lon="44.4978081"/>
 <node id="12052937994" visible="true" version="1" changeset="153926484" timestamp="2024-07-14T11:35:13Z" user="Noktoborus" uid="540529" lat="40.2030082" lon="44.4976137">
  <tag k="leisure" v="playground"/>
 </node>
 <node id="12052937995" visible="true" version="1" changeset="153926484" timestamp="2024-07-14T11:35:13Z" user="Noktoborus" uid="540529" lat="40.2033233" lon="44.4978297"/>
 <node id="12052937996" visible="true" version="1" changeset="153926484" timestamp="2024-07-14T11:35:13Z" user="Noktoborus" uid="540529" lat="40.2033246" lon="44.4976819"/>
 <node id="12052937997" visible="true" version="1" changeset="153926484" timestamp="2024-07-14T11:35:13Z" user="Noktoborus" uid="540529" lat="40.2030445" lon="44.4976294"/>
 <node id="12052937999" visible="true" version="1" changeset="153926484" timestamp="2024-07-14T11:35:13Z" user="Noktoborus" uid="540529" lat="40.2027121" lon="44.4972838"/>
 <node id="12052938000" visible="true" version="4" changeset="159304593" timestamp="2024-11-18T23:40:59Z" user="VlIvYur" uid="345975" lat="40.2030228" lon="44.4981390"/>
 <node id="12052938001" visible="true" version="1" changeset="153926484" timestamp="2024-07-14T11:35:13Z" user="Noktoborus" uid="540529" lat="40.2031414" lon="44.4977963"/>
 <node id="12052938002" visible="true" version="1" changeset="153926484" timestamp="2024-07-14T11:35:13Z" user="Noktoborus" uid="540529" lat="40.2032864" lon="44.4975849">
  <tag k="barrier" v="gate"/>
 </node>
 <node id="12052938003" visible="true" version="1" changeset="153926484" timestamp="2024-07-14T11:35:13Z" user="Noktoborus" uid="540529" lat="40.2032265" lon="44.4978926"/>
 <node id="12052938004" visible="true" version="1" changeset="153926484" timestamp="2024-07-14T11:35:13Z" user="Noktoborus" uid="540529" lat="40.2029768" lon="44.4979180">
  <tag k="barrier" v="bollard"/>
  <tag k="bollard" v="fixed"/>
 </node>
 <node id="12052938005" visible="true" version="1" changeset="153926484" timestamp="2024-07-14T11:35:13Z" user="Noktoborus" uid="540529" lat="40.2030938" lon="44.4977249"/>
 <node id="12052938006" visible="true" version="1" changeset="153926484" timestamp="2024-07-14T11:35:13Z" user="Noktoborus" uid="540529" lat="40.2032912" lon="44.4977452"/>
 <node id="12052938007" visible="true" version="4" changeset="159304593" timestamp="2024-11-18T23:40:59Z" user="VlIvYur" uid="345975" lat="40.2029118" lon="44.4982374"/>
 <node id="12052948418" visible="true" version="1" changeset="153926870" timestamp="2024-07-14T11:48:26Z" user="Noktoborus" uid="540529" lat="40.2015110" lon="44.4990102"/>
 <node id="12052948420" visible="true" version="1" changeset="153926870" timestamp="2024-07-14T11:48:26Z" user="Noktoborus" uid="540529" lat="40.2013822" lon="44.4991722"/>
 <node id="12052948421" visible="true" version="1" changeset="153926870" timestamp="2024-07-14T11:48:26Z" user="Noktoborus" uid="540529" lat="40.2012674" lon="44.4988375">
  <tag k="barrier" v="lift_gate"/>
  <tag k="lift_gate:type" v="single"/>
 </node>
 <node id="12052948422" visible="true" version="1" changeset="153926870" timestamp="2024-07-14T11:48:26Z" user="Noktoborus" uid="540529" lat="40.2010243" lon="44.4995193"/>
 <node id="12052948424" visible="true" version="1" changeset="153926870" timestamp="2024-07-14T11:48:26Z" user="Noktoborus" uid="540529" lat="40.2013119" lon="44.4988026"/>
 <node id="12052948428" visible="true" version="1" changeset="153926870" timestamp="2024-07-14T11:48:26Z" user="Noktoborus" uid="540529" lat="40.2015426" lon="44.4991485">
  <tag k="barrier" v="lift_gate"/>
 </node>
 <node id="12052948430" visible="true" version="1" changeset="153926870" timestamp="2024-07-14T11:48:26Z" user="Noktoborus" uid="540529" lat="40.2014131" lon="44.4992412"/>
 <node id="12052948433" visible="true" version="1" changeset="153926870" timestamp="2024-07-14T11:48:26Z" user="Noktoborus" uid="540529" lat="40.2012653" lon="44.4991179"/>
 <node id="12052948435" visible="true" version="2" changeset="153927591" timestamp="2024-07-14T12:08:55Z" user="Noktoborus" uid="540529" lat="40.2013410" lon="44.4990621"/>
 <node id="12052948436" visible="true" version="1" changeset="153926870" timestamp="2024-07-14T11:48:26Z" user="Noktoborus" uid="540529" lat="40.2014021" lon="44.4990171"/>
 <node id="12052948437" visible="true" version="2" changeset="153930093" timestamp="2024-07-14T13:11:46Z" user="Noktoborus" uid="540529" lat="40.2013709" lon="44.4989424"/>
 <node id="12052972067" visible="true" version="3" changeset="159304593" timestamp="2024-11-18T23:40:59Z" user="VlIvYur" uid="345975" lat="40.2029175" lon="44.4982509"/>
 <node id="12052972068" visible="true" version="3" changeset="159304593" timestamp="2024-11-18T23:40:59Z" user="VlIvYur" uid="345975" lat="40.2029068" lon="44.4982255"/>
 <node id="12052972433" visible="true" version="1" changeset="153928216" timestamp="2024-07-14T12:24:06Z" user="Noktoborus" uid="540529" lat="40.2028206" lon="44.4983352"/>
 <node id="12052972434" visible="true" version="1" changeset="153928216" timestamp="2024-07-14T12:24:06Z" user="Noktoborus" uid="540529" lat="40.2028370" lon="44.4983727"/>
 <node id="12052972435" visible="true" version="1" changeset="153928216" timestamp="2024-07-14T12:24:06Z" user="Noktoborus" uid="540529" lat="40.2028581" lon="44.4983568"/>
 <node id="12052972436" visible="true" version="1" changeset="153928216" timestamp="2024-07-14T12:24:06Z" user="Noktoborus" uid="540529" lat="40.2028417" lon="44.4983193"/>
 <node id="12052972437" visible="true" version="1" changeset="153928216" timestamp="2024-07-14T12:24:06Z" user="Noktoborus" uid="540529" lat="40.2028476" lon="44.4983649">
  <tag k="entrance" v="shop"/>
 </node>
 <node id="12052987857" visible="true" version="2" changeset="159304593" timestamp="2024-11-18T23:40:59Z" user="VlIvYur" uid="345975" lat="40.2029488" lon="44.4979624"/>
 <node id="12052987858" visible="true" version="2" changeset="159304593" timestamp="2024-11-18T23:40:59Z" user="VlIvYur" uid="345975" lat="40.2028319" lon="44.4980463"/>
 <node id="12052987859" visible="true" version="2" changeset="159304593" timestamp="2024-11-18T23:40:59Z" user="VlIvYur" uid="345975" lat="40.2029183" lon="44.4978895"/>
 <node id="12052987860" visible="true" version="3" changeset="153928069" timestamp="2024-07-14T12:19:52Z" user="Noktoborus" uid="540529" lat="40.2029743" lon="44.4981999">
  <tag k="entrance" v="staircase"/>
  <tag k="level" v="0"/>
 </node>
 <node id="12052987861" visible="true" version="3" changeset="159304593" timestamp="2024-11-18T23:40:59Z" user="VlIvYur" uid="345975" lat="40.2029753" lon="44.4980257">
  <tag k="entrance" v="staircase"/>
  <tag k="level" v="0"/>
 </node>
 <node id="12052987862" visible="true" version="3" changeset="159304593" timestamp="2024-11-18T23:40:59Z" user="VlIvYur" uid="345975" lat="40.2031246" lon="44.4980812">
  <tag k="entrance" v="staircase"/>
  <tag k="level" v="0"/>
 </node>
 <node id="12052987863" visible="true" version="3" changeset="159304593" timestamp="2024-11-18T23:40:59Z" user="VlIvYur" uid="345975" lat="40.2032713" lon="44.4979760">
  <tag k="entrance" v="staircase"/>
  <tag k="level" v="0"/>
 </node>
 <node id="12052991269" visible="true" version="3" changeset="159304593" timestamp="2024-11-18T23:40:59Z" user="VlIvYur" uid="345975" lat="40.2030178" lon="44.4981270"/>
 <node id="12052998197" visible="true" version="1" changeset="153928257" timestamp="2024-07-14T12:24:56Z" user="Noktoborus" uid="540529" lat="40.2028419" lon="44.4982992"/>
 <node id="12053022876" visible="true" version="1" changeset="153930032" timestamp="2024-07-14T13:09:29Z" user="Noktoborus" uid="540529" lat="40.2010575" lon="44.4989917"/>
 <node id="12053035770" visible="true" version="1" changeset="153930093" timestamp="2024-07-14T13:11:46Z" user="Noktoborus" uid="540529" lat="40.2013865" lon="44.4989798"/>
 <node id="12053035771" visible="true" version="1" changeset="153930093" timestamp="2024-07-14T13:11:46Z" user="Noktoborus" uid="540529" lat="40.2013629" lon="44.4990026">
  <tag k="amenity" v="bench"/>
  <tag k="backrest" v="no"/>
 </node>
 <node id="12061042776" visible="true" version="1" changeset="154095623" timestamp="2024-07-18T11:03:07Z" user="Noktoborus" uid="540529" lat="40.2020937" lon="44.4985402"/>
 <node id="12061042777" visible="true" version="1" changeset="154095623" timestamp="2024-07-18T11:03:07Z" user="Noktoborus" uid="540529" lat="40.2020567" lon="44.4985660"/>
 <node id="12061042778" visible="true" version="1" changeset="154095623" timestamp="2024-07-18T11:03:07Z" user="Noktoborus" uid="540529" lat="40.2020235" lon="44.4985893"/>
 <node id="12061042779" visible="true" version="1" changeset="154095623" timestamp="2024-07-18T11:03:07Z" user="Noktoborus" uid="540529" lat="40.2020426" lon="44.4986366"/>
 <node id="12061042780" visible="true" version="1" changeset="154095623" timestamp="2024-07-18T11:03:07Z" user="Noktoborus" uid="540529" lat="40.2021190" lon="44.4985553"/>
 <node id="12061042781" visible="true" version="1" changeset="154095623" timestamp="2024-07-18T11:03:07Z" user="Noktoborus" uid="540529" lat="40.2021035" lon="44.4985668">
  <tag k="barrier" v="gate"/>
 </node>
 <node id="12061042782" visible="true" version="1" changeset="154095623" timestamp="2024-07-18T11:03:07Z" user="Noktoborus" uid="540529" lat="40.2020549" lon="44.4986030"/>
 <node id="12061042783" visible="true" version="1" changeset="154095623" timestamp="2024-07-18T11:03:07Z" user="Noktoborus" uid="540529" lat="40.2021167" lon="44.4986506">
  <tag k="entrance" v="garage"/>
 </node>
 <node id="12061042784" visible="true" version="1" changeset="154095623" timestamp="2024-07-18T11:03:07Z" user="Noktoborus" uid="540529" lat="40.2020800" lon="44.4986776">
  <tag k="entrance" v="garage"/>
 </node>
 <node id="12061042785" visible="true" version="1" changeset="154095623" timestamp="2024-07-18T11:03:07Z" user="Noktoborus" uid="540529" lat="40.2022408" lon="44.4985912">
  <tag k="entrance" v="garage"/>
 </node>
 <node id="12061042786" visible="true" version="1" changeset="154095623" timestamp="2024-07-18T11:03:07Z" user="Noktoborus" uid="540529" lat="40.2022208" lon="44.4986049">
  <tag k="entrance" v="garage"/>
 </node>
 <node id="12061042787" visible="true" version="1" changeset="154095623" timestamp="2024-07-18T11:03:07Z" user="Noktoborus" uid="540529" lat="40.2023559" lon="44.4987719"/>
 <node id="12061042788" visible="true" version="1" changeset="154095623" timestamp="2024-07-18T11:03:07Z" user="Noktoborus" uid="540529" lat="40.2023106" lon="44.4988536"/>
 <node id="12061042789" visible="true" version="1" changeset="154095623" timestamp="2024-07-18T11:03:07Z" user="Noktoborus" uid="540529" lat="40.2023719" lon="44.4988099"/>
 <node id="12133698759" visible="true" version="2" changeset="159384177" timestamp="2024-11-20T20:42:04Z" user="VlIvYur" uid="345975" lat="40.2030958" lon="44.4982841">
  <tag k="brand" v="ԱԿԳ"/>
  <tag k="brand:en" v="AKG"/>
  <tag k="brand:hy" v="ԱԿԳ"/>
  <tag k="contact:facebook" v="AKGpharmacy"/>
  <tag k="contact:instagram" v="akgpharmacy"/>
  <tag k="contact:linkedin" v="akgpharmacy"/>
  <tag k="phone" v="+374 77 957015;+374 10 260008"/>
  <tag k="shop" v="cosmetics"/>
 </node>
 <node id="12133698760" visible="true" version="2" changeset="168513818" timestamp="2025-07-05T08:54:21Z" user="VlIvYur" uid="345975" lat="40.2031439" lon="44.4986200">
  <tag k="amenity" v="payment_terminal"/>
  <tag k="brand" v="ԻզիՓեյ"/>
  <tag k="brand:en" v="EasyPay"/>
  <tag k="brand:hy" v="ԻզիՓեյ"/>
  <tag k="brand:ru" v="ИзиПей"/>
  <tag k="brand:wikidata" v="Q117840019"/>
  <tag k="check_date" v="2025-05-01"/>
  <tag k="contact:facebook" v="easypayarmenia"/>
  <tag k="contact:instagram" v="easypayarmenia"/>
  <tag k="contact:linkedin" v="easy-pay-llc"/>
  <tag k="contact:twitter" v="EasyPayLLC"/>
  <tag k="contact:youtube" v="EasyPayChannel"/>
  <tag k="email" v="info@easypay.am"/>
  <tag k="location" v="outdoor"/>
  <tag k="opening_hours" v="24/7"/>
  <tag k="operator" v="Իզի Փեյ"/>
  <tag k="operator:en" v="Easy Pay"/>
  <tag k="operator:ref" v="02258501"/>
  <tag k="payment:cash" v="only"/>
  <tag k="payment:coins" v="yes"/>
  <tag k="payment:notes" v="yes"/>
  <tag k="phone" v="+374 11 247247;+374 11 261261"/>
  <tag k="ref" v="9152"/>
  <tag k="website" v="https://easypay.am/"/>
 </node>
 <node id="12133698761" visible="true" version="1" changeset="155692555" timestamp="2024-08-24T11:59:53Z" user="VlIvYur" uid="345975" lat="40.2032576" lon="44.4993087"/>
 <node id="12133698762" visible="true" version="1" changeset="155692555" timestamp="2024-08-24T11:59:53Z" user="VlIvYur" uid="345975" lat="40.2033130" lon="44.4992703"/>
 <node id="12133698763" visible="true" version="2" changeset="158902329" timestamp="2024-11-08T16:21:27Z" user="Greg91" uid="1704044" lat="40.2027995" lon="44.4991559">
  <tag k="amenity" v="payment_terminal"/>
  <tag k="brand" v="Իզի Փեյ"/>
  <tag k="brand:en" v="Easy Pay"/>
  <tag k="brand:hy" v="Իզի Փեյ"/>
  <tag k="brand:ru" v="Изи Пей"/>
  <tag k="brand:wikidata" v="Q117840019"/>
  <tag k="contact:facebook" v="easypayarmenia"/>
  <tag k="contact:instagram" v="easypayarmenia"/>
  <tag k="contact:linkedin" v="easy-pay-llc"/>
  <tag k="contact:twitter" v="EasyPayLLC"/>
  <tag k="contact:youtube" v="EasyPayChannel"/>
  <tag k="covered" v="yes"/>
  <tag k="email" v="info@easypay.am"/>
  <tag k="location" v="outdoor"/>
  <tag k="name" v="Իզի Փեյ"/>
  <tag k="name:en" v="Easy Pay"/>
  <tag k="name:hy" v="Իզի Փեյ"/>
  <tag k="name:ru" v="Изи Пей"/>
  <tag k="opening_hours" v="24/7"/>
  <tag k="operator" v="Իզի Փեյ"/>
  <tag k="operator:en" v="Easy Pay"/>
  <tag k="operator:ref" v="02258501"/>
  <tag k="phone" v="+374 11 247247;+374 11 261261"/>
  <tag k="ref" v="9145"/>
  <tag k="website" v="https://easypay.am/"/>
 </node>
 <node id="12133698764" visible="true" version="1" changeset="155692555" timestamp="2024-08-24T11:59:53Z" user="VlIvYur" uid="345975" lat="40.2033795" lon="44.5010334">
  <tag k="shop" v="optician"/>
 </node>
 <node id="12133698765" visible="true" version="1" changeset="155692555" timestamp="2024-08-24T11:59:53Z" user="VlIvYur" uid="345975" lat="40.2049648" lon="44.4976459"/>
 <node id="12133698766" visible="true" version="1" changeset="155692555" timestamp="2024-08-24T11:59:53Z" user="VlIvYur" uid="345975" lat="40.2048698" lon="44.4974785"/>
 <node id="12133698767" visible="true" version="1" changeset="155692555" timestamp="2024-08-24T11:59:53Z" user="VlIvYur" uid="345975" lat="40.2047593" lon="44.4972188"/>
 <node id="12133698772" visible="true" version="1" changeset="155692555" timestamp="2024-08-24T11:59:53Z" user="VlIvYur" uid="345975" lat="40.2037066" lon="44.4996555"/>
 <node id="12133698773" visible="true" version="1" changeset="155692555" timestamp="2024-08-24T11:59:53Z" user="VlIvYur" uid="345975" lat="40.2036019" lon="44.4997305"/>
 <node id="12133698774" visible="true" version="1" changeset="155692555" timestamp="2024-08-24T11:59:53Z" user="VlIvYur" uid="345975" lat="40.2036690" lon="44.4998911"/>
 <node id="12167186849" visible="true" version="1" changeset="156418531" timestamp="2024-09-10T01:21:43Z" user="Greg91" uid="1704044" lat="40.2015029" lon="44.5000632">
  <tag k="barrier" v="bollard"/>
 </node>
 <node id="12176281986" visible="true" version="2" changeset="179604251" timestamp="2026-03-09T20:54:54Z" user="Arthur Ter-Grigoryan" uid="3013708" lat="40.2025072" lon="44.4987231">
  <tag k="amenity" v="cafe"/>
  <tag k="check_date" v="2024-09-14"/>
  <tag k="cuisine" v="coffee_shop"/>
  <tag k="name" v="Evn crepe and coffee"/>
  <tag k="outdoor_seating" v="no"/>
  <tag k="takeaway" v="only"/>
 </node>
 <node id="12176286008" visible="true" version="1" changeset="156602870" timestamp="2024-09-14T09:22:55Z" user="batyrmastyr" uid="5735399" lat="40.2012805" lon="44.4995651">
  <tag k="addr:floor" v="-1"/>
  <tag k="check_date" v="2024-09-14"/>
  <tag k="shop" v="pet"/>
 </node>
 <node id="12323984557" visible="true" version="2" changeset="160883080" timestamp="2025-01-01T19:49:02Z" user="Данил Мошарев" uid="10374805" lat="40.2026364" lon="44.4989570"/>
 <node id="12323984558" visible="true" version="2" changeset="160883080" timestamp="2025-01-01T19:49:02Z" user="Данил Мошарев" uid="10374805" lat="40.2026621" lon="44.4990203"/>
 <node id="12323984559" visible="true" version="2" changeset="160883080" timestamp="2025-01-01T19:49:02Z" user="Данил Мошарев" uid="10374805" lat="40.2025802" lon="44.4990774"/>
 <node id="12323984560" visible="true" version="2" changeset="160883080" timestamp="2025-01-01T19:49:02Z" user="Данил Мошарев" uid="10374805" lat="40.2025545" lon="44.4990140"/>
 <node id="12346405056" visible="true" version="2" changeset="160068885" timestamp="2024-12-08T20:10:51Z" user="Данил Мошарев" uid="10374805" lat="40.2030065" lon="44.5025484"/>
 <node id="12346405059" visible="true" version="1" changeset="159218212" timestamp="2024-11-16T18:08:33Z" user="Данил Мошарев" uid="10374805" lat="40.2026234" lon="44.5016184"/>
 <node id="12352474474" visible="true" version="2" changeset="161459569" timestamp="2025-01-17T15:10:20Z" user="VlIvYur" uid="345975" lat="40.2035337" lon="44.4979984">
  <tag k="amenity" v="payment_terminal"/>
  <tag k="brand" v="ԹելՍել"/>
  <tag k="brand:en" v="Telcell"/>
  <tag k="brand:hy" v="ԹելՍել"/>
  <tag k="brand:ru" v="Телселл"/>
  <tag k="brand:wikidata" v="Q117840236"/>
  <tag k="contact:facebook" v="TelcellArmenia"/>
  <tag k="contact:instagram" v="telcell_ojsc"/>
  <tag k="contact:linkedin" v="telcellarmenia"/>
  <tag k="contact:twitter" v="telcell_am"/>
  <tag k="contact:youtube" v="TelcellWallet"/>
  <tag k="email" v="info@telcell.am"/>
  <tag k="location" v="outdoor"/>
  <tag k="opening_hours" v="24/7"/>
  <tag k="operator" v="Թել-Սել"/>
  <tag k="operator:en" v="Tel-Cell"/>
  <tag k="operator:hy" v="Թել-Սել"/>
  <tag k="operator:ref" v="02703102"/>
  <tag k="operator:ru" v="Тел-Селл"/>
  <tag k="phone" v="+374 60 272222"/>
  <tag k="website" v="https://telcell.am/"/>
 </node>
 <node id="12352474475" visible="true" version="1" changeset="159304593" timestamp="2024-11-18T23:40:59Z" user="VlIvYur" uid="345975" lat="40.2031096" lon="44.4982747">
  <tag k="amenity" v="dentist"/>
  <tag k="wheelchair" v="no"/>
 </node>
 <node id="12391313135" visible="true" version="1" changeset="159852916" timestamp="2024-12-02T17:35:36Z" user="Данил Мошарев" uid="10374805" lat="40.2025960" lon="44.5015520"/>
 <node id="12391313137" visible="true" version="1" changeset="159852916" timestamp="2024-12-02T17:35:36Z" user="Данил Мошарев" uid="10374805" lat="40.2024988" lon="44.5013162"/>
 <node id="12391313139" visible="true" version="3" changeset="160258785" timestamp="2024-12-13T19:08:01Z" user="Данил Мошарев" uid="10374805" lat="40.2019560" lon="44.5013869"/>
 <node id="12391313140" visible="true" version="3" changeset="160258785" timestamp="2024-12-13T19:08:01Z" user="Данил Мошарев" uid="10374805" lat="40.2019118" lon="44.5012768"/>
 <node id="12391313141" visible="true" version="3" changeset="160258785" timestamp="2024-12-13T19:08:01Z" user="Данил Мошарев" uid="10374805" lat="40.2019240" lon="44.5012684"/>
 <node id="12391313142" visible="true" version="3" changeset="160258785" timestamp="2024-12-13T19:08:01Z" user="Данил Мошарев" uid="10374805" lat="40.2019026" lon="44.5012149"/>
 <node id="12391313143" visible="true" version="3" changeset="160258785" timestamp="2024-12-13T19:08:01Z" user="Данил Мошарев" uid="10374805" lat="40.2018529" lon="44.5012491"/>
 <node id="12391313144" visible="true" version="3" changeset="160258785" timestamp="2024-12-13T19:08:01Z" user="Данил Мошарев" uid="10374805" lat="40.2018295" lon="44.5011909"/>
 <node id="12391313145" visible="true" version="3" changeset="160258785" timestamp="2024-12-13T19:08:01Z" user="Данил Мошарев" uid="10374805" lat="40.2017831" lon="44.5012229"/>
 <node id="12391313146" visible="true" version="3" changeset="160258785" timestamp="2024-12-13T19:08:01Z" user="Данил Мошарев" uid="10374805" lat="40.2018118" lon="44.5013163"/>
 <node id="12391313150" visible="true" version="4" changeset="161431561" timestamp="2025-01-16T19:38:16Z" user="Данил Мошарев" uid="10374805" lat="40.2018425" lon="44.5014228"/>
 <node id="12391313151" visible="true" version="4" changeset="161431561" timestamp="2025-01-16T19:38:16Z" user="Данил Мошарев" uid="10374805" lat="40.2018909" lon="44.5013864"/>
 <node id="12391313152" visible="true" version="3" changeset="160258785" timestamp="2024-12-13T19:08:01Z" user="Данил Мошарев" uid="10374805" lat="40.2019057" lon="44.5014216"/>
 <node id="12391313153" visible="true" version="4" changeset="161431561" timestamp="2025-01-16T19:38:16Z" user="Данил Мошарев" uid="10374805" lat="40.2017897" lon="44.5013823"/>
 <node id="12391313154" visible="true" version="3" changeset="160258785" timestamp="2024-12-13T19:08:01Z" user="Данил Мошарев" uid="10374805" lat="40.2017696" lon="44.5012188"/>
 <node id="12391313155" visible="true" version="3" changeset="160258785" timestamp="2024-12-13T19:08:01Z" user="Данил Мошарев" uid="10374805" lat="40.2015590" lon="44.5008276"/>
 <node id="12391313156" visible="true" version="2" changeset="160068885" timestamp="2024-12-08T20:10:51Z" user="Данил Мошарев" uid="10374805" lat="40.2015173" lon="44.5008031"/>
 <node id="12391313157" visible="true" version="2" changeset="160068885" timestamp="2024-12-08T20:10:51Z" user="Данил Мошарев" uid="10374805" lat="40.2018093" lon="44.5011929"/>
 <node id="12391313158" visible="true" version="2" changeset="160258785" timestamp="2024-12-13T19:08:01Z" user="Данил Мошарев" uid="10374805" lat="40.2013116" lon="44.5007058"/>
 <node id="12391313159" visible="true" version="3" changeset="160258785" timestamp="2024-12-13T19:08:01Z" user="Данил Мошарев" uid="10374805" lat="40.2014381" lon="44.5006148"/>
 <node id="12391313166" visible="true" version="3" changeset="161721744" timestamp="2025-01-24T17:27:28Z" user="Данил Мошарев" uid="10374805" lat="40.2012766" lon="44.5005871">
  <tag k="amenity" v="drinking_water"/>
 </node>
 <node id="12391313167" visible="true" version="2" changeset="160258785" timestamp="2024-12-13T19:08:01Z" user="Данил Мошарев" uid="10374805" lat="40.2012301" lon="44.5005111">
  <tag k="barrier" v="bollard"/>
 </node>
 <node id="12391313168" visible="true" version="1" changeset="159852916" timestamp="2024-12-02T17:35:36Z" user="Данил Мошарев" uid="10374805" lat="40.2023404" lon="44.5009653">
  <tag k="amenity" v="waste_disposal"/>
 </node>
 <node id="12391313170" visible="true" version="2" changeset="160565500" timestamp="2024-12-24T08:05:47Z" user="Данил Мошарев" uid="10374805" lat="40.2028250" lon="44.5004469"/>
 <node id="12391313171" visible="true" version="3" changeset="160883080" timestamp="2025-01-01T19:49:02Z" user="Данил Мошарев" uid="10374805" lat="40.2028978" lon="44.4999950"/>
 <node id="12391313172" visible="true" version="4" changeset="160897672" timestamp="2025-01-02T09:09:28Z" user="Данил Мошарев" uid="10374805" lat="40.2024696" lon="44.5006719"/>
 <node id="12391313173" visible="true" version="2" changeset="160897672" timestamp="2025-01-02T09:09:28Z" user="Данил Мошарев" uid="10374805" lat="40.2022930" lon="44.5008175"/>
 <node id="12391313174" visible="true" version="2" changeset="160880583" timestamp="2025-01-01T18:46:16Z" user="Данил Мошарев" uid="10374805" lat="40.2025075" lon="44.5005409">
  <tag k="amenity" v="drinking_water"/>
 </node>
 <node id="12391313176" visible="true" version="2" changeset="160117341" timestamp="2024-12-10T07:07:19Z" user="Данил Мошарев" uid="10374805" lat="40.2037365" lon="44.5013887"/>
 <node id="12405490228" visible="true" version="1" changeset="160068885" timestamp="2024-12-08T20:10:51Z" user="Данил Мошарев" uid="10374805" lat="40.2027806" lon="44.5019997"/>
 <node id="12405490230" visible="true" version="1" changeset="160068885" timestamp="2024-12-08T20:10:51Z" user="Данил Мошарев" uid="10374805" lat="40.2024108" lon="44.5002230"/>
 <node id="12405490232" visible="true" version="2" changeset="160880583" timestamp="2025-01-01T18:46:16Z" user="Данил Мошарев" uid="10374805" lat="40.2023522" lon="44.5002135"/>
 <node id="12415606116" visible="true" version="1" changeset="160202544" timestamp="2024-12-12T10:50:51Z" user="Данил Мошарев" uid="10374805" lat="40.2018122" lon="44.5003548">
  <tag k="barrier" v="bollard"/>
  <tag k="bollard" v="fixed"/>
 </node>
 <node id="12421241330" visible="true" version="1" changeset="160258785" timestamp="2024-12-13T19:08:01Z" user="Данил Мошарев" uid="10374805" lat="40.2013589" lon="44.5006360"/>
 <node id="12421241331" visible="true" version="1" changeset="160258785" timestamp="2024-12-13T19:08:01Z" user="Данил Мошарев" uid="10374805" lat="40.2013150" lon="44.5006664"/>
 <node id="12421241332" visible="true" version="1" changeset="160258785" timestamp="2024-12-13T19:08:01Z" user="Данил Мошарев" uid="10374805" lat="40.2012880" lon="44.5005995"/>
 <node id="12421241333" visible="true" version="1" changeset="160258785" timestamp="2024-12-13T19:08:01Z" user="Данил Мошарев" uid="10374805" lat="40.2013319" lon="44.5005691"/>
 <node id="12421241352" visible="true" version="1" changeset="160258785" timestamp="2024-12-13T19:08:01Z" user="Данил Мошарев" uid="10374805" lat="40.2017876" lon="44.5012559"/>
 <node id="12421241355" visible="true" version="2" changeset="161721744" timestamp="2025-01-24T17:27:28Z" user="Данил Мошарев" uid="10374805" lat="40.2014210" lon="44.5004973"/>
 <node id="12421241356" visible="true" version="2" changeset="161721744" timestamp="2025-01-24T17:27:28Z" user="Данил Мошарев" uid="10374805" lat="40.2014449" lon="44.5005541"/>
 <node id="12421241357" visible="true" version="2" changeset="161721744" timestamp="2025-01-24T17:27:28Z" user="Данил Мошарев" uid="10374805" lat="40.2014147" lon="44.5005758"/>
 <node id="12421241358" visible="true" version="2" changeset="161721744" timestamp="2025-01-24T17:27:28Z" user="Данил Мошарев" uid="10374805" lat="40.2013909" lon="44.5005190"/>
 <node id="12421241359" visible="true" version="1" changeset="160258785" timestamp="2024-12-13T19:08:01Z" user="Данил Мошарев" uid="10374805" lat="40.2018034" lon="44.5013221"/>
 <node id="12421241360" visible="true" version="1" changeset="160258785" timestamp="2024-12-13T19:08:01Z" user="Данил Мошарев" uid="10374805" lat="40.2017944" lon="44.5012512"/>
 <node id="12421241361" visible="true" version="1" changeset="160258785" timestamp="2024-12-13T19:08:01Z" user="Данил Мошарев" uid="10374805" lat="40.2016946" lon="44.5010164"/>
 <node id="12446969123" visible="true" version="1" changeset="160565500" timestamp="2024-12-24T08:05:47Z" user="Данил Мошарев" uid="10374805" lat="40.2028298" lon="44.5014374"/>
 <node id="12446969128" visible="true" version="1" changeset="160565500" timestamp="2024-12-24T08:05:47Z" user="Данил Мошарев" uid="10374805" lat="40.2027415" lon="44.5015015"/>
 <node id="12446969130" visible="true" version="2" changeset="161721158" timestamp="2025-01-24T17:11:48Z" user="Данил Мошарев" uid="10374805" lat="40.2028863" lon="44.5013986"/>
 <node id="12446969131" visible="true" version="2" changeset="161721158" timestamp="2025-01-24T17:11:48Z" user="Данил Мошарев" uid="10374805" lat="40.2029437" lon="44.5013584"/>
 <node id="12446969133" visible="true" version="1" changeset="160565500" timestamp="2024-12-24T08:05:47Z" user="Данил Мошарев" uid="10374805" lat="40.2030299" lon="44.5011470"/>
 <node id="12446969134" visible="true" version="1" changeset="160565500" timestamp="2024-12-24T08:05:47Z" user="Данил Мошарев" uid="10374805" lat="40.2030892" lon="44.5012975"/>
 <node id="12446969135" visible="true" version="1" changeset="160565500" timestamp="2024-12-24T08:05:47Z" user="Данил Мошарев" uid="10374805" lat="40.2030558" lon="44.5013201"/>
 <node id="12446969136" visible="true" version="1" changeset="160565500" timestamp="2024-12-24T08:05:47Z" user="Данил Мошарев" uid="10374805" lat="40.2029964" lon="44.5011696"/>
 <node id="12446969137" visible="true" version="1" changeset="160565500" timestamp="2024-12-24T08:05:47Z" user="Данил Мошарев" uid="10374805" lat="40.2030107" lon="44.5010893"/>
 <node id="12446969138" visible="true" version="1" changeset="160565500" timestamp="2024-12-24T08:05:47Z" user="Данил Мошарев" uid="10374805" lat="40.2029745" lon="44.5011140"/>
 <node id="12446969139" visible="true" version="1" changeset="160565500" timestamp="2024-12-24T08:05:47Z" user="Данил Мошарев" uid="10374805" lat="40.2029227" lon="44.5009834"/>
 <node id="12446969140" visible="true" version="1" changeset="160565500" timestamp="2024-12-24T08:05:47Z" user="Данил Мошарев" uid="10374805" lat="40.2029589" lon="44.5009588"/>
 <node id="12446969141" visible="true" version="1" changeset="160565500" timestamp="2024-12-24T08:05:47Z" user="Данил Мошарев" uid="10374805" lat="40.2029357" lon="44.5009053"/>
 <node id="12446969142" visible="true" version="1" changeset="160565500" timestamp="2024-12-24T08:05:47Z" user="Данил Мошарев" uid="10374805" lat="40.2029014" lon="44.5009291"/>
 <node id="12446969143" visible="true" version="1" changeset="160565500" timestamp="2024-12-24T08:05:47Z" user="Данил Мошарев" uid="10374805" lat="40.2028710" lon="44.5008539"/>
 <node id="12446969144" visible="true" version="1" changeset="160565500" timestamp="2024-12-24T08:05:47Z" user="Данил Мошарев" uid="10374805" lat="40.2029053" lon="44.5008301"/>
 <node id="12446969145" visible="true" version="1" changeset="160565500" timestamp="2024-12-24T08:05:47Z" user="Данил Мошарев" uid="10374805" lat="40.2028588" lon="44.5007270"/>
 <node id="12446969146" visible="true" version="1" changeset="160565500" timestamp="2024-12-24T08:05:47Z" user="Данил Мошарев" uid="10374805" lat="40.2028856" lon="44.5007929"/>
 <node id="12446969147" visible="true" version="1" changeset="160565500" timestamp="2024-12-24T08:05:47Z" user="Данил Мошарев" uid="10374805" lat="40.2028554" lon="44.5008139"/>
 <node id="12446969148" visible="true" version="1" changeset="160565500" timestamp="2024-12-24T08:05:47Z" user="Данил Мошарев" uid="10374805" lat="40.2028287" lon="44.5007480"/>
 <node id="12446969149" visible="true" version="1" changeset="160565500" timestamp="2024-12-24T08:05:47Z" user="Данил Мошарев" uid="10374805" lat="40.2028549" lon="44.5007300"/>
 <node id="12446969150" visible="true" version="1" changeset="160565500" timestamp="2024-12-24T08:05:47Z" user="Данил Мошарев" uid="10374805" lat="40.2028301" lon="44.5006680"/>
 <node id="12446969151" visible="true" version="1" changeset="160565500" timestamp="2024-12-24T08:05:47Z" user="Данил Мошарев" uid="10374805" lat="40.2028039" lon="44.5006860"/>
 <node id="12446969152" visible="true" version="1" changeset="160565500" timestamp="2024-12-24T08:05:47Z" user="Данил Мошарев" uid="10374805" lat="40.2027736" lon="44.5005118"/>
 <node id="12446969153" visible="true" version="1" changeset="160565500" timestamp="2024-12-24T08:05:47Z" user="Данил Мошарев" uid="10374805" lat="40.2027722" lon="44.5006084"/>
 <node id="12446969154" visible="true" version="1" changeset="160565500" timestamp="2024-12-24T08:05:47Z" user="Данил Мошарев" uid="10374805" lat="40.2028033" lon="44.5005874"/>
 <node id="12446969155" visible="true" version="1" changeset="160565500" timestamp="2024-12-24T08:05:47Z" user="Данил Мошарев" uid="10374805" lat="40.2031048" lon="44.5012622">
  <tag k="barrier" v="lift_gate"/>
  <tag k="lift_gate:type" v="single"/>
 </node>
 <node id="12446969156" visible="true" version="1" changeset="160565500" timestamp="2024-12-24T08:05:47Z" user="Данил Мошарев" uid="10374805" lat="40.2028225" lon="44.5005780">
  <tag k="barrier" v="lift_gate"/>
  <tag k="lift_gate:type" v="single"/>
 </node>
 <node id="12446969157" visible="true" version="1" changeset="160565500" timestamp="2024-12-24T08:05:47Z" user="Данил Мошарев" uid="10374805" lat="40.2029404" lon="44.5008088">
  <tag k="amenity" v="waste_disposal"/>
 </node>
 <node id="12446969158" visible="true" version="1" changeset="160565500" timestamp="2024-12-24T08:05:47Z" user="Данил Мошарев" uid="10374805" lat="40.2029490" lon="44.5008811"/>
 <node id="12446969159" visible="true" version="1" changeset="160565500" timestamp="2024-12-24T08:05:47Z" user="Данил Мошарев" uid="10374805" lat="40.2030319" lon="44.5008191"/>
 <node id="12446969160" visible="true" version="1" changeset="160565500" timestamp="2024-12-24T08:05:47Z" user="Данил Мошарев" uid="10374805" lat="40.2030734" lon="44.5007017"/>
 <node id="12446969161" visible="true" version="1" changeset="160565500" timestamp="2024-12-24T08:05:47Z" user="Данил Мошарев" uid="10374805" lat="40.2031263" lon="44.5008358"/>
 <node id="12446969162" visible="true" version="1" changeset="160565500" timestamp="2024-12-24T08:05:47Z" user="Данил Мошарев" uid="10374805" lat="40.2030569" lon="44.5008826"/>
 <node id="12446969163" visible="true" version="1" changeset="160565500" timestamp="2024-12-24T08:05:47Z" user="Данил Мошарев" uid="10374805" lat="40.2030041" lon="44.5007485"/>
 <node id="12446969164" visible="true" version="1" changeset="160565500" timestamp="2024-12-24T08:05:47Z" user="Данил Мошарев" uid="10374805" lat="40.2026488" lon="44.5001663"/>
 <node id="12446969165" visible="true" version="1" changeset="160565500" timestamp="2024-12-24T08:05:47Z" user="Данил Мошарев" uid="10374805" lat="40.2027800" lon="44.5004786"/>
 <node id="12446969166" visible="true" version="2" changeset="160883080" timestamp="2025-01-01T19:49:02Z" user="Данил Мошарев" uid="10374805" lat="40.2032326" lon="44.5001610"/>
 <node id="12446969167" visible="true" version="1" changeset="160565500" timestamp="2024-12-24T08:05:47Z" user="Данил Мошарев" uid="10374805" lat="40.2022179" lon="44.4995595"/>
 <node id="12446969168" visible="true" version="1" changeset="160565500" timestamp="2024-12-24T08:05:47Z" user="Данил Мошарев" uid="10374805" lat="40.2025937" lon="44.4994718"/>
 <node id="12446969169" visible="true" version="1" changeset="160565500" timestamp="2024-12-24T08:05:47Z" user="Данил Мошарев" uid="10374805" lat="40.2026577" lon="44.4996295"/>
 <node id="12446969170" visible="true" version="1" changeset="160565500" timestamp="2024-12-24T08:05:47Z" user="Данил Мошарев" uid="10374805" lat="40.2025888" lon="44.4996775"/>
 <node id="12446969171" visible="true" version="1" changeset="160565500" timestamp="2024-12-24T08:05:47Z" user="Данил Мошарев" uid="10374805" lat="40.2025248" lon="44.4995198"/>
 <node id="12446969172" visible="true" version="1" changeset="160565500" timestamp="2024-12-24T08:05:47Z" user="Данил Мошарев" uid="10374805" lat="40.2024855" lon="44.4997636"/>
 <node id="12446969173" visible="true" version="1" changeset="160565500" timestamp="2024-12-24T08:05:47Z" user="Данил Мошарев" uid="10374805" lat="40.2026729" lon="44.4996343"/>
 <node id="12446969174" visible="true" version="1" changeset="160565500" timestamp="2024-12-24T08:05:47Z" user="Данил Мошарев" uid="10374805" lat="40.2025986" lon="44.4994563"/>
 <node id="12446969175" visible="true" version="1" changeset="160565500" timestamp="2024-12-24T08:05:47Z" user="Данил Мошарев" uid="10374805" lat="40.2025125" lon="44.4995144"/>
 <node id="12446969176" visible="true" version="1" changeset="160565500" timestamp="2024-12-24T08:05:47Z" user="Данил Мошарев" uid="10374805" lat="40.2025836" lon="44.4996959"/>
 <node id="12446969177" visible="true" version="1" changeset="160565500" timestamp="2024-12-24T08:05:47Z" user="Данил Мошарев" uid="10374805" lat="40.2025089" lon="44.4993546"/>
 <node id="12446969178" visible="true" version="1" changeset="160565500" timestamp="2024-12-24T08:05:47Z" user="Данил Мошарев" uid="10374805" lat="40.2025590" lon="44.4994830"/>
 <node id="12446969179" visible="true" version="1" changeset="160565500" timestamp="2024-12-24T08:05:47Z" user="Данил Мошарев" uid="10374805" lat="40.2024853" lon="44.4996616">
  <tag k="amenity" v="waste_disposal"/>
 </node>
 <node id="12446969180" visible="true" version="2" changeset="160883080" timestamp="2025-01-01T19:49:02Z" user="Данил Мошарев" uid="10374805" lat="40.2025528" lon="44.4990662"/>
 <node id="12446969181" visible="true" version="1" changeset="160565500" timestamp="2024-12-24T08:05:47Z" user="Данил Мошарев" uid="10374805" lat="40.2031103" lon="44.5012758"/>
 <node id="12446969182" visible="true" version="2" changeset="160883080" timestamp="2025-01-01T19:49:02Z" user="Данил Мошарев" uid="10374805" lat="40.2035619" lon="44.5009630"/>
 <node id="12451001139" visible="true" version="1" changeset="160603068" timestamp="2024-12-25T13:03:50Z" user="Данил Мошарев" uid="10374805" lat="40.2040555" lon="44.5022065"/>
 <node id="12467186193" visible="true" version="1" changeset="160880583" timestamp="2025-01-01T18:46:16Z" user="Данил Мошарев" uid="10374805" lat="40.2026874" lon="44.5005683"/>
 <node id="12467186194" visible="true" version="1" changeset="160880583" timestamp="2025-01-01T18:46:16Z" user="Данил Мошарев" uid="10374805" lat="40.2026736" lon="44.5005329"/>
 <node id="12467186195" visible="true" version="1" changeset="160880583" timestamp="2025-01-01T18:46:16Z" user="Данил Мошарев" uid="10374805" lat="40.2025782" lon="44.5005965"/>
 <node id="12467186196" visible="true" version="1" changeset="160880583" timestamp="2025-01-01T18:46:16Z" user="Данил Мошарев" uid="10374805" lat="40.2025919" lon="44.5006319"/>
 <node id="12467186197" visible="true" version="1" changeset="160880583" timestamp="2025-01-01T18:46:16Z" user="Данил Мошарев" uid="10374805" lat="40.2023475" lon="44.5002482">
  <tag k="amenity" v="drinking_water"/>
 </node>
 <node id="12467186198" visible="true" version="1" changeset="160880583" timestamp="2025-01-01T18:46:16Z" user="Данил Мошарев" uid="10374805" lat="40.2023474" lon="44.5002260"/>
 <node id="12467186199" visible="true" version="1" changeset="160880583" timestamp="2025-01-01T18:46:16Z" user="Данил Мошарев" uid="10374805" lat="40.2023719" lon="44.5002844"/>
 <node id="12467186200" visible="true" version="1" changeset="160880583" timestamp="2025-01-01T18:46:16Z" user="Данил Мошарев" uid="10374805" lat="40.2023582" lon="44.5002712">
  <tag k="amenity" v="bench"/>
 </node>
 <node id="12467335101" visible="true" version="1" changeset="160880583" timestamp="2025-01-01T18:46:16Z" user="Данил Мошарев" uid="10374805" lat="40.2019490" lon="44.4998846">
  <tag k="barrier" v="lift_gate"/>
  <tag k="lift_gate:type" v="single"/>
 </node>
 <node id="12467335102" visible="true" version="1" changeset="160880583" timestamp="2025-01-01T18:46:16Z" user="Данил Мошарев" uid="10374805" lat="40.2019648" lon="44.4999066"/>
 <node id="12467335103" visible="true" version="1" changeset="160880583" timestamp="2025-01-01T18:46:16Z" user="Данил Мошарев" uid="10374805" lat="40.2019897" lon="44.4999696"/>
 <node id="12467335104" visible="true" version="1" changeset="160880583" timestamp="2025-01-01T18:46:16Z" user="Данил Мошарев" uid="10374805" lat="40.2020143" lon="44.4999529"/>
 <node id="12467335105" visible="true" version="1" changeset="160880583" timestamp="2025-01-01T18:46:16Z" user="Данил Мошарев" uid="10374805" lat="40.2018027" lon="44.4998476">
  <tag k="barrier" v="lift_gate"/>
  <tag k="lift_gate:type" v="single"/>
 </node>
 <node id="12467335106" visible="true" version="1" changeset="160880583" timestamp="2025-01-01T18:46:16Z" user="Данил Мошарев" uid="10374805" lat="40.2023946" lon="44.5001852"/>
 <node id="12467335107" visible="true" version="1" changeset="160880583" timestamp="2025-01-01T18:46:16Z" user="Данил Мошарев" uid="10374805" lat="40.2024272" lon="44.5003328"/>
 <node id="12467335108" visible="true" version="1" changeset="160880583" timestamp="2025-01-01T18:46:16Z" user="Данил Мошарев" uid="10374805" lat="40.2024473" lon="44.5003855"/>
 <node id="12467335109" visible="true" version="1" changeset="160880583" timestamp="2025-01-01T18:46:16Z" user="Данил Мошарев" uid="10374805" lat="40.2024252" lon="44.5003999"/>
 <node id="12467335110" visible="true" version="1" changeset="160880583" timestamp="2025-01-01T18:46:16Z" user="Данил Мошарев" uid="10374805" lat="40.2024376" lon="44.5004326"/>
 <node id="12467335111" visible="true" version="1" changeset="160880583" timestamp="2025-01-01T18:46:16Z" user="Данил Мошарев" uid="10374805" lat="40.2024051" lon="44.5004538"/>
 <node id="12467335112" visible="true" version="1" changeset="160880583" timestamp="2025-01-01T18:46:16Z" user="Данил Мошарев" uid="10374805" lat="40.2023725" lon="44.5003689"/>
 <node id="12467335113" visible="true" version="1" changeset="160880583" timestamp="2025-01-01T18:46:16Z" user="Данил Мошарев" uid="10374805" lat="40.2023988" lon="44.5003513"/>
 <node id="12467335114" visible="true" version="1" changeset="160880583" timestamp="2025-01-01T18:46:16Z" user="Данил Мошарев" uid="10374805" lat="40.2023465" lon="44.5003019"/>
 <node id="12467335115" visible="true" version="1" changeset="160880583" timestamp="2025-01-01T18:46:16Z" user="Данил Мошарев" uid="10374805" lat="40.2025464" lon="44.5006208"/>
 <node id="12467335116" visible="true" version="2" changeset="160897672" timestamp="2025-01-02T09:09:28Z" user="Данил Мошарев" uid="10374805" lat="40.2024300" lon="44.5007254"/>
 <node id="12467335117" visible="true" version="1" changeset="160880583" timestamp="2025-01-01T18:46:16Z" user="Данил Мошарев" uid="10374805" lat="40.2025114" lon="44.5005576"/>
 <node id="12467335118" visible="true" version="1" changeset="160880583" timestamp="2025-01-01T18:46:16Z" user="Данил Мошарев" uid="10374805" lat="40.2025249" lon="44.5005943"/>
 <node id="12467335119" visible="true" version="1" changeset="160880583" timestamp="2025-01-01T18:46:16Z" user="Данил Мошарев" uid="10374805" lat="40.2024839" lon="44.5006200"/>
 <node id="12467335120" visible="true" version="1" changeset="160880583" timestamp="2025-01-01T18:46:16Z" user="Данил Мошарев" uid="10374805" lat="40.2024705" lon="44.5005833"/>
 <node id="12467335121" visible="true" version="1" changeset="160880583" timestamp="2025-01-01T18:46:16Z" user="Данил Мошарев" uid="10374805" lat="40.2024536" lon="44.5004228"/>
 <node id="12467335122" visible="true" version="1" changeset="160880583" timestamp="2025-01-01T18:46:16Z" user="Данил Мошарев" uid="10374805" lat="40.2024402" lon="44.5001152"/>
 <node id="12467335123" visible="true" version="1" changeset="160880583" timestamp="2025-01-01T18:46:16Z" user="Данил Мошарев" uid="10374805" lat="40.2024669" lon="44.5001806"/>
 <node id="12467335124" visible="true" version="1" changeset="160880583" timestamp="2025-01-01T18:46:16Z" user="Данил Мошарев" uid="10374805" lat="40.2024131" lon="44.5002181"/>
 <node id="12467335125" visible="true" version="1" changeset="160880583" timestamp="2025-01-01T18:46:16Z" user="Данил Мошарев" uid="10374805" lat="40.2023954" lon="44.5001747"/>
 <node id="12467335126" visible="true" version="1" changeset="160880583" timestamp="2025-01-01T18:46:16Z" user="Данил Мошарев" uid="10374805" lat="40.2023424" lon="44.5002117"/>
 <node id="12467335127" visible="true" version="1" changeset="160880583" timestamp="2025-01-01T18:46:16Z" user="Данил Мошарев" uid="10374805" lat="40.2021416" lon="44.4997189"/>
 <node id="12467335128" visible="true" version="1" changeset="160880583" timestamp="2025-01-01T18:46:16Z" user="Данил Мошарев" uid="10374805" lat="40.2022389" lon="44.4996510"/>
 <node id="12467335129" visible="true" version="1" changeset="160880583" timestamp="2025-01-01T18:46:16Z" user="Данил Мошарев" uid="10374805" lat="40.2022680" lon="44.4997224"/>
 <node id="12467335130" visible="true" version="1" changeset="160880583" timestamp="2025-01-01T18:46:16Z" user="Данил Мошарев" uid="10374805" lat="40.2022799" lon="44.4997141"/>
 <node id="12467335131" visible="true" version="1" changeset="160880583" timestamp="2025-01-01T18:46:16Z" user="Данил Мошарев" uid="10374805" lat="40.2024124" lon="44.5000394"/>
 <node id="12467335132" visible="true" version="1" changeset="160880583" timestamp="2025-01-01T18:46:16Z" user="Данил Мошарев" uid="10374805" lat="40.2023606" lon="44.5000755"/>
 <node id="12467335133" visible="true" version="1" changeset="160880583" timestamp="2025-01-01T18:46:16Z" user="Данил Мошарев" uid="10374805" lat="40.2023908" lon="44.5001497"/>
 <node id="12467338357" visible="true" version="1" changeset="160881140" timestamp="2025-01-01T18:56:41Z" user="Данил Мошарев" uid="10374805" lat="40.2026267" lon="44.5014085"/>
 <node id="12467338358" visible="true" version="1" changeset="160881140" timestamp="2025-01-01T18:56:41Z" user="Данил Мошарев" uid="10374805" lat="40.2026800" lon="44.5013715"/>
 <node id="12467338359" visible="true" version="1" changeset="160881140" timestamp="2025-01-01T18:56:41Z" user="Данил Мошарев" uid="10374805" lat="40.2024200" lon="44.5008894"/>
 <node id="12467338360" visible="true" version="1" changeset="160881140" timestamp="2025-01-01T18:56:41Z" user="Данил Мошарев" uid="10374805" lat="40.2024639" lon="44.5008590"/>
 <node id="12467338361" visible="true" version="1" changeset="160881140" timestamp="2025-01-01T18:56:41Z" user="Данил Мошарев" uid="10374805" lat="40.2026491" lon="44.5007307"/>
 <node id="12467338362" visible="true" version="1" changeset="160881140" timestamp="2025-01-01T18:56:41Z" user="Данил Мошарев" uid="10374805" lat="40.2027038" lon="44.5006926"/>
 <node id="12467338363" visible="true" version="1" changeset="160881140" timestamp="2025-01-01T18:56:41Z" user="Данил Мошарев" uid="10374805" lat="40.2028548" lon="44.5012463"/>
 <node id="12467338364" visible="true" version="1" changeset="160881140" timestamp="2025-01-01T18:56:41Z" user="Данил Мошарев" uid="10374805" lat="40.2029043" lon="44.5012118"/>
 <node id="12467431168" visible="true" version="1" changeset="160883080" timestamp="2025-01-01T19:49:02Z" user="Данил Мошарев" uid="10374805" lat="40.2032468" lon="44.5011804"/>
 <node id="12467431169" visible="true" version="1" changeset="160883080" timestamp="2025-01-01T19:49:02Z" user="Данил Мошарев" uid="10374805" lat="40.2032841" lon="44.5011543"/>
 <node id="12467431170" visible="true" version="1" changeset="160883080" timestamp="2025-01-01T19:49:02Z" user="Данил Мошарев" uid="10374805" lat="40.2032708" lon="44.5011636"/>
 <node id="12467431171" visible="true" version="1" changeset="160883080" timestamp="2025-01-01T19:49:02Z" user="Данил Мошарев" uid="10374805" lat="40.2032598" lon="44.5011713"/>
 <node id="12467431172" visible="true" version="1" changeset="160883080" timestamp="2025-01-01T19:49:02Z" user="Данил Мошарев" uid="10374805" lat="40.2036026" lon="44.5011985"/>
 <node id="12467431173" visible="true" version="1" changeset="160883080" timestamp="2025-01-01T19:49:02Z" user="Данил Мошарев" uid="10374805" lat="40.2035178" lon="44.5009934"/>
 <node id="12467431174" visible="true" version="1" changeset="160883080" timestamp="2025-01-01T19:49:02Z" user="Данил Мошарев" uid="10374805" lat="40.2032358" lon="44.5002966"/>
 <node id="12467431175" visible="true" version="1" changeset="160883080" timestamp="2025-01-01T19:49:02Z" user="Данил Мошарев" uid="10374805" lat="40.2034345" lon="44.5010508"/>
 <node id="12467431176" visible="true" version="1" changeset="160883080" timestamp="2025-01-01T19:49:02Z" user="Данил Мошарев" uid="10374805" lat="40.2034642" lon="44.5008610"/>
 <node id="12467431177" visible="true" version="1" changeset="160883080" timestamp="2025-01-01T19:49:02Z" user="Данил Мошарев" uid="10374805" lat="40.2035079" lon="44.5008314"/>
 <node id="12467431178" visible="true" version="1" changeset="160883080" timestamp="2025-01-01T19:49:02Z" user="Данил Мошарев" uid="10374805" lat="40.2034397" lon="44.5008003"/>
 <node id="12467431179" visible="true" version="1" changeset="160883080" timestamp="2025-01-01T19:49:02Z" user="Данил Мошарев" uid="10374805" lat="40.2034828" lon="44.5007704"/>
 <node id="12467431180" visible="true" version="1" changeset="160883080" timestamp="2025-01-01T19:49:02Z" user="Данил Мошарев" uid="10374805" lat="40.2033727" lon="44.5006347"/>
 <node id="12467431181" visible="true" version="1" changeset="160883080" timestamp="2025-01-01T19:49:02Z" user="Данил Мошарев" uid="10374805" lat="40.2034142" lon="44.5006033"/>
 <node id="12467431182" visible="true" version="1" changeset="160883080" timestamp="2025-01-01T19:49:02Z" user="Данил Мошарев" uid="10374805" lat="40.2033501" lon="44.5005787"/>
 <node id="12467431183" visible="true" version="1" changeset="160883080" timestamp="2025-01-01T19:49:02Z" user="Данил Мошарев" uid="10374805" lat="40.2033917" lon="44.5005486"/>
 <node id="12467431184" visible="true" version="1" changeset="160883080" timestamp="2025-01-01T19:49:02Z" user="Данил Мошарев" uid="10374805" lat="40.2033197" lon="44.5005034"/>
 <node id="12467431185" visible="true" version="1" changeset="160883080" timestamp="2025-01-01T19:49:02Z" user="Данил Мошарев" uid="10374805" lat="40.2033612" lon="44.5004742"/>
 <node id="12467431186" visible="true" version="1" changeset="160883080" timestamp="2025-01-01T19:49:02Z" user="Данил Мошарев" uid="10374805" lat="40.2032871" lon="44.5004229"/>
 <node id="12467431187" visible="true" version="1" changeset="160883080" timestamp="2025-01-01T19:49:02Z" user="Данил Мошарев" uid="10374805" lat="40.2033285" lon="44.5003947"/>
 <node id="12467431188" visible="true" version="1" changeset="160883080" timestamp="2025-01-01T19:49:02Z" user="Данил Мошарев" uid="10374805" lat="40.2032759" lon="44.5002664"/>
 <node id="12467431189" visible="true" version="1" changeset="160883080" timestamp="2025-01-01T19:49:02Z" user="Данил Мошарев" uid="10374805" lat="40.2031055" lon="44.5002502"/>
 <node id="12467431190" visible="true" version="1" changeset="160883080" timestamp="2025-01-01T19:49:02Z" user="Данил Мошарев" uid="10374805" lat="40.2031726" lon="44.5000149"/>
 <node id="12467431191" visible="true" version="1" changeset="160883080" timestamp="2025-01-01T19:49:02Z" user="Данил Мошарев" uid="10374805" lat="40.2031382" lon="44.5000381"/>
 <node id="12467431192" visible="true" version="1" changeset="160883080" timestamp="2025-01-01T19:49:02Z" user="Данил Мошарев" uid="10374805" lat="40.2030732" lon="44.4998732"/>
 <node id="12467431193" visible="true" version="1" changeset="160883080" timestamp="2025-01-01T19:49:02Z" user="Данил Мошарев" uid="10374805" lat="40.2027046" lon="44.4990015"/>
 <node id="12467431194" visible="true" version="1" changeset="160883080" timestamp="2025-01-01T19:49:02Z" user="Данил Мошарев" uid="10374805" lat="40.2029672" lon="44.4996225"/>
 <node id="12467431195" visible="true" version="1" changeset="160883080" timestamp="2025-01-01T19:49:02Z" user="Данил Мошарев" uid="10374805" lat="40.2028956" lon="44.4996727"/>
 <node id="12467431196" visible="true" version="1" changeset="160883080" timestamp="2025-01-01T19:49:02Z" user="Данил Мошарев" uid="10374805" lat="40.2029373" lon="44.4997770"/>
 <node id="12467431197" visible="true" version="1" changeset="160883080" timestamp="2025-01-01T19:49:02Z" user="Данил Мошарев" uid="10374805" lat="40.2030097" lon="44.4997229"/>
 <node id="12467431198" visible="true" version="1" changeset="160883080" timestamp="2025-01-01T19:49:02Z" user="Данил Мошарев" uid="10374805" lat="40.2030421" lon="44.4996992"/>
 <node id="12467431199" visible="true" version="1" changeset="160883080" timestamp="2025-01-01T19:49:02Z" user="Данил Мошарев" uid="10374805" lat="40.2028516" lon="44.4998737"/>
 <node id="12467431200" visible="true" version="1" changeset="160883080" timestamp="2025-01-01T19:49:02Z" user="Данил Мошарев" uid="10374805" lat="40.2029150" lon="44.4994990"/>
 <node id="12467443201" visible="true" version="1" changeset="160883080" timestamp="2025-01-01T19:49:02Z" user="Данил Мошарев" uid="10374805" lat="40.2029485" lon="44.4994743"/>
 <node id="12467443202" visible="true" version="1" changeset="160883080" timestamp="2025-01-01T19:49:02Z" user="Данил Мошарев" uid="10374805" lat="40.2028665" lon="44.4993842"/>
 <node id="12467443203" visible="true" version="1" changeset="160883080" timestamp="2025-01-01T19:49:02Z" user="Данил Мошарев" uid="10374805" lat="40.2029007" lon="44.4993595"/>
 <node id="12467443204" visible="true" version="1" changeset="160883080" timestamp="2025-01-01T19:49:02Z" user="Данил Мошарев" uid="10374805" lat="40.2027818" lon="44.4991838"/>
 <node id="12467443205" visible="true" version="1" changeset="160883080" timestamp="2025-01-01T19:49:02Z" user="Данил Мошарев" uid="10374805" lat="40.2028162" lon="44.4991569"/>
 <node id="12467443206" visible="true" version="1" changeset="160883080" timestamp="2025-01-01T19:49:02Z" user="Данил Мошарев" uid="10374805" lat="40.2027500" lon="44.4990184"/>
 <node id="12467443207" visible="true" version="1" changeset="160883080" timestamp="2025-01-01T19:49:02Z" user="Данил Мошарев" uid="10374805" lat="40.2027629" lon="44.4990477"/>
 <node id="12467443208" visible="true" version="1" changeset="160883080" timestamp="2025-01-01T19:49:02Z" user="Данил Мошарев" uid="10374805" lat="40.2027417" lon="44.4990637"/>
 <node id="12467443209" visible="true" version="1" changeset="160883080" timestamp="2025-01-01T19:49:02Z" user="Данил Мошарев" uid="10374805" lat="40.2027288" lon="44.4990344"/>
 <node id="12467443210" visible="true" version="1" changeset="160883080" timestamp="2025-01-01T19:49:02Z" user="Данил Мошарев" uid="10374805" lat="40.2027253" lon="44.4989860"/>
 <node id="12467443211" visible="true" version="1" changeset="160883080" timestamp="2025-01-01T19:49:02Z" user="Данил Мошарев" uid="10374805" lat="40.2028052" lon="44.4989489"/>
 <node id="12468493007" visible="true" version="1" changeset="160897672" timestamp="2025-01-02T09:09:28Z" user="Данил Мошарев" uid="10374805" lat="40.2024046" lon="44.5006190"/>
 <node id="12468493008" visible="true" version="1" changeset="160897672" timestamp="2025-01-02T09:09:28Z" user="Данил Мошарев" uid="10374805" lat="40.2024261" lon="44.5007122"/>
 <node id="12468493009" visible="true" version="1" changeset="160897672" timestamp="2025-01-02T09:09:28Z" user="Данил Мошарев" uid="10374805" lat="40.2023562" lon="44.5007648"/>
 <node id="12468493010" visible="true" version="2" changeset="161428486" timestamp="2025-01-16T17:59:14Z" user="Данил Мошарев" uid="10374805" lat="40.2023114" lon="44.5006647"/>
 <node id="12468493011" visible="true" version="1" changeset="160897672" timestamp="2025-01-02T09:09:28Z" user="Данил Мошарев" uid="10374805" lat="40.2023820" lon="44.5006116"/>
 <node id="12468493012" visible="true" version="1" changeset="160897672" timestamp="2025-01-02T09:09:28Z" user="Данил Мошарев" uid="10374805" lat="40.2024196" lon="44.5005863"/>
 <node id="12468493013" visible="true" version="1" changeset="160897672" timestamp="2025-01-02T09:09:28Z" user="Данил Мошарев" uid="10374805" lat="40.2024654" lon="44.5006083"/>
 <node id="12468493014" visible="true" version="1" changeset="160897672" timestamp="2025-01-02T09:09:28Z" user="Данил Мошарев" uid="10374805" lat="40.2024771" lon="44.5006013"/>
 <node id="12468493015" visible="true" version="1" changeset="160897672" timestamp="2025-01-02T09:09:28Z" user="Данил Мошарев" uid="10374805" lat="40.2024758" lon="44.5001184"/>
 <node id="12468493016" visible="true" version="1" changeset="160897672" timestamp="2025-01-02T09:09:28Z" user="Данил Мошарев" uid="10374805" lat="40.2024612" lon="44.5001298"/>
 <node id="12468493017" visible="true" version="1" changeset="160897672" timestamp="2025-01-02T09:09:28Z" user="Данил Мошарев" uid="10374805" lat="40.2024766" lon="44.5001700"/>
 <node id="12468493018" visible="true" version="1" changeset="160897672" timestamp="2025-01-02T09:09:28Z" user="Данил Мошарев" uid="10374805" lat="40.2025251" lon="44.5001354"/>
 <node id="12468493019" visible="true" version="1" changeset="160897672" timestamp="2025-01-02T09:09:28Z" user="Данил Мошарев" uid="10374805" lat="40.2025286" lon="44.5001437"/>
 <node id="12468493020" visible="true" version="1" changeset="160897672" timestamp="2025-01-02T09:09:28Z" user="Данил Мошарев" uid="10374805" lat="40.2025787" lon="44.5001078"/>
 <node id="12468493021" visible="true" version="1" changeset="160897672" timestamp="2025-01-02T09:09:28Z" user="Данил Мошарев" uid="10374805" lat="40.2025657" lon="44.5000781"/>
 <node id="12468493022" visible="true" version="1" changeset="160897672" timestamp="2025-01-02T09:09:28Z" user="Данил Мошарев" uid="10374805" lat="40.2025739" lon="44.5000718"/>
 <node id="12468493023" visible="true" version="1" changeset="160897672" timestamp="2025-01-02T09:09:28Z" user="Данил Мошарев" uid="10374805" lat="40.2025396" lon="44.4999927"/>
 <node id="12468493024" visible="true" version="1" changeset="160897672" timestamp="2025-01-02T09:09:28Z" user="Данил Мошарев" uid="10374805" lat="40.2025471" lon="44.4999891"/>
 <node id="12468493025" visible="true" version="1" changeset="160897672" timestamp="2025-01-02T09:09:28Z" user="Данил Мошарев" uid="10374805" lat="40.2025196" lon="44.4999252"/>
 <node id="12468493026" visible="true" version="1" changeset="160897672" timestamp="2025-01-02T09:09:28Z" user="Данил Мошарев" uid="10374805" lat="40.2025107" lon="44.4999297"/>
 <node id="12468493027" visible="true" version="1" changeset="160897672" timestamp="2025-01-02T09:09:28Z" user="Данил Мошарев" uid="10374805" lat="40.2024990" lon="44.4998982"/>
 <node id="12468493028" visible="true" version="1" changeset="160897672" timestamp="2025-01-02T09:09:28Z" user="Данил Мошарев" uid="10374805" lat="40.2024887" lon="44.4999054"/>
 <node id="12468493029" visible="true" version="1" changeset="160897672" timestamp="2025-01-02T09:09:28Z" user="Данил Мошарев" uid="10374805" lat="40.2024801" lon="44.4998829"/>
 <node id="12468493030" visible="true" version="1" changeset="160897672" timestamp="2025-01-02T09:09:28Z" user="Данил Мошарев" uid="10374805" lat="40.2024965" lon="44.4998710"/>
 <node id="12468493031" visible="true" version="1" changeset="160897672" timestamp="2025-01-02T09:09:28Z" user="Данил Мошарев" uid="10374805" lat="40.2023403" lon="44.4995160"/>
 <node id="12468493032" visible="true" version="1" changeset="160897672" timestamp="2025-01-02T09:09:28Z" user="Данил Мошарев" uid="10374805" lat="40.2022806" lon="44.4995555"/>
 <node id="12468493033" visible="true" version="1" changeset="160897672" timestamp="2025-01-02T09:09:28Z" user="Данил Мошарев" uid="10374805" lat="40.2022904" lon="44.4995783"/>
 <node id="12468493034" visible="true" version="1" changeset="160897672" timestamp="2025-01-02T09:09:28Z" user="Данил Мошарев" uid="10374805" lat="40.2022442" lon="44.4996104"/>
 <node id="12468493035" visible="true" version="1" changeset="160897672" timestamp="2025-01-02T09:09:28Z" user="Данил Мошарев" uid="10374805" lat="40.2022723" lon="44.4996842"/>
 <node id="12468493036" visible="true" version="1" changeset="160897672" timestamp="2025-01-02T09:09:28Z" user="Данил Мошарев" uid="10374805" lat="40.2023218" lon="44.4996491"/>
 <node id="12468493037" visible="true" version="1" changeset="160897672" timestamp="2025-01-02T09:09:28Z" user="Данил Мошарев" uid="10374805" lat="40.2024970" lon="44.5000655"/>
 <node id="12468493038" visible="true" version="1" changeset="160897672" timestamp="2025-01-02T09:09:28Z" user="Данил Мошарев" uid="10374805" lat="40.2024633" lon="44.5000916"/>
 <node id="12468493039" visible="true" version="1" changeset="160897672" timestamp="2025-01-02T09:09:28Z" user="Данил Мошарев" uid="10374805" lat="40.2023965" lon="44.4996350"/>
 <node id="12468493042" visible="true" version="1" changeset="160897672" timestamp="2025-01-02T09:09:28Z" user="Данил Мошарев" uid="10374805" lat="40.2025332" lon="44.4993378">
  <tag k="traffic_calming" v="bump"/>
 </node>
 <node id="12468493043" visible="true" version="1" changeset="160897672" timestamp="2025-01-02T09:09:28Z" user="Данил Мошарев" uid="10374805" lat="40.2012506" lon="44.5005205">
  <tag k="amenity" v="bench"/>
  <tag k="backrest" v="yes"/>
 </node>
 <node id="12468493044" visible="true" version="2" changeset="161721744" timestamp="2025-01-24T17:27:28Z" user="Данил Мошарев" uid="10374805" lat="40.2012648" lon="44.5005541">
  <tag k="amenity" v="bench"/>
  <tag k="backrest" v="yes"/>
 </node>
 <node id="12468493045" visible="true" version="1" changeset="160897672" timestamp="2025-01-02T09:09:28Z" user="Данил Мошарев" uid="10374805" lat="40.2013002" lon="44.5006411">
  <tag k="amenity" v="bench"/>
  <tag k="backrest" v="yes"/>
 </node>
 <node id="12468493046" visible="true" version="1" changeset="160897672" timestamp="2025-01-02T09:09:28Z" user="Данил Мошарев" uid="10374805" lat="40.2012900" lon="44.5003130"/>
 <node id="12468493047" visible="true" version="1" changeset="160897672" timestamp="2025-01-02T09:09:28Z" user="Данил Мошарев" uid="10374805" lat="40.2013056" lon="44.5003514"/>
 <node id="12468493048" visible="true" version="2" changeset="161721744" timestamp="2025-01-24T17:27:28Z" user="Данил Мошарев" uid="10374805" lat="40.2012171" lon="44.5004105"/>
 <node id="12468493049" visible="true" version="1" changeset="160897672" timestamp="2025-01-02T09:09:28Z" user="Данил Мошарев" uid="10374805" lat="40.2012021" lon="44.5003741"/>
 <node id="12468493050" visible="true" version="2" changeset="161431561" timestamp="2025-01-16T19:38:16Z" user="Данил Мошарев" uid="10374805" lat="40.2013462" lon="44.5005671">
  <tag k="amenity" v="bench"/>
  <tag k="armrest" v="no"/>
  <tag k="backrest" v="yes"/>
 </node>
 <node id="12468493051" visible="true" version="1" changeset="160897672" timestamp="2025-01-02T09:09:28Z" user="Данил Мошарев" uid="10374805" lat="40.2013286" lon="44.5006935">
  <tag k="traffic_calming" v="bump"/>
 </node>
 <node id="12468493052" visible="true" version="1" changeset="160897672" timestamp="2025-01-02T09:09:28Z" user="Данил Мошарев" uid="10374805" lat="40.2013712" lon="44.5008500">
  <tag k="traffic_calming" v="cushion"/>
 </node>
 <node id="12507469114" visible="true" version="1" changeset="161428486" timestamp="2025-01-16T17:59:14Z" user="Данил Мошарев" uid="10374805" lat="40.2026271" lon="44.5014571"/>
 <node id="12507469115" visible="true" version="1" changeset="161428486" timestamp="2025-01-16T17:59:14Z" user="Данил Мошарев" uid="10374805" lat="40.2025752" lon="44.5013291"/>
 <node id="12507469116" visible="true" version="1" changeset="161428486" timestamp="2025-01-16T17:59:14Z" user="Данил Мошарев" uid="10374805" lat="40.2023947" lon="44.5008747"/>
 <node id="12507469117" visible="true" version="1" changeset="161428486" timestamp="2025-01-16T17:59:14Z" user="Данил Мошарев" uid="10374805" lat="40.2023636" lon="44.5008966"/>
 <node id="12507469118" visible="true" version="1" changeset="161428486" timestamp="2025-01-16T17:59:14Z" user="Данил Мошарев" uid="10374805" lat="40.2023997" lon="44.5009840"/>
 <node id="12507469119" visible="true" version="1" changeset="161428486" timestamp="2025-01-16T17:59:14Z" user="Данил Мошарев" uid="10374805" lat="40.2024307" lon="44.5009620"/>
 <node id="12507469120" visible="true" version="1" changeset="161428486" timestamp="2025-01-16T17:59:14Z" user="Данил Мошарев" uid="10374805" lat="40.2023264" lon="44.5008042"/>
 <node id="12507469121" visible="true" version="1" changeset="161428486" timestamp="2025-01-16T17:59:14Z" user="Данил Мошарев" uid="10374805" lat="40.2024651" lon="44.5010488"/>
 <node id="12507469122" visible="true" version="1" changeset="161428486" timestamp="2025-01-16T17:59:14Z" user="Данил Мошарев" uid="10374805" lat="40.2024328" lon="44.5010705"/>
 <node id="12507469123" visible="true" version="1" changeset="161428486" timestamp="2025-01-16T17:59:14Z" user="Данил Мошарев" uid="10374805" lat="40.2024562" lon="44.5011307"/>
 <node id="12507469124" visible="true" version="1" changeset="161428486" timestamp="2025-01-16T17:59:14Z" user="Данил Мошарев" uid="10374805" lat="40.2024886" lon="44.5011090"/>
 <node id="12507469125" visible="true" version="1" changeset="161428486" timestamp="2025-01-16T17:59:14Z" user="Данил Мошарев" uid="10374805" lat="40.2021637" lon="44.5005005"/>
 <node id="12507469126" visible="true" version="1" changeset="161428486" timestamp="2025-01-16T17:59:14Z" user="Данил Мошарев" uid="10374805" lat="40.2022999" lon="44.5003991"/>
 <node id="12507469127" visible="true" version="1" changeset="161428486" timestamp="2025-01-16T17:59:14Z" user="Данил Мошарев" uid="10374805" lat="40.2022195" lon="44.5004589">
  <tag k="barrier" v="lift_gate"/>
  <tag k="lift_gate:type" v="single"/>
 </node>
 <node id="12507469128" visible="true" version="1" changeset="161428486" timestamp="2025-01-16T17:59:14Z" user="Данил Мошарев" uid="10374805" lat="40.2023484" lon="44.5003620"/>
 <node id="12507469129" visible="true" version="1" changeset="161428486" timestamp="2025-01-16T17:59:14Z" user="Данил Мошарев" uid="10374805" lat="40.2023296" lon="44.5003107"/>
 <node id="12507469130" visible="true" version="1" changeset="161428486" timestamp="2025-01-16T17:59:14Z" user="Данил Мошарев" uid="10374805" lat="40.2023245" lon="44.5006938"/>
 <node id="12507469131" visible="true" version="1" changeset="161428486" timestamp="2025-01-16T17:59:14Z" user="Данил Мошарев" uid="10374805" lat="40.2022933" lon="44.5007177"/>
 <node id="12507469132" visible="true" version="1" changeset="161428486" timestamp="2025-01-16T17:59:14Z" user="Данил Мошарев" uid="10374805" lat="40.2022350" lon="44.5005876"/>
 <node id="12507469133" visible="true" version="1" changeset="161428486" timestamp="2025-01-16T17:59:14Z" user="Данил Мошарев" uid="10374805" lat="40.2022661" lon="44.5005637"/>
 <node id="12507626267" visible="true" version="1" changeset="161431561" timestamp="2025-01-16T19:38:16Z" user="Данил Мошарев" uid="10374805" lat="40.2015001" lon="44.5011683"/>
 <node id="12507626271" visible="true" version="1" changeset="161431561" timestamp="2025-01-16T19:38:16Z" user="Данил Мошарев" uid="10374805" lat="40.2015438" lon="44.5012771"/>
 <node id="12507626279" visible="true" version="1" changeset="161431561" timestamp="2025-01-16T19:38:16Z" user="Данил Мошарев" uid="10374805" lat="40.2014208" lon="44.5005924"/>
 <node id="12507626280" visible="true" version="1" changeset="161431561" timestamp="2025-01-16T19:38:16Z" user="Данил Мошарев" uid="10374805" lat="40.2013729" lon="44.5006242"/>
 <node id="12507626281" visible="true" version="1" changeset="161431561" timestamp="2025-01-16T19:38:16Z" user="Данил Мошарев" uid="10374805" lat="40.2013777" lon="44.5006582"/>
 <node id="12507626282" visible="true" version="1" changeset="161431561" timestamp="2025-01-16T19:38:16Z" user="Данил Мошарев" uid="10374805" lat="40.2013454" lon="44.5005795"/>
 <node id="12507626283" visible="true" version="1" changeset="161431561" timestamp="2025-01-16T19:38:16Z" user="Данил Мошарев" uid="10374805" lat="40.2013661" lon="44.5005650"/>
 <node id="12507626284" visible="true" version="1" changeset="161431561" timestamp="2025-01-16T19:38:16Z" user="Данил Мошарев" uid="10374805" lat="40.2013563" lon="44.5005605">
  <tag k="amenity" v="bench"/>
  <tag k="armrest" v="no"/>
  <tag k="backrest" v="yes"/>
 </node>
 <node id="12507626285" visible="true" version="1" changeset="161431561" timestamp="2025-01-16T19:38:16Z" user="Данил Мошарев" uid="10374805" lat="40.2015485" lon="44.5004864"/>
 <node id="12507626286" visible="true" version="1" changeset="161431561" timestamp="2025-01-16T19:38:16Z" user="Данил Мошарев" uid="10374805" lat="40.2016065" lon="44.5004456"/>
 <node id="12507626287" visible="true" version="1" changeset="161431561" timestamp="2025-01-16T19:38:16Z" user="Данил Мошарев" uid="10374805" lat="40.2015707" lon="44.5003585"/>
 <node id="12507626288" visible="true" version="1" changeset="161431561" timestamp="2025-01-16T19:38:16Z" user="Данил Мошарев" uid="10374805" lat="40.2015127" lon="44.5003994"/>
 <node id="12507626289" visible="true" version="1" changeset="161431561" timestamp="2025-01-16T19:38:16Z" user="Данил Мошарев" uid="10374805" lat="40.2014838" lon="44.5003940"/>
 <node id="12507626290" visible="true" version="1" changeset="161431561" timestamp="2025-01-16T19:38:16Z" user="Данил Мошарев" uid="10374805" lat="40.2016750" lon="44.5002406"/>
 <node id="12507626291" visible="true" version="1" changeset="161431561" timestamp="2025-01-16T19:38:16Z" user="Данил Мошарев" uid="10374805" lat="40.2017090" lon="44.5001670"/>
 <node id="12507626292" visible="true" version="1" changeset="161431561" timestamp="2025-01-16T19:38:16Z" user="Данил Мошарев" uid="10374805" lat="40.2014959" lon="44.5000853">
  <tag k="amenity" v="bench"/>
  <tag k="armrest" v="no"/>
  <tag k="backrest" v="yes"/>
  <tag k="material" v="wood"/>
 </node>
 <node id="12507626293" visible="true" version="2" changeset="161721744" timestamp="2025-01-24T17:27:28Z" user="Данил Мошарев" uid="10374805" lat="40.2014176" lon="44.5004998"/>
 <node id="12507626294" visible="true" version="1" changeset="161431561" timestamp="2025-01-16T19:38:16Z" user="Данил Мошарев" uid="10374805" lat="40.2014013" lon="44.5004625"/>
 <node id="12507626295" visible="true" version="1" changeset="161431561" timestamp="2025-01-16T19:38:16Z" user="Данил Мошарев" uid="10374805" lat="40.2014108" lon="44.5004554"/>
 <node id="12507626296" visible="true" version="1" changeset="161431561" timestamp="2025-01-16T19:38:16Z" user="Данил Мошарев" uid="10374805" lat="40.2013736" lon="44.5003569"/>
 <node id="12507626297" visible="true" version="1" changeset="161431561" timestamp="2025-01-16T19:38:16Z" user="Данил Мошарев" uid="10374805" lat="40.2013786" lon="44.5003539"/>
 <node id="12507626298" visible="true" version="1" changeset="161431561" timestamp="2025-01-16T19:38:16Z" user="Данил Мошарев" uid="10374805" lat="40.2013220" lon="44.5002204"/>
 <node id="12507626299" visible="true" version="1" changeset="161431561" timestamp="2025-01-16T19:38:16Z" user="Данил Мошарев" uid="10374805" lat="40.2012223" lon="44.5002898"/>
 <node id="12507626300" visible="true" version="1" changeset="161431561" timestamp="2025-01-16T19:38:16Z" user="Данил Мошарев" uid="10374805" lat="40.2012318" lon="44.5003124"/>
 <node id="12507626301" visible="true" version="1" changeset="161431561" timestamp="2025-01-16T19:38:16Z" user="Данил Мошарев" uid="10374805" lat="40.2011887" lon="44.5003414"/>
 <node id="12507626302" visible="true" version="2" changeset="161721744" timestamp="2025-01-24T17:27:28Z" user="Данил Мошарев" uid="10374805" lat="40.2013624" lon="44.5005400"/>
 <node id="12507626303" visible="true" version="1" changeset="161431561" timestamp="2025-01-16T19:38:16Z" user="Данил Мошарев" uid="10374805" lat="40.2013764" lon="44.5001824"/>
 <node id="12507626304" visible="true" version="1" changeset="161431561" timestamp="2025-01-16T19:38:16Z" user="Данил Мошарев" uid="10374805" lat="40.2014004" lon="44.5002447"/>
 <node id="12507626305" visible="true" version="1" changeset="161431561" timestamp="2025-01-16T19:38:16Z" user="Данил Мошарев" uid="10374805" lat="40.2013478" lon="44.5002813"/>
 <node id="12509548181" visible="true" version="1" changeset="161459569" timestamp="2025-01-17T15:10:20Z" user="VlIvYur" uid="345975" lat="40.2027675" lon="44.4980990">
  <tag k="amenity" v="payment_terminal"/>
  <tag k="brand" v="ԹելՍել"/>
  <tag k="brand:en" v="Telcell"/>
  <tag k="brand:hy" v="ԹելՍել"/>
  <tag k="brand:ru" v="Телселл"/>
  <tag k="brand:wikidata" v="Q117840236"/>
  <tag k="contact:facebook" v="TelcellArmenia"/>
  <tag k="contact:instagram" v="telcell_ojsc"/>
  <tag k="contact:linkedin" v="telcellarmenia"/>
  <tag k="contact:twitter" v="telcell_am"/>
  <tag k="contact:youtube" v="TelcellWallet"/>
  <tag k="covered" v="yes"/>
  <tag k="email" v="info@telcell.am"/>
  <tag k="location" v="wall"/>
  <tag k="opening_hours" v="24/7"/>
  <tag k="operator" v="Թել-Սել"/>
  <tag k="operator:en" v="Tel-Cell"/>
  <tag k="operator:hy" v="Թել-Սել"/>
  <tag k="operator:ref" v="02703102"/>
  <tag k="operator:ru" v="Тел-Селл"/>
  <tag k="payment:cash" v="only"/>
  <tag k="payment:coins" v="yes"/>
  <tag k="payment:notes" v="yes"/>
  <tag k="phone" v="+374 60 272222"/>
  <tag k="ref" v="16616"/>
  <tag k="website" v="https://telcell.am/"/>
 </node>
 <node id="12523284922" visible="true" version="1" changeset="161647357" timestamp="2025-01-22T17:44:01Z" user="Данил Мошарев" uid="10374805" lat="40.2027467" lon="44.5019174"/>
 <node id="12523284971" visible="true" version="1" changeset="161647357" timestamp="2025-01-22T17:44:01Z" user="Данил Мошарев" uid="10374805" lat="40.2026895" lon="44.5017787"/>
 <node id="12529673026" visible="true" version="1" changeset="161721158" timestamp="2025-01-24T17:11:48Z" user="Данил Мошарев" uid="10374805" lat="40.2030057" lon="44.5013147"/>
 <node id="12529711009" visible="true" version="1" changeset="161721744" timestamp="2025-01-24T17:27:28Z" user="Данил Мошарев" uid="10374805" lat="40.2012317" lon="44.5004460"/>
 <node id="12529711010" visible="true" version="1" changeset="161721744" timestamp="2025-01-24T17:27:28Z" user="Данил Мошарев" uid="10374805" lat="40.2012453" lon="44.5004367"/>
 <node id="12529711011" visible="true" version="1" changeset="161721744" timestamp="2025-01-24T17:27:28Z" user="Данил Мошарев" uid="10374805" lat="40.2012522" lon="44.5004521"/>
 <node id="12529711012" visible="true" version="1" changeset="161721744" timestamp="2025-01-24T17:27:28Z" user="Данил Мошарев" uid="10374805" lat="40.2012374" lon="44.5004617"/>
 <node id="12529711013" visible="true" version="1" changeset="161721744" timestamp="2025-01-24T17:27:28Z" user="Данил Мошарев" uid="10374805" lat="40.2013602" lon="44.5004846"/>
 <node id="12529711014" visible="true" version="1" changeset="161721744" timestamp="2025-01-24T17:27:28Z" user="Данил Мошарев" uid="10374805" lat="40.2013442" lon="44.5004964"/>
 <node id="12529711015" visible="true" version="1" changeset="161721744" timestamp="2025-01-24T17:27:28Z" user="Данил Мошарев" uid="10374805" lat="40.2012130" lon="44.5004704"/>
 <node id="12529711016" visible="true" version="1" changeset="161721744" timestamp="2025-01-24T17:27:28Z" user="Данил Мошарев" uid="10374805" lat="40.2013119" lon="44.5004032"/>
 <node id="12529711017" visible="true" version="1" changeset="161721744" timestamp="2025-01-24T17:27:28Z" user="Данил Мошарев" uid="10374805" lat="40.2013010" lon="44.5003767"/>
 <node id="12529711018" visible="true" version="1" changeset="161721744" timestamp="2025-01-24T17:27:28Z" user="Данил Мошарев" uid="10374805" lat="40.2013280" lon="44.5004443">
  <tag k="amenity" v="shelter"/>
  <tag k="shelter_type" v="gazebo"/>
 </node>
 <node id="12529711019" visible="true" version="1" changeset="161721744" timestamp="2025-01-24T17:27:28Z" user="Данил Мошарев" uid="10374805" lat="40.2013403" lon="44.5004748"/>
 <node id="12529711020" visible="true" version="1" changeset="161721744" timestamp="2025-01-24T17:27:28Z" user="Данил Мошарев" uid="10374805" lat="40.2013058" lon="44.5003687">
  <tag k="amenity" v="bench"/>
  <tag k="armrest" v="no"/>
  <tag k="backrest" v="yes"/>
  <tag k="material" v="wood"/>
 </node>
 <node id="12529711021" visible="true" version="1" changeset="161721744" timestamp="2025-01-24T17:27:28Z" user="Данил Мошарев" uid="10374805" lat="40.2013147" lon="44.5003891">
  <tag k="amenity" v="bench"/>
  <tag k="armrest" v="no"/>
  <tag k="backrest" v="yes"/>
  <tag k="material" v="wood"/>
 </node>
 <node id="12529711022" visible="true" version="1" changeset="161721744" timestamp="2025-01-24T17:27:28Z" user="Данил Мошарев" uid="10374805" lat="40.2013456" lon="44.5004645">
  <tag k="amenity" v="bench"/>
  <tag k="armrest" v="no"/>
  <tag k="backrest" v="yes"/>
  <tag k="material" v="wood"/>
 </node>
 <node id="12833586361" visible="true" version="1" changeset="166199999" timestamp="2025-05-13T12:23:00Z" user="DavidGalileo" uid="21605023" lat="40.2021593" lon="44.5010984">
  <tag k="access" v="yes"/>
  <tag k="check_date" v="2025-05-13"/>
  <tag k="playground" v="structure"/>
 </node>
 <node id="12833586363" visible="true" version="1" changeset="166199999" timestamp="2025-05-13T12:23:00Z" user="DavidGalileo" uid="21605023" lat="40.2021386" lon="44.5011352">
  <tag k="amenity" v="bench"/>
  <tag k="armrest" v="yes"/>
  <tag k="backrest" v="yes"/>
  <tag k="check_date" v="2025-05-13"/>
  <tag k="material" v="wood"/>
  <tag k="seats" v="3"/>
 </node>
 <node id="12833586364" visible="true" version="1" changeset="166199999" timestamp="2025-05-13T12:23:00Z" user="DavidGalileo" uid="21605023" lat="40.2023014" lon="44.5008871"/>
 <node id="12833586365" visible="true" version="1" changeset="166199999" timestamp="2025-05-13T12:23:00Z" user="DavidGalileo" uid="21605023" lat="40.2023721" lon="44.5010683"/>
 <node id="12833586366" visible="true" version="1" changeset="166199999" timestamp="2025-05-13T12:23:00Z" user="DavidGalileo" uid="21605023" lat="40.2019600" lon="44.5013440"/>
 <node id="12833586367" visible="true" version="1" changeset="166199999" timestamp="2025-05-13T12:23:00Z" user="DavidGalileo" uid="21605023" lat="40.2018892" lon="44.5011626"/>
 <node id="12869247711" visible="true" version="1" changeset="166841623" timestamp="2025-05-27T19:40:32Z" user="Данил Мошарев" uid="10374805" lat="40.2023071" lon="44.5011530">
  <tag k="amenity" v="drinking_water"/>
  <tag k="fee" v="no"/>
 </node>
 <node id="13108588308" visible="true" version="1" changeset="171223842" timestamp="2025-08-30T12:03:06Z" user="Данил Мошарев" uid="10374805" lat="40.2026349" lon="44.4994994">
  <tag k="amenity" v="drinking_water"/>
  <tag k="fee" v="no"/>
 </node>
 <node id="13240645439" visible="true" version="2" changeset="173446209" timestamp="2025-10-18T11:36:30Z" user="batyrmastyr" uid="5735399" lat="40.2015884" lon="44.4963442">
  <tag k="amenity" v="cafe"/>
  <tag k="check_date" v="2025-10-18"/>
  <tag k="cuisine" v="coffee_shop;breakfast;cake"/>
  <tag k="name" v="Omo"/>
  <tag k="opening_hours" v="09:00-23:30"/>
 </node>
 <way id="28322172" visible="true" version="9" changeset="153930032" timestamp="2024-07-14T13:09:29Z" user="Noktoborus" uid="540529">
  <nd ref="311047611"/>
  <nd ref="12053022876"/>
  <nd ref="12052948421"/>
  <nd ref="12052948424"/>
  <nd ref="311047612"/>
  <tag k="highway" v="service"/>
  <tag k="living_street" v="yes"/>
 </way>
 <way id="28323203" visible="true" version="5" changeset="153926870" timestamp="2024-07-14T11:48:26Z" user="Noktoborus" uid="540529">
  <nd ref="311047636"/>
  <nd ref="12052948422"/>
  <nd ref="12052948430"/>
  <nd ref="12052948428"/>
  <nd ref="311047637"/>
  <tag k="highway" v="service"/>
  <tag k="living_street" v="yes"/>
 </way>
 <way id="28323234" visible="true" version="13" changeset="160883080" timestamp="2025-01-01T19:49:02Z" user="Данил Мошарев" uid="10374805">
  <nd ref="12446969164"/>
  <nd ref="12391313171"/>
  <nd ref="12467431192"/>
  <nd ref="5027135585"/>
  <nd ref="3824803076"/>
  <tag k="highway" v="service"/>
  <tag k="living_street" v="yes"/>
  <tag k="parking:left" v="lane"/>
  <tag k="parking:left:orientation" v="parallel"/>
  <tag k="parking:right" v="no"/>
 </way>
 <way id="28324255" visible="true" version="12" changeset="161431561" timestamp="2025-01-16T19:38:16Z" user="Данил Мошарев" uid="10374805">
  <nd ref="311061741"/>
  <nd ref="12415606116"/>
  <nd ref="7657965072"/>
  <nd ref="12507626289"/>
  <nd ref="311061742"/>
  <tag k="highway" v="service"/>
  <tag k="living_street" v="yes"/>
  <tag k="smoothness" v="good"/>
  <tag k="surface" v="asphalt"/>
 </way>
 <way id="28324261" visible="true" version="9" changeset="148013786" timestamp="2024-02-28T13:32:21Z" user="Noktoborus" uid="540529">
  <nd ref="311061803"/>
  <nd ref="5027135602"/>
  <nd ref="4110471758"/>
  <tag k="highway" v="service"/>
  <tag k="living_street" v="yes"/>
  <tag k="smoothness" v="good"/>
  <tag k="surface" v="asphalt"/>
 </way>
 <way id="49643686" visible="true" version="5" changeset="137011763" timestamp="2023-06-06T12:00:37Z" user="ComfortVlad" uid="15396019">
  <nd ref="631198407"/>
  <nd ref="631198446"/>
  <nd ref="631198540"/>
  <nd ref="631198539"/>
  <nd ref="631198407"/>
  <tag k="addr:city" v="Երևան"/>
  <tag k="addr:country" v="AM"/>
  <tag k="addr:housenumber" v="21"/>
  <tag k="addr:postcode" v="0012"/>
  <tag k="addr:street" v="Վաղարշ Վաղարշյան փողոց"/>
  <tag k="building" v="yes"/>
  <tag k="building:levels" v="5"/>
 </way>
 <way id="49643687" visible="true" version="5" changeset="139817784" timestamp="2023-08-13T10:35:03Z" user="ComfortVlad" uid="15396019">
  <nd ref="631198493"/>
  <nd ref="631198602"/>
  <nd ref="631198468"/>
  <nd ref="631198466"/>
  <nd ref="631198493"/>
  <tag k="addr:city" v="Երևան"/>
  <tag k="addr:country" v="AM"/>
  <tag k="addr:housenumber" v="24/2"/>
  <tag k="addr:street" v="Վաղարշ Վաղարշյան փողոց"/>
  <tag k="building" v="apartments"/>
  <tag k="building:levels" v="9"/>
 </way>
 <way id="49643689" visible="true" version="6" changeset="143244636" timestamp="2023-10-28T06:49:17Z" user="sikmir" uid="373425">
  <nd ref="631198444"/>
  <nd ref="631198473"/>
  <nd ref="631198577"/>
  <nd ref="631198578"/>
  <nd ref="631198444"/>
  <tag k="addr:city" v="Երևան"/>
  <tag k="addr:country" v="AM"/>
  <tag k="addr:housenumber" v="24"/>
  <tag k="addr:postcode" v="0012"/>
  <tag k="addr:street" v="Վաղարշ Վաղարշյան փողոց"/>
  <tag k="building" v="apartments"/>
  <tag k="building:levels" v="5"/>
 </way>
 <way id="49643692" visible="true" version="10" changeset="155692555" timestamp="2024-08-24T11:59:53Z" user="VlIvYur" uid="345975">
  <nd ref="631198474"/>
  <nd ref="631198476"/>
  <nd ref="631198511"/>
  <nd ref="631198508"/>
  <nd ref="631198474"/>
  <tag k="addr:city" v="Երևան"/>
  <tag k="addr:country" v="AM"/>
  <tag k="addr:housenumber" v="17"/>
  <tag k="addr:postcode" v="0012"/>
  <tag k="addr:street" v="Կոմիտասի պողոտա"/>
  <tag k="building" v="apartments"/>
  <tag k="building:levels" v="5"/>
  <tag k="roof:levels" v="0"/>
  <tag k="roof:shape" v="gabled"/>
  <tag k="source:addr" v="survey"/>
 </way>
 <way id="49643693" visible="true" version="9" changeset="45359226" timestamp="2017-01-21T21:53:38Z" user="aslanosm" uid="2985213">
  <nd ref="631198302"/>
  <nd ref="631198284"/>
  <nd ref="631198323"/>
  <nd ref="631198325"/>
  <nd ref="631198305"/>
  <nd ref="631198303"/>
  <nd ref="4622594003"/>
  <nd ref="4622594002"/>
  <nd ref="631198302"/>
  <tag k="addr:city" v="Երևան"/>
  <tag k="addr:country" v="AM"/>
  <tag k="addr:housenumber" v="3"/>
  <tag k="addr:postcode" v="0033"/>
  <tag k="addr:street" v="Կոմիտասի պողոտա"/>
  <tag k="building" v="yes"/>
  <tag k="building:levels" v="5"/>
 </way>
 <way id="49643694" visible="true" version="4" changeset="45363714" timestamp="2017-01-22T06:04:18Z" user="aslanosm" uid="2985213">
  <nd ref="631198350"/>
  <nd ref="631198384"/>
  <nd ref="631198429"/>
  <nd ref="631198427"/>
  <nd ref="631198350"/>
  <tag k="addr:city" v="Երևան"/>
  <tag k="addr:country" v="AM"/>
  <tag k="addr:housenumber" v="9/1"/>
  <tag k="addr:postcode" v="0012"/>
  <tag k="addr:street" v="Կոմիտասի պողոտա"/>
  <tag k="building" v="yes"/>
  <tag k="building:levels" v="5"/>
 </way>
 <way id="49643695" visible="true" version="4" changeset="137563818" timestamp="2023-06-20T13:10:33Z" user="ComfortVlad" uid="15396019">
  <nd ref="631198390"/>
  <nd ref="631198388"/>
  <nd ref="631198386"/>
  <nd ref="631198431"/>
  <nd ref="631198390"/>
  <tag k="addr:city" v="Երևան"/>
  <tag k="addr:country" v="AM"/>
  <tag k="addr:housenumber" v="19/1"/>
  <tag k="addr:street" v="Վաղարշ Վաղարշյան փողոց"/>
  <tag k="building" v="yes"/>
  <tag k="building:levels" v="5"/>
 </way>
 <way id="49643696" visible="true" version="5" changeset="137280164" timestamp="2023-06-13T10:38:16Z" user="ComfortVlad" uid="15396019">
  <nd ref="631198408"/>
  <nd ref="631198448"/>
  <nd ref="631198437"/>
  <nd ref="631198433"/>
  <nd ref="631198408"/>
  <tag k="addr:city" v="Երևան"/>
  <tag k="addr:country" v="AM"/>
  <tag k="addr:housenumber" v="19"/>
  <tag k="addr:street" v="Վաղարշ Վաղարշյան փողոց"/>
  <tag k="building" v="yes"/>
  <tag k="building:levels" v="4"/>
 </way>
 <way id="49643697" visible="true" version="13" changeset="153927849" timestamp="2024-07-14T12:15:04Z" user="Noktoborus" uid="540529">
  <nd ref="12052987858"/>
  <nd ref="631198421"/>
  <nd ref="631198348"/>
  <nd ref="12052987859"/>
  <nd ref="12052987857"/>
  <nd ref="12052987858"/>
  <tag k="addr:city" v="Երևան"/>
  <tag k="addr:country" v="AM"/>
  <tag k="addr:housenumber" v="9"/>
  <tag k="addr:postcode" v="0012"/>
  <tag k="addr:street" v="Կոմիտասի պողոտա"/>
  <tag k="building" v="apartments"/>
  <tag k="building:levels" v="5"/>
 </way>
 <way id="49643699" visible="true" version="7" changeset="76660510" timestamp="2019-11-05T17:32:09Z" user="BigPastaDinner" uid="9202957">
  <nd ref="631198341"/>
  <nd ref="631198344"/>
  <nd ref="631198339"/>
  <nd ref="631198342"/>
  <nd ref="631198399"/>
  <nd ref="631198341"/>
  <tag k="addr:city" v="Երևան"/>
  <tag k="addr:country" v="AM"/>
  <tag k="addr:housenumber" v="7/3"/>
  <tag k="addr:postcode" v="0012"/>
  <tag k="addr:street" v="Կոմիտասի պողոտա"/>
  <tag k="building" v="yes"/>
  <tag k="building:levels" v="9"/>
 </way>
 <way id="49643701" visible="true" version="9" changeset="180082686" timestamp="2026-03-18T23:13:11Z" user="ks1v" uid="279214">
  <nd ref="631198310"/>
  <nd ref="631198311"/>
  <nd ref="631198334"/>
  <nd ref="631198328"/>
  <nd ref="631198310"/>
  <tag k="addr:city" v="Երևան"/>
  <tag k="addr:country" v="AM"/>
  <tag k="addr:housenumber" v="5Ա"/>
  <tag k="addr:postcode" v="0012"/>
  <tag k="addr:street" v="Կոմիտասի պողոտա"/>
  <tag k="building" v="yes"/>
  <tag k="building:levels" v="5"/>
 </way>
 <way id="49643702" visible="true" version="6" changeset="56849090" timestamp="2018-03-03T14:51:41Z" user="aslanosm" uid="2985213">
  <nd ref="631198330"/>
  <nd ref="631198335"/>
  <nd ref="631198355"/>
  <nd ref="631198351"/>
  <nd ref="631198330"/>
  <tag k="addr:city" v="Երևան"/>
  <tag k="addr:country" v="AM"/>
  <tag k="addr:housenumber" v="7/1"/>
  <tag k="addr:postcode" v="0012"/>
  <tag k="addr:street" v="Կոմիտասի պողոտա"/>
  <tag k="building" v="yes"/>
  <tag k="building:levels" v="5"/>
 </way>
 <way id="49643704" visible="true" version="8" changeset="141312016" timestamp="2023-09-15T16:57:05Z" user="VlIvYur" uid="345975">
  <nd ref="631198322"/>
  <nd ref="631198332"/>
  <nd ref="631198345"/>
  <nd ref="631198346"/>
  <nd ref="631198322"/>
  <tag k="addr:city" v="Երևան"/>
  <tag k="addr:country" v="AM"/>
  <tag k="addr:housenumber" v="7"/>
  <tag k="addr:postcode" v="0012"/>
  <tag k="addr:street" v="Կոմիտասի պողոտա"/>
  <tag k="building" v="apartments"/>
  <tag k="building:levels" v="5"/>
 </way>
 <way id="49643706" visible="true" version="5" changeset="137199218" timestamp="2023-06-11T10:36:42Z" user="ComfortVlad" uid="15396019">
  <nd ref="631198359"/>
  <nd ref="631198368"/>
  <nd ref="631198370"/>
  <nd ref="631198401"/>
  <nd ref="631198402"/>
  <nd ref="631198372"/>
  <nd ref="631198359"/>
  <tag k="addr:city" v="Երևան"/>
  <tag k="addr:country" v="AM"/>
  <tag k="addr:housenumber" v="12"/>
  <tag k="addr:postcode" v="0012"/>
  <tag k="addr:street" v="Արամ Խաչատրյանի փողոց"/>
  <tag k="building" v="yes"/>
  <tag k="building:levels" v="5"/>
 </way>
 <way id="49643707" visible="true" version="5" changeset="137199218" timestamp="2023-06-11T10:36:45Z" user="ComfortVlad" uid="15396019">
  <nd ref="631198410"/>
  <nd ref="631198411"/>
  <nd ref="631198414"/>
  <nd ref="631198409"/>
  <nd ref="631198410"/>
  <tag k="addr:city" v="Երևան"/>
  <tag k="addr:country" v="AM"/>
  <tag k="addr:housenumber" v="21/1"/>
  <tag k="addr:postcode" v="0033"/>
  <tag k="addr:street" v="Վաղարշ Վաղարշյան փողոց"/>
  <tag k="building" v="yes"/>
  <tag k="building:levels" v="5"/>
 </way>
 <way id="49643709" visible="true" version="7" changeset="137563824" timestamp="2023-06-20T13:10:39Z" user="ComfortVlad" uid="15396019">
  <nd ref="631198416"/>
  <nd ref="631198397"/>
  <nd ref="631198391"/>
  <nd ref="631198395"/>
  <nd ref="631198416"/>
  <tag k="addr:city" v="Երևան"/>
  <tag k="addr:country" v="AM"/>
  <tag k="addr:housenumber" v="7/2"/>
  <tag k="addr:postcode" v="0012"/>
  <tag k="addr:street" v="Կոմիտասի պողոտա"/>
  <tag k="building" v="yes"/>
  <tag k="building:levels" v="9"/>
 </way>
 <way id="49643710" visible="true" version="16" changeset="147347999" timestamp="2024-02-12T00:47:37Z" user="Arthur Ter-Grigoryan" uid="3013708">
  <nd ref="631198459"/>
  <nd ref="631198460"/>
  <nd ref="631198455"/>
  <nd ref="631198478"/>
  <nd ref="631198441"/>
  <nd ref="7658024989"/>
  <nd ref="631198449"/>
  <nd ref="631198451"/>
  <nd ref="631198457"/>
  <nd ref="631198459"/>
  <tag k="addr:city" v="Երևան"/>
  <tag k="addr:country" v="AM"/>
  <tag k="addr:housenumber" v="13"/>
  <tag k="addr:postcode" v="0012"/>
  <tag k="addr:street" v="Կոմիտասի պողոտա"/>
  <tag k="amenity" v="school"/>
  <tag k="building" v="yes"/>
  <tag k="building:levels" v="4"/>
  <tag k="email" v="shirvanzade21@yahoo.com"/>
  <tag k="name" v="Շիրվանզադեի անվան դպրոց թիվ 21"/>
  <tag k="name:en" v="School number 21 AFT. Shirvanzade"/>
  <tag k="name:hy" v="Շիրվանզադեի անվան դպրոց թիվ 21"/>
  <tag k="name:ru" v="Школа № 21 им. А. Ширванзаде"/>
  <tag k="phone" v="+374 10 22 31 10,+374 10 22 35 02"/>
  <tag k="roof:shape" v="hipped"/>
  <tag k="website" v="http://school21.safe.am"/>
 </way>
 <way id="49643711" visible="true" version="10" changeset="155692555" timestamp="2024-08-24T11:59:53Z" user="VlIvYur" uid="345975">
  <nd ref="631198480"/>
  <nd ref="631198486"/>
  <nd ref="631198490"/>
  <nd ref="11200729937"/>
  <nd ref="631198504"/>
  <nd ref="11200637235"/>
  <nd ref="631198506"/>
  <nd ref="11200637236"/>
  <nd ref="631198492"/>
  <nd ref="11200637232"/>
  <nd ref="631198488"/>
  <nd ref="631198482"/>
  <nd ref="12133698762"/>
  <nd ref="12133698761"/>
  <nd ref="631198480"/>
  <tag k="addr:city" v="Երևան"/>
  <tag k="addr:country" v="AM"/>
  <tag k="addr:housenumber" v="15"/>
  <tag k="addr:postcode" v="0012"/>
  <tag k="addr:street" v="Կոմիտասի պողոտա"/>
  <tag k="building" v="yes"/>
  <tag k="building:levels" v="18"/>
 </way>
 <way id="49643712" visible="true" version="10" changeset="155692555" timestamp="2024-08-24T11:59:53Z" user="VlIvYur" uid="345975">
  <nd ref="631198513"/>
  <nd ref="631198519"/>
  <nd ref="631198520"/>
  <nd ref="631198517"/>
  <nd ref="631198513"/>
  <tag k="addr:city" v="Երևան"/>
  <tag k="addr:country" v="AM"/>
  <tag k="addr:housenumber" v="19"/>
  <tag k="addr:postcode" v="0012"/>
  <tag k="addr:street" v="Կոմիտասի պողոտա"/>
  <tag k="building" v="apartments"/>
  <tag k="building:levels" v="4"/>
  <tag k="roof:levels" v="0"/>
  <tag k="roof:shape" v="gabled"/>
  <tag k="source:addr" v="survey"/>
 </way>
 <way id="49774740" visible="true" version="8" changeset="143439374" timestamp="2023-10-31T19:29:56Z" user="Arthur Ter-Grigoryan" uid="3013708">
  <nd ref="632426726"/>
  <nd ref="632426723"/>
  <nd ref="632426753"/>
  <nd ref="632426717"/>
  <nd ref="632426726"/>
  <tag k="addr:city" v="Երևան"/>
  <tag k="addr:country" v="AM"/>
  <tag k="addr:housenumber" v="18"/>
  <tag k="addr:postcode" v="0012"/>
  <tag k="addr:street" v="Վաղարշ Վաղարշյան փողոց"/>
  <tag k="building" v="apartments"/>
  <tag k="building:levels" v="5"/>
  <tag k="roof:levels" v="0"/>
  <tag k="roof:shape" v="hipped"/>
 </way>
 <way id="49774742" visible="true" version="8" changeset="160880583" timestamp="2025-01-01T18:46:16Z" user="Данил Мошарев" uid="10374805">
  <nd ref="632426728"/>
  <nd ref="632426760"/>
  <nd ref="632426761"/>
  <nd ref="12467335104"/>
  <nd ref="632426729"/>
  <nd ref="632426728"/>
  <tag k="addr:city" v="Երևան"/>
  <tag k="addr:country" v="AM"/>
  <tag k="addr:housenumber" v="20/1"/>
  <tag k="addr:postcode" v="0012"/>
  <tag k="addr:street" v="Վաղարշ Վաղարշյան փողոց"/>
  <tag k="building" v="apartments"/>
  <tag k="building:levels" v="5"/>
 </way>
 <way id="49774743" visible="true" version="7" changeset="87219071" timestamp="2020-06-27T06:41:23Z" user="aslanosm" uid="2985213">
  <nd ref="632426734"/>
  <nd ref="632426774"/>
  <nd ref="632426772"/>
  <nd ref="7657965068"/>
  <nd ref="632426771"/>
  <nd ref="632426734"/>
  <tag k="addr:city" v="Երևան"/>
  <tag k="addr:country" v="AM"/>
  <tag k="addr:housenumber" v="24"/>
  <tag k="addr:postcode" v="0012"/>
  <tag k="addr:street" v="Կոմիտասի պողոտա"/>
  <tag k="building" v="yes"/>
  <tag k="building:levels" v="9"/>
 </way>
 <way id="49774745" visible="true" version="10" changeset="180082686" timestamp="2026-03-18T23:12:38Z" user="ks1v" uid="279214">
  <nd ref="632426769"/>
  <nd ref="11070076006"/>
  <nd ref="11070047804"/>
  <nd ref="11070047803"/>
  <nd ref="11070076005"/>
  <nd ref="11070047802"/>
  <nd ref="11070047800"/>
  <nd ref="11070047799"/>
  <nd ref="11070047801"/>
  <nd ref="11070047798"/>
  <nd ref="11070047796"/>
  <nd ref="11070047795"/>
  <nd ref="11070047797"/>
  <nd ref="632426755"/>
  <nd ref="632426754"/>
  <nd ref="11070047794"/>
  <nd ref="11070047792"/>
  <nd ref="11070047791"/>
  <nd ref="11070047793"/>
  <nd ref="632426770"/>
  <nd ref="632426769"/>
  <tag k="addr:city" v="Երևան"/>
  <tag k="addr:country" v="AM"/>
  <tag k="addr:housenumber" v="18Ա"/>
  <tag k="addr:postcode" v="0012"/>
  <tag k="addr:street" v="Վաղարշ Վաղարշյան փողոց"/>
  <tag k="building" v="apartments"/>
  <tag k="building:levels" v="5"/>
 </way>
 <way id="49774746" visible="true" version="8" changeset="126996857" timestamp="2022-10-04T13:40:07Z" user="Arthur Ter-Grigoryan" uid="3013708">
  <nd ref="632426719"/>
  <nd ref="632426720"/>
  <nd ref="632426721"/>
  <nd ref="632426718"/>
  <nd ref="632426719"/>
  <tag k="addr:city" v="Երևան"/>
  <tag k="addr:country" v="AM"/>
  <tag k="addr:housenumber" v="15"/>
  <tag k="addr:postcode" v="0012"/>
  <tag k="addr:street" v="Վաղարշ Վաղարշյան փողոց"/>
  <tag k="building" v="apartments"/>
  <tag k="building:levels" v="5"/>
  <tag k="roof:shape" v="gabled"/>
 </way>
 <way id="49774747" visible="true" version="8" changeset="143315237" timestamp="2023-10-29T14:41:12Z" user="Arthur Ter-Grigoryan" uid="3013708">
  <nd ref="632426731"/>
  <nd ref="632426735"/>
  <nd ref="632426736"/>
  <nd ref="632426732"/>
  <nd ref="3415473224"/>
  <nd ref="632426731"/>
  <tag k="addr:city" v="Երևան"/>
  <tag k="addr:country" v="AM"/>
  <tag k="addr:housenumber" v="20"/>
  <tag k="addr:postcode" v="0012"/>
  <tag k="addr:street" v="Վաղարշ Վաղարշյան փողոց"/>
  <tag k="building" v="apartments"/>
  <tag k="building:levels" v="4"/>
  <tag k="roof:levels" v="0"/>
  <tag k="roof:shape" v="hipped"/>
 </way>
 <way id="49774750" visible="true" version="5" changeset="48236178" timestamp="2017-04-28T18:31:58Z" user="aslanosm" uid="2985213">
  <nd ref="632426745"/>
  <nd ref="632426748"/>
  <nd ref="632426746"/>
  <nd ref="632426747"/>
  <nd ref="632426745"/>
  <tag k="addr:city" v="Երևան"/>
  <tag k="addr:country" v="AM"/>
  <tag k="addr:housenumber" v="17"/>
  <tag k="addr:postcode" v="0012"/>
  <tag k="addr:street" v="Հրաչյա Քոչար փողոց"/>
  <tag k="building" v="yes"/>
  <tag k="building:levels" v="5"/>
 </way>
 <way id="49774751" visible="true" version="7" changeset="160068885" timestamp="2024-12-08T20:10:51Z" user="Данил Мошарев" uid="10374805">
  <nd ref="632426752"/>
  <nd ref="632426751"/>
  <nd ref="632426750"/>
  <nd ref="632426749"/>
  <nd ref="632426752"/>
  <tag k="addr:city" v="Երևան"/>
  <tag k="addr:country" v="AM"/>
  <tag k="addr:housenumber" v="19"/>
  <tag k="addr:postcode" v="0012"/>
  <tag k="addr:street" v="Հրաչյա Քոչար փողոց"/>
  <tag k="building" v="yes"/>
  <tag k="building:levels" v="5"/>
 </way>
 <way id="49774757" visible="true" version="8" changeset="176774967" timestamp="2026-01-03T10:05:31Z" user="VlIvYur" uid="345975">
  <nd ref="635138951"/>
  <nd ref="632426899"/>
  <nd ref="632426904"/>
  <nd ref="632426824"/>
  <nd ref="635138954"/>
  <nd ref="635138952"/>
  <nd ref="632426780"/>
  <nd ref="632426779"/>
  <nd ref="632426893"/>
  <nd ref="635138953"/>
  <nd ref="632426901"/>
  <nd ref="11070076011"/>
  <nd ref="632426884"/>
  <nd ref="635138951"/>
  <tag k="addr:city" v="Երևան"/>
  <tag k="addr:country" v="AM"/>
  <tag k="addr:housenumber" v="26"/>
  <tag k="addr:postcode" v="0012"/>
  <tag k="addr:street" v="Կոմիտասի պողոտա"/>
  <tag k="building" v="apartments"/>
  <tag k="building:levels" v="5"/>
  <tag k="source:addr" v="survey"/>
 </way>
 <way id="49774759" visible="true" version="7" changeset="140762414" timestamp="2023-09-03T14:50:46Z" user="Shenyavskiy" uid="10110172">
  <nd ref="632426781"/>
  <nd ref="632426848"/>
  <nd ref="632426762"/>
  <nd ref="632426763"/>
  <nd ref="632426781"/>
  <tag k="addr:city" v="Երևան"/>
  <tag k="addr:country" v="AM"/>
  <tag k="addr:housenumber" v="24/2"/>
  <tag k="addr:postcode" v="0012"/>
  <tag k="addr:street" v="Կոմիտասի պողոտա"/>
  <tag k="building" v="apartments"/>
  <tag k="building:levels" v="5"/>
 </way>
 <way id="49774760" visible="true" version="8" changeset="140762414" timestamp="2023-09-03T14:51:37Z" user="Shenyavskiy" uid="10110172">
  <nd ref="632426764"/>
  <nd ref="7657965080"/>
  <nd ref="7657965081"/>
  <nd ref="7657965083"/>
  <nd ref="7657965082"/>
  <nd ref="632426768"/>
  <nd ref="632426765"/>
  <nd ref="7658045185"/>
  <nd ref="7658045186"/>
  <nd ref="7658045187"/>
  <nd ref="7657965084"/>
  <nd ref="632426766"/>
  <nd ref="632426764"/>
  <tag k="addr:city" v="Երևան"/>
  <tag k="addr:country" v="AM"/>
  <tag k="addr:housenumber" v="24/1"/>
  <tag k="addr:postcode" v="0012"/>
  <tag k="addr:street" v="Կոմիտասի պողոտա"/>
  <tag k="building" v="apartments"/>
  <tag k="building:levels" v="5"/>
 </way>
 <way id="49774762" visible="true" version="8" changeset="160881140" timestamp="2025-01-01T18:56:41Z" user="Данил Мошарев" uid="10374805">
  <nd ref="632426796"/>
  <nd ref="632426784"/>
  <nd ref="632426798"/>
  <nd ref="632426786"/>
  <nd ref="12467338359"/>
  <nd ref="12467338360"/>
  <nd ref="632426777"/>
  <nd ref="632426778"/>
  <nd ref="12467338361"/>
  <nd ref="12467338362"/>
  <nd ref="632426776"/>
  <nd ref="632426803"/>
  <nd ref="632426783"/>
  <nd ref="632426822"/>
  <nd ref="12467338363"/>
  <nd ref="12467338364"/>
  <nd ref="632426815"/>
  <nd ref="632426782"/>
  <nd ref="12467338357"/>
  <nd ref="12467338358"/>
  <nd ref="632426791"/>
  <nd ref="632426789"/>
  <nd ref="632426788"/>
  <nd ref="632426787"/>
  <nd ref="632426796"/>
  <tag k="addr:city" v="Երևան"/>
  <tag k="addr:country" v="AM"/>
  <tag k="addr:housenumber" v="57"/>
  <tag k="addr:street" v="Գրիգոր Արծրունու փողոց"/>
  <tag k="building" v="kindergarten"/>
  <tag k="building:levels" v="4"/>
 </way>
 <way id="49841580" visible="true" version="22" changeset="153364719" timestamp="2024-06-30T11:28:15Z" user="Noktoborus" uid="540529">
  <nd ref="3139477726"/>
  <nd ref="5027135595"/>
  <nd ref="4622570055"/>
  <nd ref="311040594"/>
  <nd ref="311040592"/>
  <nd ref="11983499749"/>
  <nd ref="11983509232"/>
  <nd ref="2441302972"/>
  <nd ref="4642015785"/>
  <nd ref="311047612"/>
  <nd ref="2441302978"/>
  <nd ref="11983087866"/>
  <nd ref="2441302980"/>
  <nd ref="11983087857"/>
  <nd ref="11973573181"/>
  <nd ref="311047637"/>
  <tag k="highway" v="residential"/>
  <tag k="lane_markings" v="no"/>
  <tag k="maxspeed:type" v="AM:urban"/>
  <tag k="name" v="Գրիգոր Արծրունու փողոց"/>
  <tag k="name:en" v="Grigor Artsrunu street"/>
  <tag k="name:hy" v="Գրիգոր Արծրունու փողոց"/>
  <tag k="name:ru" v="улица Грикора Арцруни"/>
  <tag k="smoothness" v="good"/>
  <tag k="surface" v="asphalt"/>
 </way>
 <way id="49846998" visible="true" version="8" changeset="153928069" timestamp="2024-07-14T12:19:52Z" user="Noktoborus" uid="540529">
  <nd ref="11200637214"/>
  <nd ref="631198425"/>
  <nd ref="12052972067"/>
  <nd ref="12052938007"/>
  <nd ref="12052972068"/>
  <nd ref="12052987858"/>
  <nd ref="12052987857"/>
  <nd ref="12052987861"/>
  <nd ref="12052991269"/>
  <nd ref="12052938000"/>
  <nd ref="631198418"/>
  <nd ref="12052987862"/>
  <nd ref="12052987863"/>
  <nd ref="631198439"/>
  <nd ref="631198440"/>
  <nd ref="11200637214"/>
  <tag k="addr:city" v="Երևան"/>
  <tag k="addr:country" v="AM"/>
  <tag k="addr:housenumber" v="11"/>
  <tag k="addr:postcode" v="0012"/>
  <tag k="addr:street" v="Կոմիտասի պողոտա"/>
  <tag k="building" v="yes"/>
  <tag k="building:levels" v="5"/>
 </way>
 <way id="49846999" visible="true" version="5" changeset="77887119" timestamp="2019-12-03T15:12:09Z" user="Vasak87" uid="2564602">
  <nd ref="633353478"/>
  <nd ref="633353481"/>
  <nd ref="633353482"/>
  <nd ref="633353483"/>
  <nd ref="633353488"/>
  <nd ref="633353487"/>
  <nd ref="633353485"/>
  <nd ref="633353480"/>
  <nd ref="633353478"/>
  <tag k="addr:city" v="Երևան"/>
  <tag k="addr:country" v="AM"/>
  <tag k="addr:housenumber" v="5"/>
  <tag k="addr:postcode" v="0012"/>
  <tag k="addr:street" v="Կոմիտասի պողոտա"/>
  <tag k="building" v="yes"/>
 </way>
 <way id="49847000" visible="true" version="7" changeset="141438672" timestamp="2023-09-18T19:12:59Z" user="VlIvYur" uid="345975">
  <nd ref="633353490"/>
  <nd ref="633353491"/>
  <nd ref="633353493"/>
  <nd ref="5029952799"/>
  <nd ref="5029952800"/>
  <nd ref="11200637221"/>
  <nd ref="11200637222"/>
  <nd ref="5029952802"/>
  <nd ref="5029952801"/>
  <nd ref="633353495"/>
  <nd ref="633353490"/>
  <tag k="addr:city" v="Երևան"/>
  <tag k="addr:country" v="AM"/>
  <tag k="addr:housenumber" v="15/2"/>
  <tag k="addr:postcode" v="0012"/>
  <tag k="addr:street" v="Կոմիտասի պողոտա"/>
  <tag k="building" v="yes"/>
  <tag k="building:levels" v="7"/>
 </way>
 <way id="49863560" visible="true" version="3" changeset="141356900" timestamp="2023-09-16T19:46:09Z" user="SMkrtich" uid="10984999">
  <nd ref="633552429"/>
  <nd ref="633552432"/>
  <nd ref="633552431"/>
  <nd ref="633552430"/>
  <nd ref="633552429"/>
  <tag k="addr:city" v="Երևան"/>
  <tag k="addr:country" v="AM"/>
  <tag k="addr:housenumber" v="5"/>
  <tag k="addr:postcode" v="0012"/>
  <tag k="addr:street" v="Կոմիտասի պողոտա"/>
  <tag k="building" v="yes"/>
  <tag k="building:levels" v="8"/>
 </way>
 <way id="50003562" visible="true" version="4" changeset="16319913" timestamp="2013-05-28T07:33:54Z" user="DrDimedrol" uid="248521">
  <nd ref="635119564"/>
  <nd ref="635119563"/>
  <nd ref="635119562"/>
  <nd ref="635119568"/>
  <nd ref="635119564"/>
  <tag k="addr:city" v="Երևան"/>
  <tag k="addr:country" v="AM"/>
  <tag k="addr:housenumber" v="18"/>
  <tag k="addr:postcode" v="0012"/>
  <tag k="addr:street" v="Կոմիտասի պողոտա"/>
  <tag k="building" v="yes"/>
 </way>
 <way id="50003563" visible="true" version="6" changeset="152729768" timestamp="2024-06-15T16:41:19Z" user="Noktoborus" uid="540529">
  <nd ref="635119565"/>
  <nd ref="635119560"/>
  <nd ref="635119561"/>
  <nd ref="635119566"/>
  <nd ref="635119565"/>
  <tag k="addr:city" v="Երևան"/>
  <tag k="addr:country" v="AM"/>
  <tag k="addr:housenumber" v="15բ"/>
  <tag k="addr:postcode" v="0012"/>
  <tag k="addr:street" v="Գրիգոր Արծրունու փողոց"/>
  <tag k="building" v="yes"/>
  <tag k="building:levels" v="9"/>
 </way>
 <way id="50005041" visible="true" version="12" changeset="152706663" timestamp="2024-06-15T05:59:18Z" user="Noktoborus" uid="540529">
  <nd ref="11974927702"/>
  <nd ref="635138935"/>
  <nd ref="635138936"/>
  <nd ref="11974927716"/>
  <nd ref="11974927715"/>
  <nd ref="11974927714"/>
  <nd ref="11974927713"/>
  <nd ref="11974927712"/>
  <nd ref="11974927717"/>
  <nd ref="11974927718"/>
  <nd ref="11974927711"/>
  <nd ref="635138940"/>
  <nd ref="635138933"/>
  <nd ref="635138927"/>
  <nd ref="635138930"/>
  <nd ref="635138932"/>
 </way>
 <way id="50005042" visible="true" version="11" changeset="152662453" timestamp="2024-06-14T07:09:20Z" user="Noktoborus" uid="540529">
  <nd ref="635138944"/>
  <nd ref="11973573188"/>
  <nd ref="11973573193"/>
  <nd ref="11973573184"/>
  <nd ref="635138950"/>
  <nd ref="635138949"/>
  <nd ref="635138948"/>
  <nd ref="635138943"/>
  <nd ref="635138947"/>
  <nd ref="11980223463"/>
  <nd ref="11974927976"/>
  <nd ref="635138942"/>
  <nd ref="635138945"/>
  <nd ref="11973573194"/>
  <nd ref="11973573203"/>
  <nd ref="635138944"/>
  <tag k="addr:city" v="Երևան"/>
  <tag k="addr:country" v="AM"/>
  <tag k="addr:housenumber" v="20"/>
  <tag k="addr:postcode" v="0012"/>
  <tag k="addr:street" v="Կոմիտասի պողոտա"/>
  <tag k="addr:street:en" v="Komitas avenu"/>
  <tag k="building" v="yes"/>
  <tag k="building:levels" v="5"/>
 </way>
 <way id="117953360" visible="true" version="5" changeset="153926977" timestamp="2024-07-14T11:51:17Z" user="Noktoborus" uid="540529">
  <nd ref="1327731310"/>
  <nd ref="1327731116"/>
  <nd ref="12052926109"/>
  <nd ref="1327730826"/>
  <nd ref="1327731579"/>
  <nd ref="1327730684"/>
  <nd ref="1327731093"/>
  <nd ref="1327730981"/>
  <nd ref="1327731520"/>
  <nd ref="1327731310"/>
  <tag k="addr:city" v="Երևան"/>
  <tag k="addr:country" v="AM"/>
  <tag k="addr:housenumber" v="28"/>
  <tag k="addr:postcode" v="0012"/>
  <tag k="addr:street" v="Գրիգոր Արծրունու փողոց"/>
  <tag k="building" v="yes"/>
 </way>
 <way id="117960740" visible="true" version="6" changeset="160965389" timestamp="2025-01-03T20:27:07Z" user="VlIvYur" uid="345975">
  <nd ref="1327798403"/>
  <nd ref="1327798502"/>
  <nd ref="1327798920"/>
  <nd ref="1327798273"/>
  <nd ref="1327798403"/>
  <tag k="addr:city" v="Երևան"/>
  <tag k="addr:country" v="AM"/>
  <tag k="addr:housenumber" v="12"/>
  <tag k="addr:postcode" v="0033"/>
  <tag k="addr:street" v="Կոմիտասի պողոտա"/>
  <tag k="building" v="apartments"/>
 </way>
 <way id="117960748" visible="true" version="5" changeset="152746261" timestamp="2024-06-16T06:15:43Z" user="Noktoborus" uid="540529">
  <nd ref="1327798420"/>
  <nd ref="1327798284"/>
  <nd ref="11984880281"/>
  <nd ref="1327798701"/>
  <nd ref="1327798815"/>
  <nd ref="1327798420"/>
  <tag k="addr:city" v="Երևան"/>
  <tag k="addr:country" v="AM"/>
  <tag k="building" v="office"/>
  <tag k="building:levels" v="6"/>
 </way>
 <way id="117960750" visible="true" version="2" changeset="155692555" timestamp="2024-08-24T11:59:53Z" user="VlIvYur" uid="345975">
  <nd ref="1327798779"/>
  <nd ref="1327798201"/>
  <nd ref="1327798191"/>
  <nd ref="1327798716"/>
  <nd ref="1327798303"/>
  <nd ref="1327798438"/>
  <nd ref="1327798779"/>
  <tag k="building" v="garages"/>
 </way>
 <way id="117960758" visible="true" version="12" changeset="152746278" timestamp="2024-06-16T06:16:34Z" user="Noktoborus" uid="540529">
  <nd ref="1327798646"/>
  <nd ref="7657987157"/>
  <nd ref="1327798284"/>
  <nd ref="1327798420"/>
  <nd ref="11973573195"/>
  <nd ref="11973573205"/>
  <nd ref="11973573198"/>
  <nd ref="1327798758"/>
  <nd ref="1327798646"/>
  <tag k="addr:city" v="Երևան"/>
  <tag k="addr:country" v="AM"/>
  <tag k="addr:housenumber" v="17"/>
  <tag k="addr:postcode" v="0012"/>
  <tag k="addr:street" v="Վաղարշ Վաղարշյան փողոց"/>
  <tag k="building" v="yes"/>
  <tag k="building:levels" v="5"/>
 </way>
 <way id="117960810" visible="true" version="8" changeset="141586841" timestamp="2023-09-22T05:32:14Z" user="VlIvYur" uid="345975">
  <nd ref="1327798791"/>
  <nd ref="4642827402"/>
  <nd ref="1327798445"/>
  <nd ref="1327798558"/>
  <nd ref="1327798208"/>
  <nd ref="1327798791"/>
  <tag k="addr:city" v="Երևան"/>
  <tag k="addr:country" v="AM"/>
  <tag k="addr:housenumber" v="12/1"/>
  <tag k="addr:postcode" v="0033"/>
  <tag k="addr:street" v="Կոմիտասի պողոտա"/>
  <tag k="building" v="yes"/>
  <tag k="building:levels" v="10"/>
 </way>
 <way id="117960818" visible="true" version="10" changeset="157478528" timestamp="2024-10-04T21:28:10Z" user="VlIvYur" uid="345975">
  <nd ref="1327864651"/>
  <nd ref="1327798465"/>
  <nd ref="11982398096"/>
  <nd ref="1327798870"/>
  <nd ref="1327798327"/>
  <nd ref="1327798635"/>
  <nd ref="1327798617"/>
  <nd ref="1327798409"/>
  <nd ref="1327798858"/>
  <nd ref="1327798213"/>
  <nd ref="11982398098"/>
  <nd ref="11982398100"/>
  <nd ref="11982398099"/>
  <nd ref="1327864651"/>
  <tag k="addr:city" v="Երևան"/>
  <tag k="addr:country" v="AM"/>
  <tag k="addr:housenumber" v="16/1"/>
  <tag k="addr:postcode" v="0012"/>
  <tag k="addr:street" v="Կոմիտասի պողոտա"/>
  <tag k="building" v="retail"/>
  <tag k="building:levels" v="2"/>
  <tag k="roof:shape" v="flat"/>
  <tag k="source:addr" v="survey"/>
 </way>
 <way id="117967730" visible="true" version="8" changeset="143064732" timestamp="2023-10-24T13:13:43Z" user="Arthur Ter-Grigoryan" uid="3013708">
  <nd ref="1327864648"/>
  <nd ref="632426741"/>
  <nd ref="632426738"/>
  <nd ref="632426744"/>
  <nd ref="1327864647"/>
  <nd ref="632426742"/>
  <nd ref="632426743"/>
  <nd ref="632426737"/>
  <nd ref="1327864648"/>
  <tag k="addr:city" v="Երևան"/>
  <tag k="addr:country" v="AM"/>
  <tag k="addr:housenumber" v="22"/>
  <tag k="addr:postcode" v="0012"/>
  <tag k="addr:street" v="Կոմիտասի պողոտա"/>
  <tag k="addr:street:en" v="Komitas avenu"/>
  <tag k="building" v="apartments"/>
  <tag k="building:levels" v="5"/>
  <tag k="roof:levels" v="0"/>
  <tag k="roof:shape" v="hipped"/>
 </way>
 <way id="117967731" visible="true" version="9" changeset="146806957" timestamp="2024-01-29T06:46:44Z" user="LakeArendsee" uid="18064850">
  <nd ref="1327864652"/>
  <nd ref="7006316459"/>
  <nd ref="11563391186"/>
  <nd ref="2281257343"/>
  <nd ref="1327864653"/>
  <tag k="bicycle" v="yes"/>
  <tag k="foot" v="yes"/>
  <tag k="highway" v="residential"/>
  <tag k="maxspeed" v="60"/>
  <tag k="motor_vehicle" v="yes"/>
  <tag k="name" v="Վաղարշ Վաղարշյան փողոց փակուղի"/>
  <tag k="name:en" v="Vagharsh Vagharshyan street lane"/>
  <tag k="name:hy" v="Վաղարշ Վաղարշյան փողոց փակուղի"/>
  <tag k="name:ru" v="тупик Вагарша Вагаршяна"/>
  <tag k="surface" v="asphalt"/>
 </way>
 <way id="119497699" visible="true" version="5" changeset="152706873" timestamp="2024-06-15T06:11:14Z" user="Noktoborus" uid="540529">
  <nd ref="1342533494"/>
  <nd ref="1342533538"/>
  <nd ref="1342533601"/>
  <nd ref="1342533647"/>
  <nd ref="1342533456"/>
  <nd ref="1342533691"/>
  <nd ref="1342533700"/>
  <nd ref="1342533424"/>
  <nd ref="1342533604"/>
  <nd ref="1342533655"/>
  <nd ref="1342533652"/>
  <nd ref="1342533711"/>
  <nd ref="1342533418"/>
  <nd ref="1342533476"/>
  <nd ref="1342533520"/>
  <nd ref="1342533567"/>
  <nd ref="1342533629"/>
  <nd ref="1342533524"/>
  <nd ref="1342533458"/>
  <nd ref="1342533558"/>
  <nd ref="1342533580"/>
  <nd ref="1342533394"/>
  <nd ref="1342533689"/>
  <nd ref="1342533720"/>
  <nd ref="1342533452"/>
  <nd ref="1342533499"/>
  <nd ref="1342533541"/>
  <nd ref="1342533454"/>
  <nd ref="1342533494"/>
  <tag k="addr:city" v="Երևան"/>
  <tag k="addr:country" v="AM"/>
  <tag k="addr:housenumber" v="25"/>
  <tag k="addr:postcode" v="0012"/>
  <tag k="addr:street" v="Գրիգոր Արծրունու փողոց"/>
  <tag k="building" v="kindergarten"/>
  <tag k="building:levels" v="3"/>
 </way>
 <way id="189145307" visible="true" version="18" changeset="152734995" timestamp="2024-06-15T19:14:01Z" user="Noktoborus" uid="540529">
  <nd ref="4623076414"/>
  <nd ref="4623086138"/>
  <nd ref="11983679808"/>
  <tag k="highway" v="secondary"/>
  <tag k="lanes" v="3"/>
  <tag k="lit" v="yes"/>
  <tag k="maxspeed" v="60"/>
  <tag k="name" v="Վաղարշ Վաղարշյան փողոց"/>
  <tag k="name:en" v="Vagharsh Vagharshyan street"/>
  <tag k="name:hy" v="Վաղարշ Վաղարշյան փողոց"/>
  <tag k="name:ru" v="улица Вагарша Вагаршяна"/>
  <tag k="oneway" v="yes"/>
  <tag k="parking:left" v="no"/>
  <tag k="sidewalk:left" v="no"/>
  <tag k="sidewalk:right" v="separate"/>
  <tag k="smoothness" v="good"/>
  <tag k="surface" v="asphalt"/>
  <tag k="turn:lanes" v="left|through|through;right"/>
 </way>
 <way id="236056317" visible="true" version="9" changeset="153364675" timestamp="2024-06-30T11:28:08Z" user="Noktoborus" uid="540529">
  <nd ref="2441302972"/>
  <nd ref="4622570051"/>
  <nd ref="2441302973"/>
  <tag k="highway" v="service"/>
  <tag k="living_street" v="yes"/>
  <tag k="smoothness" v="good"/>
  <tag k="surface" v="asphalt"/>
 </way>
 <way id="350043282" visible="true" version="8" changeset="143581500" timestamp="2023-11-03T16:03:15Z" user="Noktoborus" uid="540529">
  <nd ref="3558021975"/>
  <nd ref="5026177413"/>
  <nd ref="3558021977"/>
  <nd ref="6928754037"/>
  <nd ref="6928754036"/>
  <nd ref="3558021972"/>
  <nd ref="6928754035"/>
  <nd ref="3558021979"/>
  <tag k="highway" v="service"/>
  <tag k="living_street" v="yes"/>
  <tag k="surface" v="asphalt"/>
 </way>
 <way id="380298731" visible="true" version="15" changeset="161647357" timestamp="2025-01-22T17:44:01Z" user="Данил Мошарев" uid="10374805">
  <nd ref="311047638"/>
  <nd ref="11668536569"/>
  <nd ref="5030320674"/>
  <nd ref="11983679802"/>
  <nd ref="7657965069"/>
  <nd ref="7657965061"/>
  <nd ref="311061741"/>
  <nd ref="12507469125"/>
  <nd ref="12391313173"/>
  <nd ref="7657965076"/>
  <nd ref="7657965078"/>
  <nd ref="12391313137"/>
  <nd ref="12391313135"/>
  <nd ref="12346405059"/>
  <nd ref="12523284971"/>
  <nd ref="12523284922"/>
  <nd ref="12405490228"/>
  <nd ref="311061546"/>
  <nd ref="12346405056"/>
  <nd ref="311061550"/>
  <nd ref="7630011906"/>
  <nd ref="311031315"/>
  <tag k="highway" v="residential"/>
  <tag k="maxspeed:type" v="AM:urban"/>
  <tag k="name" v="Գրիգոր Արծրունու փողոց"/>
  <tag k="name:en" v="Grigor Artsrunu street"/>
  <tag k="name:hy" v="Գրիգոր Արծրունու փողոց"/>
  <tag k="name:ru" v="улица Грикора Арцруни"/>
  <tag k="surface" v="asphalt"/>
 </way>
 <way id="380344430" visible="true" version="12" changeset="144837983" timestamp="2023-12-06T17:43:17Z" user="Алексей Чубуков" uid="5503027">
  <nd ref="3824795269"/>
  <nd ref="3824795268"/>
  <nd ref="5172553847"/>
  <nd ref="3824795276"/>
  <nd ref="4141883361"/>
  <tag k="bicycle" v="yes"/>
  <tag k="foot" v="no"/>
  <tag k="highway" v="primary"/>
  <tag k="lanes" v="3"/>
  <tag k="lit" v="yes"/>
  <tag k="maxspeed" v="60"/>
  <tag k="name" v="Կոմիտասի պողոտա"/>
  <tag k="name:en" v="Komitas avenue"/>
  <tag k="name:etymology:wikidata" v="Q351670"/>
  <tag k="name:hy" v="Կոմիտասի պողոտա"/>
  <tag k="name:ru" v="проспект Комитаса"/>
  <tag k="oneway" v="yes"/>
  <tag k="parking:left" v="no"/>
  <tag k="parking:right" v="lane"/>
  <tag k="parking:right:orientation" v="parallel"/>
  <tag k="sidewalk:left" v="no"/>
  <tag k="sidewalk:right" v="separate"/>
  <tag k="smoothness" v="good"/>
  <tag k="surface" v="asphalt"/>
  <tag k="trolley_wire" v="yes"/>
  <tag k="width" v="12.2"/>
 </way>
 <way id="380344432" visible="true" version="13" changeset="147961190" timestamp="2024-02-27T07:56:44Z" user="Vasak87" uid="2564602">
  <nd ref="1851148145"/>
  <nd ref="1342646263"/>
  <nd ref="4622616673"/>
  <nd ref="5172557456"/>
  <nd ref="4622616677"/>
  <nd ref="7657988684"/>
  <nd ref="11200637215"/>
  <nd ref="2912634530"/>
  <nd ref="11668441165"/>
  <nd ref="332046267"/>
  <tag k="bicycle" v="yes"/>
  <tag k="foot" v="no"/>
  <tag k="highway" v="primary"/>
  <tag k="lanes" v="3"/>
  <tag k="lit" v="yes"/>
  <tag k="maxspeed" v="60"/>
  <tag k="name" v="Կոմիտասի պողոտա"/>
  <tag k="name:en" v="Komitas avenue"/>
  <tag k="name:etymology:wikidata" v="Q351670"/>
  <tag k="name:hy" v="Կոմիտասի պողոտա"/>
  <tag k="name:ru" v="проспект Комитаса"/>
  <tag k="oneway" v="yes"/>
  <tag k="parking:left" v="no"/>
  <tag k="parking:right" v="lane"/>
  <tag k="parking:right:orientation" v="parallel"/>
  <tag k="sidewalk:left" v="no"/>
  <tag k="sidewalk:right" v="separate"/>
  <tag k="smoothness" v="good"/>
  <tag k="surface" v="asphalt"/>
  <tag k="trolley_wire" v="yes"/>
  <tag k="turn:lanes" v="through|through|right"/>
  <tag k="width" v="12.2"/>
 </way>
 <way id="380344433" visible="true" version="11" changeset="147961190" timestamp="2024-02-27T07:56:44Z" user="Vasak87" uid="2564602">
  <nd ref="3824803073"/>
  <nd ref="11668441166"/>
  <nd ref="3824803074"/>
  <nd ref="5172556100"/>
  <nd ref="3824803076"/>
  <nd ref="5030425037"/>
  <tag k="bicycle" v="yes"/>
  <tag k="foot" v="no"/>
  <tag k="highway" v="primary"/>
  <tag k="lanes" v="3"/>
  <tag k="lit" v="yes"/>
  <tag k="maxspeed" v="60"/>
  <tag k="name" v="Կոմիտասի պողոտա"/>
  <tag k="name:en" v="Komitas avenue"/>
  <tag k="name:etymology:wikidata" v="Q351670"/>
  <tag k="name:hy" v="Կոմիտասի պողոտա"/>
  <tag k="name:ru" v="проспект Комитаса"/>
  <tag k="oneway" v="yes"/>
  <tag k="parking:left" v="no"/>
  <tag k="parking:right" v="lane"/>
  <tag k="parking:right:orientation" v="parallel"/>
  <tag k="sidewalk:left" v="no"/>
  <tag k="sidewalk:right" v="separate"/>
  <tag k="smoothness" v="good"/>
  <tag k="surface" v="asphalt"/>
  <tag k="trolley_wire" v="yes"/>
  <tag k="width" v="12.2"/>
 </way>
 <way id="380344435" visible="true" version="15" changeset="144837983" timestamp="2023-12-06T17:43:17Z" user="Алексей Чубуков" uid="5503027">
  <nd ref="332046267"/>
  <nd ref="2912634529"/>
  <nd ref="5172556101"/>
  <nd ref="4623086124"/>
  <nd ref="7029046767"/>
  <tag k="bicycle" v="yes"/>
  <tag k="foot" v="no"/>
  <tag k="highway" v="primary"/>
  <tag k="lanes" v="3"/>
  <tag k="lanes:through" v="3"/>
  <tag k="lanes:turnleft" v="1"/>
  <tag k="lanes:turnright" v="1"/>
  <tag k="lit" v="yes"/>
  <tag k="maxspeed" v="60"/>
  <tag k="name" v="Կոմիտասի պողոտա"/>
  <tag k="name:en" v="Komitas avenue"/>
  <tag k="name:etymology:wikidata" v="Q351670"/>
  <tag k="name:hy" v="Կոմիտասի պողոտա"/>
  <tag k="name:ru" v="проспект Комитаса"/>
  <tag k="oneway" v="yes"/>
  <tag k="parking:left" v="no"/>
  <tag k="parking:right" v="lane"/>
  <tag k="parking:right:orientation" v="parallel"/>
  <tag k="sidewalk:left" v="no"/>
  <tag k="sidewalk:right" v="separate"/>
  <tag k="smoothness" v="good"/>
  <tag k="surface" v="asphalt"/>
  <tag k="trolley_wire" v="yes"/>
  <tag k="width" v="12.2"/>
 </way>
 <way id="380344439" visible="true" version="13" changeset="179604057" timestamp="2026-03-09T20:53:02Z" user="Arthur Ter-Grigoryan" uid="3013708">
  <nd ref="332046267"/>
  <nd ref="3824803073"/>
  <tag k="highway" v="secondary"/>
  <tag k="lane_markings" v="no"/>
  <tag k="lanes" v="3"/>
  <tag k="lit" v="yes"/>
  <tag k="maxspeed" v="60"/>
  <tag k="name" v="Վաղարշ Վաղարշյան փողոց"/>
  <tag k="name:en" v="Vagharsh Vagharshyan street"/>
  <tag k="name:hy" v="Վաղարշ Վաղարշյան փողոց"/>
  <tag k="name:ru" v="улица Вагарша Вагаршяна"/>
  <tag k="oneway" v="yes"/>
  <tag k="parking:both" v="no"/>
  <tag k="sidewalk:both" v="separate"/>
  <tag k="smoothness" v="good"/>
  <tag k="surface" v="asphalt"/>
  <tag k="turn:lanes" v="left|through|through"/>
  <tag k="width" v="6"/>
 </way>
 <way id="442242196" visible="true" version="2" changeset="71240162" timestamp="2019-06-14T05:55:32Z" user="aslanosm" uid="2985213">
  <nd ref="631198460"/>
  <nd ref="631198459"/>
  <nd ref="631198462"/>
  <nd ref="631198502"/>
  <nd ref="631198498"/>
  <nd ref="631198500"/>
  <nd ref="631198503"/>
  <nd ref="631198442"/>
  <nd ref="631198460"/>
  <tag k="addr:city" v="Երևան"/>
  <tag k="addr:country" v="AM"/>
  <tag k="addr:housenumber" v="24/14"/>
  <tag k="addr:postcode" v="0012"/>
  <tag k="addr:street" v="Վաղարշ Վաղարշյան փողոց"/>
  <tag k="amenity" v="music_school"/>
  <tag k="building" v="yes"/>
  <tag k="building:levels" v="4"/>
  <tag k="name" v="Ա․ Հեքիմյանի անվան երաժշտական դպրոց"/>
  <tag k="name:en" v="Music  Aft. A. Hekimyan"/>
  <tag k="name:hy" v="Ա․ Հեքիմյանի անվան երաժշտական դպրոց"/>
  <tag k="name:ru" v="Музыкальная школа им. А. Экимяна"/>
  <tag k="phone" v="+374 10 27 50 67"/>
 </way>
 <way id="467652513" visible="true" version="13" changeset="153364675" timestamp="2024-06-30T11:26:53Z" user="Noktoborus" uid="540529">
  <nd ref="2441302973"/>
  <nd ref="11977909591"/>
  <nd ref="4622570059"/>
  <nd ref="11990403921"/>
  <nd ref="4622570063"/>
  <nd ref="11563394813"/>
  <nd ref="11972545501"/>
  <nd ref="11972545502"/>
  <nd ref="11563394804"/>
  <nd ref="11974927975"/>
  <nd ref="4622570060"/>
  <tag k="highway" v="service"/>
  <tag k="living_street" v="yes"/>
  <tag k="smoothness" v="good"/>
  <tag k="surface" v="asphalt"/>
 </way>
 <way id="467652514" visible="true" version="5" changeset="153364675" timestamp="2024-06-30T11:26:54Z" user="Noktoborus" uid="540529">
  <nd ref="4622570059"/>
  <nd ref="4622570061"/>
  <nd ref="4622570062"/>
  <nd ref="4622570063"/>
  <tag k="highway" v="service"/>
  <tag k="living_street" v="yes"/>
  <tag k="smoothness" v="good"/>
  <tag k="surface" v="asphalt"/>
 </way>
 <way id="467652515" visible="true" version="12" changeset="152735155" timestamp="2024-06-15T19:18:51Z" user="Noktoborus" uid="540529">
  <nd ref="11983580662"/>
  <nd ref="4622570065"/>
  <tag k="highway" v="secondary"/>
  <tag k="lanes" v="2"/>
  <tag k="lit" v="yes"/>
  <tag k="maxspeed" v="60"/>
  <tag k="name" v="Վաղարշ Վաղարշյան փողոց"/>
  <tag k="name:en" v="Vagharsh Vagharshyan street"/>
  <tag k="name:hy" v="Վաղարշ Վաղարշյան փողոց"/>
  <tag k="name:ru" v="улица Вагарша Вагаршяна"/>
  <tag k="oneway" v="yes"/>
  <tag k="parking:left" v="no"/>
  <tag k="parking:right" v="lane"/>
  <tag k="parking:right:orientation" v="parallel"/>
  <tag k="sidewalk:both" v="separate"/>
  <tag k="smoothness" v="good"/>
  <tag k="surface" v="asphalt"/>
 </way>
 <way id="467654740" visible="true" version="4" changeset="143581500" timestamp="2023-11-03T16:03:15Z" user="Noktoborus" uid="540529">
  <nd ref="4622594007"/>
  <nd ref="4622594006"/>
  <nd ref="4622594008"/>
  <tag k="highway" v="service"/>
  <tag k="living_street" v="yes"/>
  <tag k="surface" v="asphalt"/>
 </way>
 <way id="467656783" visible="true" version="6" changeset="142510987" timestamp="2023-10-13T08:09:24Z" user="Noktoborus" uid="540529">
  <nd ref="4622616675"/>
  <nd ref="4622616676"/>
  <nd ref="7657988683"/>
  <nd ref="5026177403"/>
  <nd ref="4622616677"/>
  <tag k="highway" v="service"/>
  <tag k="living_street" v="yes"/>
  <tag k="surface" v="asphalt"/>
 </way>
 <way id="467711489" visible="true" version="5" changeset="143581500" timestamp="2023-11-03T16:03:15Z" user="Noktoborus" uid="540529">
  <nd ref="4623076414"/>
  <nd ref="5030298858"/>
  <nd ref="4623076418"/>
  <nd ref="4623076415"/>
  <nd ref="4623076416"/>
  <nd ref="4623076417"/>
  <nd ref="11310042308"/>
  <tag k="highway" v="service"/>
  <tag k="living_street" v="yes"/>
  <tag k="surface" v="asphalt"/>
 </way>
 <way id="467711490" visible="true" version="5" changeset="143581500" timestamp="2023-11-03T16:03:15Z" user="Noktoborus" uid="540529">
  <nd ref="4623086140"/>
  <nd ref="4623076418"/>
  <nd ref="4623076419"/>
  <tag k="highway" v="service"/>
  <tag k="living_street" v="yes"/>
 </way>
 <way id="467712413" visible="true" version="7" changeset="153926484" timestamp="2024-07-14T11:35:13Z" user="Noktoborus" uid="540529">
  <nd ref="4623086124"/>
  <nd ref="5026177406"/>
  <nd ref="12052937999"/>
  <nd ref="4623086125"/>
  <nd ref="4623086128"/>
  <nd ref="4623086132"/>
  <nd ref="4623086126"/>
  <nd ref="11310042325"/>
  <nd ref="4623086127"/>
  <tag k="highway" v="service"/>
  <tag k="living_street" v="yes"/>
  <tag k="surface" v="asphalt"/>
 </way>
 <way id="467712414" visible="true" version="6" changeset="143581500" timestamp="2023-11-03T16:03:15Z" user="Noktoborus" uid="540529">
  <nd ref="4623086128"/>
  <nd ref="4623086130"/>
  <nd ref="11310042287"/>
  <nd ref="4623086131"/>
  <tag k="highway" v="service"/>
  <tag k="living_street" v="yes"/>
  <tag k="surface" v="asphalt"/>
 </way>
 <way id="467712415" visible="true" version="5" changeset="143581500" timestamp="2023-11-03T16:03:15Z" user="Noktoborus" uid="540529">
  <nd ref="4623086132"/>
  <nd ref="4623086133"/>
  <nd ref="4623086134"/>
  <nd ref="4623086135"/>
  <nd ref="4623086136"/>
  <nd ref="4623086137"/>
  <tag k="highway" v="service"/>
  <tag k="living_street" v="yes"/>
  <tag k="surface" v="asphalt"/>
 </way>
 <way id="467712416" visible="true" version="6" changeset="143581500" timestamp="2023-11-03T16:03:15Z" user="Noktoborus" uid="540529">
  <nd ref="4623086139"/>
  <nd ref="11310042288"/>
  <nd ref="4623086140"/>
  <tag k="highway" v="service"/>
  <tag k="living_street" v="yes"/>
  <tag k="surface" v="asphalt"/>
 </way>
 <way id="467712417" visible="true" version="2" changeset="143581500" timestamp="2023-11-03T16:03:15Z" user="Noktoborus" uid="540529">
  <nd ref="4623086141"/>
  <nd ref="4623086142"/>
  <nd ref="4623086143"/>
  <nd ref="4623086144"/>
  <nd ref="4623086141"/>
  <tag k="building" v="garages"/>
  <tag k="building:levels" v="1"/>
 </way>
 <way id="469946147" visible="true" version="4" changeset="152811603" timestamp="2024-06-17T16:51:33Z" user="Noktoborus" uid="540529">
  <nd ref="4642015785"/>
  <nd ref="11987884894"/>
  <nd ref="11987884900"/>
  <nd ref="11987884897"/>
  <nd ref="4642015786"/>
  <tag k="highway" v="service"/>
  <tag k="living_street" v="yes"/>
 </way>
 <way id="514942362" visible="true" version="6" changeset="161038885" timestamp="2025-01-05T22:48:40Z" user="VlIvYur" uid="345975">
  <nd ref="5029952796"/>
  <nd ref="3824795277"/>
  <nd ref="2912634529"/>
  <nd ref="5026177405"/>
  <tag k="crossing" v="traffic_signals"/>
  <tag k="crossing:markings" v="zebra"/>
  <tag k="footway" v="crossing"/>
  <tag k="highway" v="footway"/>
  <tag k="surface" v="asphalt"/>
 </way>
 <way id="514942363" visible="true" version="9" changeset="161038885" timestamp="2025-01-05T22:48:40Z" user="VlIvYur" uid="345975">
  <nd ref="12467443211"/>
  <nd ref="3824803074"/>
  <nd ref="2912634530"/>
  <nd ref="5029952798"/>
  <tag k="crossing" v="traffic_signals"/>
  <tag k="crossing:markings" v="zebra"/>
  <tag k="footway" v="crossing"/>
  <tag k="highway" v="footway"/>
  <tag k="lit" v="yes"/>
  <tag k="smoothness" v="excellent"/>
  <tag k="surface" v="asphalt"/>
 </way>
 <way id="514991226" visible="true" version="5" changeset="152734995" timestamp="2024-06-15T19:14:01Z" user="Noktoborus" uid="540529">
  <nd ref="11983679806"/>
  <nd ref="11983679798"/>
  <tag k="footway" v="sidewalk"/>
  <tag k="highway" v="footway"/>
  <tag k="lit" v="yes"/>
  <tag k="smoothness" v="good"/>
  <tag k="surface" v="asphalt"/>
 </way>
 <way id="514991227" visible="true" version="11" changeset="161038885" timestamp="2025-01-05T22:48:40Z" user="VlIvYur" uid="345975">
  <nd ref="5030320676"/>
  <nd ref="11668441167"/>
  <nd ref="2912634528"/>
  <nd ref="5030320677"/>
  <tag k="crossing" v="traffic_signals"/>
  <tag k="crossing:markings" v="zebra"/>
  <tag k="footway" v="crossing"/>
  <tag k="highway" v="footway"/>
  <tag k="lit" v="yes"/>
  <tag k="smoothness" v="good"/>
  <tag k="surface" v="asphalt"/>
 </way>
 <way id="514991228" visible="true" version="19" changeset="160965389" timestamp="2025-01-03T20:27:07Z" user="VlIvYur" uid="345975">
  <nd ref="5029952796"/>
  <nd ref="11974927973"/>
  <nd ref="11972545507"/>
  <nd ref="11974927998"/>
  <nd ref="5027135586"/>
  <nd ref="11977909590"/>
  <nd ref="11974927977"/>
  <nd ref="5027135587"/>
  <nd ref="5027135589"/>
  <nd ref="5027135588"/>
  <nd ref="6852270188"/>
  <nd ref="5027135591"/>
  <nd ref="5027135592"/>
  <nd ref="5027135593"/>
  <tag k="footway" v="sidewalk"/>
  <tag k="highway" v="footway"/>
  <tag k="lit" v="yes"/>
  <tag k="smoothness" v="good"/>
  <tag k="surface" v="asphalt"/>
 </way>
 <way id="514991229" visible="true" version="6" changeset="152734995" timestamp="2024-06-15T19:14:01Z" user="Noktoborus" uid="540529">
  <nd ref="5029952796"/>
  <nd ref="5030320677"/>
  <nd ref="5030320678"/>
  <nd ref="5030320679"/>
  <nd ref="11983088613"/>
  <nd ref="11983679799"/>
  <tag k="footway" v="sidewalk"/>
  <tag k="highway" v="footway"/>
  <tag k="lit" v="yes"/>
  <tag k="surface" v="asphalt"/>
 </way>
 <way id="514993734" visible="true" version="11" changeset="165124020" timestamp="2025-04-18T17:46:47Z" user="Kandratt" uid="17793573">
  <nd ref="5026177405"/>
  <nd ref="12052998197"/>
  <nd ref="5026177406"/>
  <nd ref="7029046768"/>
  <nd ref="5026177407"/>
  <nd ref="5027135590"/>
  <tag k="footway" v="sidewalk"/>
  <tag k="highway" v="footway"/>
  <tag k="lit" v="yes"/>
  <tag k="surface" v="asphalt"/>
 </way>
 <way id="514993737" visible="true" version="10" changeset="161038885" timestamp="2025-01-05T22:48:40Z" user="VlIvYur" uid="345975">
  <nd ref="7006316457"/>
  <nd ref="7006316455"/>
  <nd ref="2912634531"/>
  <nd ref="5030298856"/>
  <tag k="crossing" v="traffic_signals"/>
  <tag k="crossing:markings" v="zebra"/>
  <tag k="footway" v="crossing"/>
  <tag k="highway" v="footway"/>
  <tag k="lit" v="yes"/>
  <tag k="smoothness" v="good"/>
  <tag k="surface" v="asphalt"/>
 </way>
 <way id="514993740" visible="true" version="6" changeset="155692555" timestamp="2024-08-24T11:59:53Z" user="VlIvYur" uid="345975">
  <nd ref="5026177405"/>
  <nd ref="5030298855"/>
  <nd ref="5030298856"/>
  <nd ref="5030298857"/>
  <nd ref="5030298858"/>
  <nd ref="12133698767"/>
  <nd ref="7658024994"/>
  <tag k="footway" v="sidewalk"/>
  <tag k="highway" v="footway"/>
  <tag k="surface" v="asphalt"/>
 </way>
 <way id="515003998" visible="true" version="12" changeset="160117341" timestamp="2024-12-10T07:07:19Z" user="Данил Мошарев" uid="10374805">
  <nd ref="5030425037"/>
  <nd ref="11983712696"/>
  <nd ref="3824803077"/>
  <nd ref="3824852657"/>
  <tag k="bicycle" v="yes"/>
  <tag k="foot" v="no"/>
  <tag k="highway" v="primary"/>
  <tag k="lanes" v="4"/>
  <tag k="lit" v="yes"/>
  <tag k="maxspeed" v="60"/>
  <tag k="name" v="Կոմիտասի պողոտա"/>
  <tag k="name:en" v="Komitas avenue"/>
  <tag k="name:etymology:wikidata" v="Q351670"/>
  <tag k="name:hy" v="Կոմիտասի պողոտա"/>
  <tag k="name:ru" v="проспект Комитаса"/>
  <tag k="oneway" v="yes"/>
  <tag k="parking:left" v="no"/>
  <tag k="parking:right" v="lane"/>
  <tag k="parking:right:orientation" v="parallel"/>
  <tag k="sidewalk:left" v="no"/>
  <tag k="sidewalk:right" v="separate"/>
  <tag k="smoothness" v="good"/>
  <tag k="surface" v="asphalt"/>
  <tag k="trolley_wire" v="yes"/>
  <tag k="turn:lanes" v="left|through|through|through;right"/>
  <tag k="width" v="12.2"/>
 </way>
 <way id="515003999" visible="true" version="11" changeset="144837983" timestamp="2023-12-06T17:43:17Z" user="Алексей Чубуков" uid="5503027">
  <nd ref="7029046767"/>
  <nd ref="5172553846"/>
  <nd ref="11282037249"/>
  <nd ref="2912656000"/>
  <nd ref="4742818243"/>
  <tag k="bicycle" v="yes"/>
  <tag k="foot" v="no"/>
  <tag k="highway" v="primary"/>
  <tag k="lanes" v="4"/>
  <tag k="lanes:through" v="3"/>
  <tag k="lanes:turnleft" v="1"/>
  <tag k="lanes:turnright" v="1"/>
  <tag k="lit" v="yes"/>
  <tag k="maxspeed" v="60"/>
  <tag k="name" v="Կոմիտասի պողոտա"/>
  <tag k="name:en" v="Komitas avenue"/>
  <tag k="name:etymology:wikidata" v="Q351670"/>
  <tag k="name:hy" v="Կոմիտասի պողոտա"/>
  <tag k="name:ru" v="проспект Комитаса"/>
  <tag k="oneway" v="yes"/>
  <tag k="parking:left" v="no"/>
  <tag k="parking:right" v="lane"/>
  <tag k="parking:right:orientation" v="parallel"/>
  <tag k="sidewalk:left" v="no"/>
  <tag k="sidewalk:right" v="separate"/>
  <tag k="smoothness" v="good"/>
  <tag k="surface" v="asphalt"/>
  <tag k="trolley_wire" v="yes"/>
  <tag k="turn:lanes" v="left|through|through|through;right"/>
  <tag k="width" v="12.2"/>
 </way>
 <way id="515004000" visible="true" version="11" changeset="152551079" timestamp="2024-06-11T16:22:26Z" user="Noktoborus" uid="540529">
  <nd ref="4141883361"/>
  <nd ref="11972545497"/>
  <nd ref="11200637217"/>
  <nd ref="3824795277"/>
  <nd ref="3824803073"/>
  <tag k="bicycle" v="yes"/>
  <tag k="foot" v="no"/>
  <tag k="highway" v="primary"/>
  <tag k="lanes" v="4"/>
  <tag k="lit" v="yes"/>
  <tag k="maxspeed" v="60"/>
  <tag k="name" v="Կոմիտասի պողոտա"/>
  <tag k="name:en" v="Komitas avenue"/>
  <tag k="name:etymology:wikidata" v="Q351670"/>
  <tag k="name:hy" v="Կոմիտասի պողոտա"/>
  <tag k="name:ru" v="проспект Комитаса"/>
  <tag k="oneway" v="yes"/>
  <tag k="parking:left" v="no"/>
  <tag k="parking:right" v="lane"/>
  <tag k="parking:right:orientation" v="parallel"/>
  <tag k="sidewalk:left" v="no"/>
  <tag k="sidewalk:right" v="separate"/>
  <tag k="smoothness" v="good"/>
  <tag k="surface" v="asphalt"/>
  <tag k="trolley_wire" v="yes"/>
  <tag k="turn:lanes" v="left|through|through|through;right"/>
  <tag k="width" v="12.2"/>
 </way>
 <way id="533153977" visible="true" version="10" changeset="172748862" timestamp="2025-10-02T13:18:40Z" user="SMkrtich" uid="10984999">
  <nd ref="4622570065"/>
  <nd ref="311047638"/>
  <nd ref="11983679817"/>
  <tag k="highway" v="secondary"/>
  <tag k="lanes" v="2"/>
  <tag k="lit" v="yes"/>
  <tag k="maxspeed" v="60"/>
  <tag k="name" v="Վաղարշ Վաղարշյան փողոց"/>
  <tag k="name:en" v="Vagharsh Vagharshyan street"/>
  <tag k="name:hy" v="Վաղարշ Վաղարշյան փողոց"/>
  <tag k="name:ru" v="улица Вагарша Вагаршяна"/>
  <tag k="oneway" v="yes"/>
  <tag k="parking:left" v="no"/>
  <tag k="parking:right" v="lane"/>
  <tag k="parking:right:orientation" v="parallel"/>
  <tag k="sidewalk:left" v="no"/>
  <tag k="sidewalk:right" v="separate"/>
  <tag k="smoothness" v="good"/>
  <tag k="surface" v="asphalt"/>
 </way>
 <way id="554841734" visible="true" version="5" changeset="142413818" timestamp="2023-10-10T23:06:35Z" user="SMkrtich" uid="10984999">
  <nd ref="5354337243"/>
  <nd ref="5354337244"/>
  <nd ref="5354337245"/>
  <nd ref="5354337246"/>
  <nd ref="5354337243"/>
  <tag k="addr:city" v="Երևան"/>
  <tag k="addr:country" v="AM"/>
  <tag k="addr:housenumber" v="72"/>
  <tag k="addr:postcode" v="0012"/>
  <tag k="addr:street" v="Վաղարշ Վաղարշյան փողոց փակուղի"/>
  <tag k="building" v="house"/>
  <tag k="building:levels" v="3"/>
 </way>
 <way id="554842741" visible="true" version="4" changeset="141356900" timestamp="2023-09-16T19:46:11Z" user="SMkrtich" uid="10984999">
  <nd ref="5354345691"/>
  <nd ref="5354345692"/>
  <nd ref="5354345693"/>
  <nd ref="5354345694"/>
  <nd ref="5354345691"/>
  <tag k="addr:city" v="Երևան"/>
  <tag k="addr:country" v="AM"/>
  <tag k="addr:housenumber" v="24/6"/>
  <tag k="addr:street" v="Վաղարշ Վաղարշյան փողոց"/>
  <tag k="building" v="apartments"/>
  <tag k="building:levels" v="16"/>
 </way>
 <way id="740023274" visible="true" version="4" changeset="153926484" timestamp="2024-07-14T11:35:13Z" user="Noktoborus" uid="540529">
  <nd ref="6928754044"/>
  <nd ref="4623086125"/>
  <nd ref="12052938002"/>
  <nd ref="12052937996"/>
  <nd ref="4623086139"/>
  <tag k="highway" v="service"/>
  <tag k="living_street" v="yes"/>
 </way>
 <way id="742256829" visible="true" version="1" changeset="76660510" timestamp="2019-11-05T17:32:09Z" user="BigPastaDinner" uid="9202957">
  <nd ref="6949061421"/>
  <nd ref="6949061420"/>
  <nd ref="6949061419"/>
  <nd ref="6949061418"/>
  <nd ref="6949061421"/>
  <tag k="building" v="yes"/>
 </way>
 <way id="742256835" visible="true" version="1" changeset="76660510" timestamp="2019-11-05T17:32:09Z" user="BigPastaDinner" uid="9202957">
  <nd ref="6949061444"/>
  <nd ref="6949061441"/>
  <nd ref="6949061442"/>
  <nd ref="6949061443"/>
  <nd ref="6949061444"/>
  <tag k="building" v="yes"/>
 </way>
 <way id="743778401" visible="true" version="1" changeset="76860606" timestamp="2019-11-10T06:44:45Z" user="aslanosm" uid="2985213">
  <nd ref="6961302926"/>
  <nd ref="6961302925"/>
  <nd ref="6961302924"/>
  <nd ref="6961302923"/>
  <nd ref="6961302926"/>
  <tag k="building" v="yes"/>
 </way>
 <way id="743778402" visible="true" version="1" changeset="76860606" timestamp="2019-11-10T06:44:45Z" user="aslanosm" uid="2985213">
  <nd ref="6961302930"/>
  <nd ref="6961302929"/>
  <nd ref="6961302928"/>
  <nd ref="6961302927"/>
  <nd ref="6961302930"/>
  <tag k="building" v="yes"/>
 </way>
 <way id="749215005" visible="true" version="13" changeset="159304593" timestamp="2024-11-18T23:40:59Z" user="VlIvYur" uid="345975">
  <nd ref="11983580664"/>
  <nd ref="11668536569"/>
  <nd ref="11200637216"/>
  <tag k="highway" v="secondary"/>
  <tag k="lanes" v="2"/>
  <tag k="lit" v="yes"/>
  <tag k="maxspeed" v="60"/>
  <tag k="name" v="Վաղարշ Վաղարշյան փողոց"/>
  <tag k="name:en" v="Vagharsh Vagharshyan street"/>
  <tag k="name:hy" v="Վաղարշ Վաղարշյան փողոց"/>
  <tag k="name:ru" v="улица Вагарша Вагаршяна"/>
  <tag k="oneway" v="yes"/>
  <tag k="parking:left" v="no"/>
  <tag k="parking:right" v="lane"/>
  <tag k="parking:right:orientation" v="parallel"/>
  <tag k="sidewalk:left" v="no"/>
  <tag k="sidewalk:right" v="separate"/>
  <tag k="smoothness" v="good"/>
  <tag k="surface" v="asphalt"/>
  <tag k="turn:lanes" v="through|through;right"/>
 </way>
 <way id="749215006" visible="true" version="4" changeset="155692555" timestamp="2024-08-24T11:59:53Z" user="VlIvYur" uid="345975">
  <nd ref="5029952798"/>
  <nd ref="7006316456"/>
  <nd ref="7006316457"/>
  <nd ref="7006316458"/>
  <nd ref="7006316459"/>
  <nd ref="12133698766"/>
  <nd ref="7658024998"/>
  <tag k="footway" v="sidewalk"/>
  <tag k="highway" v="footway"/>
  <tag k="surface" v="asphalt"/>
 </way>
 <way id="751923543" visible="true" version="4" changeset="146906511" timestamp="2024-01-31T13:57:05Z" user="aq123" uid="4289510">
  <nd ref="7029046767"/>
  <nd ref="7029046768"/>
  <nd ref="11573195797"/>
  <nd ref="7029046769"/>
  <tag k="highway" v="service"/>
  <tag k="living_street" v="yes"/>
 </way>
 <way id="816943136" visible="true" version="8" changeset="160565500" timestamp="2024-12-24T08:05:47Z" user="Данил Мошарев" uid="10374805">
  <nd ref="7630011907"/>
  <nd ref="12446969172"/>
  <nd ref="7657965058"/>
  <nd ref="311047946"/>
  <nd ref="12446969164"/>
  <nd ref="7657965067"/>
  <nd ref="12446969165"/>
  <nd ref="12446969156"/>
  <nd ref="7630000577"/>
  <nd ref="12446969158"/>
  <nd ref="7630000580"/>
  <nd ref="12446969155"/>
  <nd ref="12446969181"/>
  <nd ref="7630000582"/>
  <tag k="highway" v="service"/>
  <tag k="living_street" v="yes"/>
 </way>
 <way id="816943137" visible="true" version="8" changeset="160883080" timestamp="2025-01-01T19:49:02Z" user="Данил Мошарев" uid="10374805">
  <nd ref="5030425037"/>
  <nd ref="5027135584"/>
  <nd ref="12467431172"/>
  <nd ref="7630011902"/>
  <tag k="highway" v="service"/>
  <tag k="living_street" v="yes"/>
  <tag k="surface" v="asphalt"/>
 </way>
 <way id="816943138" visible="true" version="4" changeset="148013786" timestamp="2024-02-28T13:32:21Z" user="Noktoborus" uid="540529">
  <nd ref="7630000577"/>
  <nd ref="7630000578"/>
  <nd ref="7630000579"/>
  <nd ref="7630000580"/>
  <tag k="highway" v="service"/>
  <tag k="living_street" v="yes"/>
 </way>
 <way id="820102843" visible="true" version="5" changeset="147657495" timestamp="2024-02-19T16:11:01Z" user="heavis" uid="14360376">
  <nd ref="7657987145"/>
  <nd ref="7657987146"/>
  <nd ref="7657987147"/>
  <nd ref="7657987148"/>
  <nd ref="7657987149"/>
  <nd ref="7657987150"/>
  <nd ref="7657987151"/>
  <nd ref="7657987152"/>
  <nd ref="7657987145"/>
  <tag k="addr:city" v="Երևան"/>
  <tag k="addr:country" v="AM"/>
  <tag k="addr:housenumber" v="19/1"/>
  <tag k="addr:postcode" v="0012"/>
  <tag k="addr:street" v="Կոմիտասի պողոտա"/>
  <tag k="building" v="apartments"/>
  <tag k="building:levels" v="5"/>
 </way>
 <way id="820102844" visible="true" version="3" changeset="141356900" timestamp="2023-09-16T19:46:13Z" user="SMkrtich" uid="10984999">
  <nd ref="7657987153"/>
  <nd ref="7657987154"/>
  <nd ref="7657987155"/>
  <nd ref="7657987156"/>
  <nd ref="7657987153"/>
  <tag k="addr:city" v="Երևան"/>
  <tag k="addr:country" v="AM"/>
  <tag k="addr:housenumber" v="15/3"/>
  <tag k="addr:postcode" v="0012"/>
  <tag k="addr:street" v="Կոմիտասի պողոտա"/>
  <tag k="building" v="yes"/>
 </way>
 <way id="820105130" visible="true" version="4" changeset="151416615" timestamp="2024-05-16T16:18:48Z" user="heavis" uid="14360376">
  <nd ref="7657988668"/>
  <nd ref="7657988669"/>
  <nd ref="7657988670"/>
  <nd ref="11910248722"/>
  <nd ref="7657988671"/>
  <nd ref="7657988668"/>
  <tag k="addr:city" v="Երևան"/>
  <tag k="addr:country" v="AM"/>
  <tag k="addr:housenumber" v="19/3"/>
  <tag k="addr:postcode" v="0012"/>
  <tag k="addr:street" v="Կոմիտասի պողոտա"/>
  <tag k="building" v="apartments"/>
 </way>
 <way id="820105133" visible="true" version="2" changeset="136825675" timestamp="2023-06-01T10:53:08Z" user="Noktoborus" uid="540529">
  <nd ref="4622616676"/>
  <nd ref="7657988682"/>
  <tag k="highway" v="service"/>
  <tag k="living_street" v="yes"/>
  <tag k="service" v="driveway"/>
 </way>
 <way id="820105134" visible="true" version="4" changeset="165124020" timestamp="2025-04-18T17:51:25Z" user="Kandratt" uid="17793573">
  <nd ref="7657988684"/>
  <nd ref="7658024987"/>
  <nd ref="7658024985"/>
  <nd ref="11200637225"/>
  <nd ref="7658024986"/>
  <tag k="highway" v="service"/>
  <tag k="living_street" v="yes"/>
  <tag k="service" v="driveway"/>
  <tag k="surface" v="asphalt"/>
 </way>
 <way id="820107998" visible="true" version="5" changeset="160897672" timestamp="2025-01-02T09:09:28Z" user="Данил Мошарев" uid="10374805">
  <nd ref="7657965058"/>
  <nd ref="7657965059"/>
  <nd ref="7657965060"/>
  <nd ref="12468493042"/>
  <nd ref="12446969177"/>
  <nd ref="7630011907"/>
  <tag k="highway" v="service"/>
  <tag k="living_street" v="yes"/>
 </way>
 <way id="820107999" visible="true" version="4" changeset="160880583" timestamp="2025-01-01T18:46:16Z" user="Данил Мошарев" uid="10374805">
  <nd ref="7657965061"/>
  <nd ref="12467335101"/>
  <nd ref="7657965062"/>
  <nd ref="7657965064"/>
  <tag k="highway" v="service"/>
  <tag k="living_street" v="yes"/>
 </way>
 <way id="820108000" visible="true" version="4" changeset="160068885" timestamp="2024-12-08T20:10:51Z" user="Данил Мошарев" uid="10374805">
  <nd ref="311047946"/>
  <nd ref="7657965065"/>
  <tag k="highway" v="service"/>
  <tag k="living_street" v="yes"/>
 </way>
 <way id="820108002" visible="true" version="3" changeset="148013786" timestamp="2024-02-28T13:32:21Z" user="Noktoborus" uid="540529">
  <nd ref="7657965065"/>
  <nd ref="7657965066"/>
  <nd ref="7657965067"/>
  <tag k="highway" v="service"/>
  <tag k="living_street" v="yes"/>
 </way>
 <way id="820108003" visible="true" version="8" changeset="160880583" timestamp="2025-01-01T18:46:16Z" user="Данил Мошарев" uid="10374805">
  <nd ref="7657965069"/>
  <nd ref="12467335105"/>
  <nd ref="12167186849"/>
  <nd ref="311061742"/>
  <nd ref="7657965073"/>
  <nd ref="11983679804"/>
  <nd ref="7657965071"/>
  <nd ref="7657965070"/>
  <tag k="highway" v="service"/>
  <tag k="living_street" v="yes"/>
  <tag k="smoothness" v="good"/>
  <tag k="surface" v="asphalt"/>
 </way>
 <way id="820108004" visible="true" version="8" changeset="161721744" timestamp="2025-01-24T17:27:28Z" user="Данил Мошарев" uid="10374805">
  <nd ref="7657965073"/>
  <nd ref="12529711015"/>
  <nd ref="12391313167"/>
  <nd ref="12391313158"/>
  <nd ref="12468493052"/>
  <nd ref="311061803"/>
  <nd ref="12507626267"/>
  <nd ref="7657965075"/>
  <nd ref="12507626271"/>
  <nd ref="311061744"/>
  <tag k="highway" v="service"/>
  <tag k="living_street" v="yes"/>
  <tag k="surface" v="asphalt"/>
 </way>
 <way id="820108005" visible="true" version="3" changeset="148013786" timestamp="2024-02-28T13:32:21Z" user="Noktoborus" uid="540529">
  <nd ref="7657965076"/>
  <nd ref="7657965077"/>
  <tag k="highway" v="service"/>
  <tag k="living_street" v="yes"/>
 </way>
 <way id="820108006" visible="true" version="3" changeset="148013786" timestamp="2024-02-28T13:32:21Z" user="Noktoborus" uid="540529">
  <nd ref="7657965078"/>
  <nd ref="7657965079"/>
  <tag k="highway" v="service"/>
  <tag k="living_street" v="yes"/>
 </way>
 <way id="1005677186" visible="true" version="4" changeset="153928257" timestamp="2024-07-14T12:24:56Z" user="Noktoborus" uid="540529">
  <nd ref="11070076016"/>
  <nd ref="11070076013"/>
  <nd ref="11070076014"/>
  <nd ref="11070076012"/>
  <nd ref="11070076015"/>
  <nd ref="11070076016"/>
  <tag k="landuse" v="residential"/>
  <tag k="residential" v="urban"/>
 </way>
 <way id="1005692106" visible="true" version="4" changeset="153930032" timestamp="2024-07-14T13:09:29Z" user="Noktoborus" uid="540529">
  <nd ref="11070076018"/>
  <nd ref="11070076017"/>
  <nd ref="11070076020"/>
  <nd ref="11070076019"/>
  <nd ref="11070076018"/>
  <tag k="landuse" v="residential"/>
  <tag k="residential" v="urban"/>
 </way>
 <way id="1005692107" visible="true" version="3" changeset="152734995" timestamp="2024-06-15T19:14:01Z" user="Noktoborus" uid="540529">
  <nd ref="11070076026"/>
  <nd ref="11070076027"/>
  <nd ref="11070076028"/>
  <nd ref="11983679798"/>
  <nd ref="11070076025"/>
  <nd ref="11070076026"/>
  <tag k="landuse" v="residential"/>
  <tag k="residential" v="urban"/>
 </way>
 <way id="1005692494" visible="true" version="3" changeset="139057016" timestamp="2023-07-26T20:50:11Z" user="VlIvYur" uid="345975">
  <nd ref="11070076024"/>
  <nd ref="11070076021"/>
  <nd ref="11070076022"/>
  <nd ref="11070076023"/>
  <nd ref="11070076024"/>
  <tag k="landuse" v="residential"/>
  <tag k="residential" v="urban"/>
 </way>
 <way id="1155224980" visible="true" version="5" changeset="145080462" timestamp="2023-12-13T15:53:47Z" user="Noktoborus" uid="540529">
  <nd ref="5026177401"/>
  <nd ref="6722634217"/>
  <nd ref="5026177402"/>
  <nd ref="5026177403"/>
  <nd ref="11200637229"/>
  <nd ref="7658024987"/>
  <nd ref="5029952798"/>
  <tag k="footway" v="sidewalk"/>
  <tag k="highway" v="footway"/>
  <tag k="lit" v="yes"/>
  <tag k="smoothness" v="good"/>
  <tag k="surface" v="asphalt"/>
 </way>
 <way id="1155224983" visible="true" version="7" changeset="160883080" timestamp="2025-01-01T19:49:02Z" user="Данил Мошарев" uid="10374805">
  <nd ref="7630011905"/>
  <nd ref="12451001139"/>
  <nd ref="6722634218"/>
  <nd ref="12391313176"/>
  <nd ref="5027135584"/>
  <nd ref="12446969182"/>
  <nd ref="12467431177"/>
  <nd ref="12467431179"/>
  <nd ref="12467431181"/>
  <nd ref="12467431183"/>
  <nd ref="12467431185"/>
  <nd ref="12467431187"/>
  <nd ref="12467431188"/>
  <nd ref="12446969166"/>
  <nd ref="12467431190"/>
  <nd ref="5027135585"/>
  <nd ref="12467431198"/>
  <nd ref="12467443201"/>
  <nd ref="12467443203"/>
  <nd ref="613353102"/>
  <nd ref="12467443205"/>
  <nd ref="5029952797"/>
  <tag k="footway" v="sidewalk"/>
  <tag k="highway" v="footway"/>
  <tag k="lit" v="yes"/>
  <tag k="smoothness" v="good"/>
  <tag k="surface" v="asphalt"/>
 </way>
 <way id="1185283285" visible="true" version="6" changeset="152706663" timestamp="2024-06-15T05:59:18Z" user="Noktoborus" uid="540529">
  <nd ref="635138941"/>
  <nd ref="1327798213"/>
  <nd ref="1327798858"/>
  <nd ref="1327798409"/>
  <nd ref="11010269921"/>
  <nd ref="11982398095"/>
  <nd ref="11982398092"/>
 </way>
 <way id="1192507290" visible="true" version="4" changeset="144837026" timestamp="2023-12-06T17:36:22Z" user="Алексей Чубуков" uid="5503027">
  <nd ref="11070076010"/>
  <nd ref="11070076008"/>
  <nd ref="11070076007"/>
  <nd ref="11070076009"/>
  <nd ref="11070076010"/>
  <tag k="building" v="retail"/>
  <tag k="building:levels" v="1"/>
  <tag k="roof:levels" v="0"/>
  <tag k="roof:shape" v="hipped"/>
 </way>
 <way id="1192507291" visible="true" version="2" changeset="144837026" timestamp="2023-12-06T17:43:14Z" user="Алексей Чубуков" uid="5503027">
  <nd ref="11070076032"/>
  <nd ref="11070076030"/>
  <nd ref="11070076029"/>
  <nd ref="11070076031"/>
  <nd ref="11070076032"/>
  <tag k="building" v="retail"/>
  <tag k="building:levels" v="1"/>
  <tag k="roof:shape" v="flat"/>
 </way>
 <way id="1208880553" visible="true" version="1" changeset="141438672" timestamp="2023-09-18T19:12:59Z" user="VlIvYur" uid="345975">
  <nd ref="11200637224"/>
  <nd ref="11200637225"/>
  <tag k="highway" v="footway"/>
 </way>
 <way id="1208880554" visible="true" version="1" changeset="141438672" timestamp="2023-09-18T19:12:59Z" user="VlIvYur" uid="345975">
  <nd ref="7658024986"/>
  <nd ref="11200637227"/>
  <tag k="highway" v="footway"/>
 </way>
 <way id="1208880555" visible="true" version="1" changeset="141438672" timestamp="2023-09-18T19:12:59Z" user="VlIvYur" uid="345975">
  <nd ref="11200637227"/>
  <nd ref="11200637226"/>
  <tag k="covered" v="yes"/>
  <tag k="highway" v="footway"/>
  <tag k="lit" v="automatic"/>
 </way>
 <way id="1208880556" visible="true" version="2" changeset="151423939" timestamp="2024-05-16T19:18:32Z" user="heavis" uid="14360376">
  <nd ref="11200637226"/>
  <nd ref="11200637230"/>
  <nd ref="11200637229"/>
  <tag k="highway" v="footway"/>
  <tag k="surface" v="asphalt"/>
 </way>
 <way id="1208880557" visible="true" version="1" changeset="141438672" timestamp="2023-09-18T19:12:59Z" user="VlIvYur" uid="345975">
  <nd ref="11200637234"/>
  <nd ref="11200637227"/>
  <nd ref="11200637232"/>
  <nd ref="631198488"/>
  <nd ref="11200637226"/>
  <nd ref="11200637228"/>
  <nd ref="11200637231"/>
  <nd ref="11200637233"/>
  <nd ref="11200637234"/>
  <tag k="building" v="yes"/>
 </way>
 <way id="1220556440" visible="true" version="1" changeset="143581500" timestamp="2023-11-03T16:03:15Z" user="Noktoborus" uid="540529">
  <nd ref="11310042281"/>
  <nd ref="11310042282"/>
  <nd ref="11310042283"/>
  <nd ref="11310042284"/>
  <nd ref="11310042285"/>
  <nd ref="11310042286"/>
  <nd ref="11310042281"/>
  <tag k="building" v="garages"/>
 </way>
 <way id="1220556441" visible="true" version="1" changeset="143581500" timestamp="2023-11-03T16:03:15Z" user="Noktoborus" uid="540529">
  <nd ref="11310042287"/>
  <nd ref="11310042296"/>
  <nd ref="11310042289"/>
  <nd ref="11310042288"/>
  <tag k="highway" v="service"/>
 </way>
 <way id="1220556442" visible="true" version="2" changeset="143581644" timestamp="2023-11-03T16:06:33Z" user="Noktoborus" uid="540529">
  <nd ref="10290797809"/>
  <nd ref="11310042299"/>
  <nd ref="11310042291"/>
  <nd ref="11310042292"/>
  <nd ref="11310042293"/>
  <nd ref="10290797809"/>
  <tag k="addr:housenumber" v="19/4"/>
  <tag k="addr:street" v="Վաղարշ Վաղարշյան փողոց"/>
  <tag k="amenity" v="cafe"/>
  <tag k="building" v="yes"/>
  <tag k="name" v="Oureesh Zhengyal"/>
 </way>
 <way id="1220556443" visible="true" version="1" changeset="143581500" timestamp="2023-11-03T16:03:15Z" user="Noktoborus" uid="540529">
  <nd ref="11310042293"/>
  <nd ref="11310042292"/>
  <nd ref="11310042294"/>
  <nd ref="11310042295"/>
  <nd ref="11310042293"/>
  <tag k="building" v="garages"/>
 </way>
 <way id="1220556444" visible="true" version="1" changeset="143581500" timestamp="2023-11-03T16:03:15Z" user="Noktoborus" uid="540529">
  <nd ref="11310042296"/>
  <nd ref="11310042297"/>
  <tag k="highway" v="service"/>
 </way>
 <way id="1220556445" visible="true" version="1" changeset="143581500" timestamp="2023-11-03T16:03:15Z" user="Noktoborus" uid="540529">
  <nd ref="4623086138"/>
  <nd ref="5030298857"/>
  <nd ref="4623086139"/>
  <tag k="highway" v="service"/>
  <tag k="living_street" v="yes"/>
  <tag k="surface" v="asphalt"/>
 </way>
 <way id="1220556446" visible="true" version="2" changeset="153926484" timestamp="2024-07-14T11:35:13Z" user="Noktoborus" uid="540529">
  <nd ref="4623086139"/>
  <nd ref="12052937992"/>
  <nd ref="11310042298"/>
  <tag k="highway" v="service"/>
 </way>
 <way id="1220556447" visible="true" version="1" changeset="143581500" timestamp="2023-11-03T16:03:15Z" user="Noktoborus" uid="540529">
  <nd ref="11310042300"/>
  <nd ref="11310042301"/>
  <nd ref="11310042302"/>
  <nd ref="11310042303"/>
  <nd ref="11310042300"/>
  <tag k="building" v="garages"/>
 </way>
 <way id="1220556448" visible="true" version="1" changeset="143581500" timestamp="2023-11-03T16:03:15Z" user="Noktoborus" uid="540529">
  <nd ref="11310042304"/>
  <nd ref="1327798636"/>
  <nd ref="1327798225"/>
  <nd ref="11310042305"/>
  <nd ref="11310042306"/>
  <nd ref="11310042307"/>
  <nd ref="11310042304"/>
  <tag k="building" v="garages"/>
 </way>
 <way id="1220556450" visible="true" version="1" changeset="143581500" timestamp="2023-11-03T16:03:15Z" user="Noktoborus" uid="540529">
  <nd ref="11310042321"/>
  <nd ref="11310042322"/>
  <nd ref="11310042323"/>
  <nd ref="11310042324"/>
  <nd ref="11310042321"/>
  <tag k="building" v="garages"/>
 </way>
 <way id="1220556451" visible="true" version="1" changeset="143581500" timestamp="2023-11-03T16:03:15Z" user="Noktoborus" uid="540529">
  <nd ref="11310042325"/>
  <nd ref="11310042326"/>
  <nd ref="4623086127"/>
  <tag k="highway" v="service"/>
 </way>
 <way id="1220556452" visible="true" version="1" changeset="143581500" timestamp="2023-11-03T16:03:15Z" user="Noktoborus" uid="540529">
  <nd ref="11310042329"/>
  <nd ref="11310042330"/>
  <nd ref="11310042331"/>
  <nd ref="11310042332"/>
  <nd ref="11310042333"/>
  <nd ref="11310042329"/>
  <tag k="natural" v="wood"/>
 </way>
 <way id="1235278173" visible="true" version="3" changeset="172357433" timestamp="2025-09-23T18:06:09Z" user="SMkrtich" uid="10984999">
  <nd ref="11466670231"/>
  <nd ref="11466670230"/>
  <nd ref="11466670229"/>
  <nd ref="1327798803"/>
  <nd ref="11466670231"/>
  <tag k="addr:city" v="Երևան"/>
  <tag k="addr:housenumber" v="12/4"/>
  <tag k="addr:street" v="Կոմիտասի պողոտա"/>
  <tag k="building" v="yes"/>
 </way>
 <way id="1243968536" visible="true" version="4" changeset="153364675" timestamp="2024-06-30T11:27:55Z" user="Noktoborus" uid="540529">
  <nd ref="11563394813"/>
  <nd ref="11987264699"/>
  <nd ref="11563394812"/>
  <nd ref="11563394811"/>
  <nd ref="11563394810"/>
  <nd ref="11563394809"/>
  <nd ref="11563394803"/>
  <nd ref="11563394808"/>
  <nd ref="11563394807"/>
  <nd ref="11563394806"/>
  <nd ref="11563394805"/>
  <nd ref="11563394804"/>
  <tag k="highway" v="service"/>
  <tag k="smoothness" v="good"/>
  <tag k="surface" v="asphalt"/>
 </way>
 <way id="1243969867" visible="true" version="3" changeset="156938369" timestamp="2024-09-22T09:25:58Z" user="smallq" uid="8113635">
  <nd ref="11563391186"/>
  <nd ref="11563391185"/>
  <nd ref="12133698765"/>
  <nd ref="11259386519"/>
  <tag k="highway" v="service"/>
  <tag k="surface" v="asphalt"/>
 </way>
 <way id="1244562911" visible="true" version="3" changeset="153364675" timestamp="2024-06-30T11:27:00Z" user="Noktoborus" uid="540529">
  <nd ref="11568953658"/>
  <nd ref="5030320679"/>
  <nd ref="4622570065"/>
  <tag k="highway" v="service"/>
  <tag k="living_street" v="yes"/>
  <tag k="smoothness" v="good"/>
  <tag k="surface" v="asphalt"/>
 </way>
 <way id="1244932726" visible="true" version="1" changeset="146906511" timestamp="2024-01-31T13:57:05Z" user="aq123" uid="4289510">
  <nd ref="633552430"/>
  <nd ref="11573195797"/>
  <nd ref="631198322"/>
  <tag k="barrier" v="fence"/>
 </way>
 <way id="1257343952" visible="true" version="1" changeset="148193137" timestamp="2024-03-04T07:40:53Z" user="Vasak87" uid="2564602">
  <nd ref="11690084876"/>
  <nd ref="632426735"/>
  <nd ref="632426736"/>
  <nd ref="11690084877"/>
  <nd ref="11690084876"/>
  <tag k="addr:city" v="Երևան"/>
  <tag k="addr:housenumber" v="22"/>
  <tag k="addr:street" v="Վաղարշ Վաղարշյան փողոց"/>
  <tag k="building" v="apartments"/>
 </way>
 <way id="1291382674" visible="true" version="2" changeset="152577141" timestamp="2024-06-12T08:57:19Z" user="Noktoborus" uid="540529">
  <nd ref="11972545505"/>
  <nd ref="11972545503"/>
  <nd ref="11974927974"/>
  <nd ref="11972545500"/>
  <nd ref="11974927973"/>
  <tag k="highway" v="footway"/>
 </way>
 <way id="1291382675" visible="true" version="1" changeset="152551079" timestamp="2024-06-11T16:22:26Z" user="Noktoborus" uid="540529">
  <nd ref="11972545495"/>
  <nd ref="11972545506"/>
  <tag k="highway" v="footway"/>
 </way>
 <way id="1291382676" visible="true" version="2" changeset="152577141" timestamp="2024-06-12T08:57:19Z" user="Noktoborus" uid="540529">
  <nd ref="11974927695"/>
  <nd ref="11972545495"/>
  <nd ref="11972545502"/>
  <tag k="highway" v="footway"/>
 </way>
 <way id="1291382677" visible="true" version="5" changeset="153364675" timestamp="2024-06-30T11:27:45Z" user="Noktoborus" uid="540529">
  <nd ref="11972545501"/>
  <nd ref="11972545506"/>
  <nd ref="11974927699"/>
  <nd ref="11985181015"/>
  <nd ref="11974927696"/>
  <nd ref="11972545505"/>
  <nd ref="11974927998"/>
  <nd ref="11972545497"/>
  <tag k="highway" v="service"/>
  <tag k="smoothness" v="good"/>
  <tag k="surface" v="asphalt"/>
 </way>
 <way id="1291382678" visible="true" version="2" changeset="153461729" timestamp="2024-07-02T14:57:56Z" user="Noktoborus" uid="540529">
  <nd ref="11972545499"/>
  <nd ref="11972545498"/>
  <nd ref="11972545504"/>
  <nd ref="11972545496"/>
  <nd ref="11972545499"/>
  <tag k="amenity" v="biergarten"/>
  <tag k="check_date" v="2024-06-11"/>
  <tag k="name" v="Չերչիլ"/>
  <tag k="name:en" v="Churchill"/>
  <tag k="name:hy" v="Չերչիլ"/>
  <tag k="name:ru" v="Черчилль"/>
 </way>
 <way id="1291522898" visible="true" version="5" changeset="154095623" timestamp="2024-07-18T11:03:07Z" user="Noktoborus" uid="540529">
  <nd ref="11983238551"/>
  <nd ref="11973573192"/>
  <nd ref="12061042784"/>
  <nd ref="11973573174"/>
  <nd ref="11973573190"/>
  <nd ref="12061042779"/>
  <nd ref="11983238551"/>
  <tag k="building" v="garage"/>
  <tag k="building:levels" v="1"/>
 </way>
 <way id="1291522899" visible="true" version="3" changeset="152727348" timestamp="2024-06-15T15:49:29Z" user="Noktoborus" uid="540529">
  <nd ref="11973573185"/>
  <nd ref="11983238542"/>
  <nd ref="11983238528"/>
  <nd ref="11983238536"/>
  <nd ref="11973573191"/>
  <nd ref="11983238529"/>
  <nd ref="11983238530"/>
  <nd ref="11973573186"/>
  <nd ref="11973573185"/>
  <tag k="building" v="yes"/>
  <tag k="building:levels" v="3"/>
 </way>
 <way id="1291522900" visible="true" version="5" changeset="153364675" timestamp="2024-06-30T11:27:31Z" user="Noktoborus" uid="540529">
  <nd ref="4622570060"/>
  <nd ref="11973573199"/>
  <nd ref="11973573177"/>
  <nd ref="12015042801"/>
  <nd ref="11983088610"/>
  <nd ref="11973573209"/>
  <tag k="highway" v="service"/>
  <tag k="smoothness" v="good"/>
  <tag k="surface" v="asphalt"/>
 </way>
 <way id="1291522901" visible="true" version="1" changeset="152554441" timestamp="2024-06-11T17:39:13Z" user="Noktoborus" uid="540529">
  <nd ref="11973573211"/>
  <nd ref="11973573175"/>
  <nd ref="11973573206"/>
  <nd ref="11973573207"/>
  <nd ref="11973573211"/>
  <tag k="building" v="kiosk"/>
 </way>
 <way id="1291688712" visible="true" version="1" changeset="152577141" timestamp="2024-06-12T08:57:19Z" user="Noktoborus" uid="540529">
  <nd ref="11974899368"/>
  <nd ref="11974927669"/>
  <nd ref="11974927670"/>
  <nd ref="11974927671"/>
  <tag k="barrier" v="wall"/>
 </way>
 <way id="1291688713" visible="true" version="4" changeset="153364675" timestamp="2024-06-30T11:26:42Z" user="Noktoborus" uid="540529">
  <nd ref="2441302975"/>
  <nd ref="11990438476"/>
  <nd ref="11990438477"/>
  <nd ref="11978297286"/>
  <nd ref="5027135587"/>
  <nd ref="3824795276"/>
  <tag k="highway" v="service"/>
  <tag k="living_street" v="yes"/>
  <tag k="smoothness" v="good"/>
  <tag k="surface" v="asphalt"/>
 </way>
 <way id="1291688714" visible="true" version="2" changeset="153364675" timestamp="2024-06-30T11:26:39Z" user="Noktoborus" uid="540529">
  <nd ref="2441302973"/>
  <nd ref="2441302975"/>
  <tag k="highway" v="service"/>
  <tag k="living_street" v="yes"/>
  <tag k="smoothness" v="good"/>
  <tag k="surface" v="asphalt"/>
 </way>
 <way id="1291688715" visible="true" version="3" changeset="153364675" timestamp="2024-06-30T11:26:58Z" user="Noktoborus" uid="540529">
  <nd ref="4622570060"/>
  <nd ref="12015042808"/>
  <nd ref="4622570064"/>
  <nd ref="12015042807"/>
  <nd ref="11973573209"/>
  <nd ref="11568953658"/>
  <tag k="highway" v="service"/>
  <tag k="living_street" v="yes"/>
  <tag k="smoothness" v="good"/>
  <tag k="surface" v="asphalt"/>
 </way>
 <way id="1291688716" visible="true" version="1" changeset="152577141" timestamp="2024-06-12T08:57:19Z" user="Noktoborus" uid="540529">
  <nd ref="11974927672"/>
  <nd ref="11974927673"/>
  <nd ref="11974927674"/>
  <nd ref="11974927675"/>
  <nd ref="11974927676"/>
  <nd ref="11974927677"/>
  <nd ref="11974927672"/>
  <tag k="building" v="yes"/>
 </way>
 <way id="1291688717" visible="true" version="1" changeset="152577141" timestamp="2024-06-12T08:57:19Z" user="Noktoborus" uid="540529">
  <nd ref="11974927678"/>
  <nd ref="11974927679"/>
  <nd ref="11974927680"/>
  <nd ref="11974927681"/>
  <nd ref="11974927678"/>
  <tag k="building" v="yes"/>
 </way>
 <way id="1291688718" visible="true" version="1" changeset="152577141" timestamp="2024-06-12T08:57:19Z" user="Noktoborus" uid="540529">
  <nd ref="11974927682"/>
  <nd ref="11974927683"/>
  <nd ref="11974927684"/>
  <nd ref="11974927685"/>
  <nd ref="11974927682"/>
  <tag k="building" v="yes"/>
 </way>
 <way id="1291688719" visible="true" version="1" changeset="152577141" timestamp="2024-06-12T08:57:19Z" user="Noktoborus" uid="540529">
  <nd ref="11974927686"/>
  <nd ref="11974927694"/>
  <nd ref="11974927687"/>
  <nd ref="11974927688"/>
  <nd ref="11974927695"/>
  <nd ref="11974927689"/>
  <nd ref="11974927686"/>
  <tag k="building" v="yes"/>
 </way>
 <way id="1291688720" visible="true" version="1" changeset="152577141" timestamp="2024-06-12T08:57:19Z" user="Noktoborus" uid="540529">
  <nd ref="11974927690"/>
  <nd ref="11974927691"/>
  <nd ref="11974927692"/>
  <nd ref="11974927693"/>
  <nd ref="11974927690"/>
  <tag k="building" v="yes"/>
 </way>
 <way id="1291688721" visible="true" version="1" changeset="152577141" timestamp="2024-06-12T08:57:19Z" user="Noktoborus" uid="540529">
  <nd ref="11972545507"/>
  <nd ref="11972545503"/>
  <nd ref="11974927694"/>
  <tag k="highway" v="footway"/>
 </way>
 <way id="1291688722" visible="true" version="1" changeset="152577141" timestamp="2024-06-12T08:57:19Z" user="Noktoborus" uid="540529">
  <nd ref="11974927694"/>
  <nd ref="11974927695"/>
  <tag k="highway" v="footway"/>
  <tag k="tunnel" v="building_passage"/>
 </way>
 <way id="1291688723" visible="true" version="2" changeset="152753840" timestamp="2024-06-16T10:14:30Z" user="Noktoborus" uid="540529">
  <nd ref="11974927696"/>
  <nd ref="11974927698"/>
  <nd ref="11974927710"/>
  <tag k="highway" v="service"/>
 </way>
 <way id="1291688724" visible="true" version="1" changeset="152577141" timestamp="2024-06-12T08:57:19Z" user="Noktoborus" uid="540529">
  <nd ref="11974927699"/>
  <nd ref="11974927701"/>
  <nd ref="11974927700"/>
  <tag k="highway" v="service"/>
 </way>
 <way id="1291688725" visible="true" version="2" changeset="152706663" timestamp="2024-06-15T05:59:18Z" user="Noktoborus" uid="540529">
  <nd ref="11974927702"/>
  <nd ref="11974927703"/>
  <nd ref="11974927704"/>
  <nd ref="11974927705"/>
 </way>
 <way id="1291688726" visible="true" version="2" changeset="152706663" timestamp="2024-06-15T05:59:18Z" user="Noktoborus" uid="540529">
  <nd ref="11974927708"/>
  <nd ref="11974927709"/>
 </way>
 <way id="1291688727" visible="true" version="2" changeset="152706852" timestamp="2024-06-15T06:10:05Z" user="Noktoborus" uid="540529">
  <nd ref="11974927720"/>
  <nd ref="11974927721"/>
  <nd ref="11974927722"/>
  <nd ref="11974927723"/>
  <nd ref="11974927720"/>
  <tag k="building" v="gazebo"/>
 </way>
 <way id="1291688728" visible="true" version="2" changeset="152706852" timestamp="2024-06-15T06:10:05Z" user="Noktoborus" uid="540529">
  <nd ref="11974927724"/>
  <nd ref="11974927725"/>
  <nd ref="11974927726"/>
  <nd ref="11974927727"/>
  <nd ref="11974927724"/>
  <tag k="building" v="gazebo"/>
 </way>
 <way id="1291688729" visible="true" version="2" changeset="152706852" timestamp="2024-06-15T06:10:05Z" user="Noktoborus" uid="540529">
  <nd ref="11974927728"/>
  <nd ref="11974927729"/>
  <nd ref="11974927730"/>
  <nd ref="11974927731"/>
  <nd ref="11974927732"/>
  <nd ref="11974927733"/>
  <nd ref="11974927728"/>
  <tag k="building" v="gazebo"/>
 </way>
 <way id="1291688730" visible="true" version="2" changeset="152706852" timestamp="2024-06-15T06:10:05Z" user="Noktoborus" uid="540529">
  <nd ref="11974927746"/>
  <nd ref="11974927747"/>
  <nd ref="11974927748"/>
  <nd ref="11974927749"/>
  <nd ref="11974927750"/>
  <nd ref="11974927751"/>
  <nd ref="11974927752"/>
  <nd ref="11974927734"/>
  <nd ref="11974927735"/>
  <nd ref="11974927738"/>
  <nd ref="11974927739"/>
  <nd ref="11974927740"/>
  <nd ref="11974927741"/>
  <nd ref="11974927742"/>
  <nd ref="11974927743"/>
  <nd ref="11974927744"/>
  <nd ref="11974927745"/>
  <nd ref="11974927736"/>
  <nd ref="11974927737"/>
  <nd ref="11974927746"/>
  <tag k="building" v="service"/>
 </way>
 <way id="1291688731" visible="true" version="2" changeset="152706852" timestamp="2024-06-15T06:10:05Z" user="Noktoborus" uid="540529">
  <nd ref="11974927765"/>
  <nd ref="11974927766"/>
  <nd ref="11974927767"/>
  <nd ref="11974927768"/>
  <nd ref="11974927769"/>
  <nd ref="11974927770"/>
  <nd ref="11974927771"/>
  <nd ref="11974927753"/>
  <nd ref="11974927754"/>
  <nd ref="11974927757"/>
  <nd ref="11974927758"/>
  <nd ref="11974927759"/>
  <nd ref="11974927760"/>
  <nd ref="11974927761"/>
  <nd ref="11974927762"/>
  <nd ref="11974927763"/>
  <nd ref="11974927764"/>
  <nd ref="11974927755"/>
  <nd ref="11974927756"/>
  <nd ref="11974927765"/>
  <tag k="building" v="gazebo"/>
 </way>
 <way id="1291688732" visible="true" version="2" changeset="152706852" timestamp="2024-06-15T06:10:05Z" user="Noktoborus" uid="540529">
  <nd ref="11974927781"/>
  <nd ref="11974927782"/>
  <nd ref="11974927783"/>
  <nd ref="11974927784"/>
  <nd ref="11974927785"/>
  <nd ref="11974927786"/>
  <nd ref="11974927787"/>
  <nd ref="11974927788"/>
  <nd ref="11974927789"/>
  <nd ref="11974927790"/>
  <nd ref="11974927772"/>
  <nd ref="11974927773"/>
  <nd ref="11974927776"/>
  <nd ref="11974927777"/>
  <nd ref="11974927778"/>
  <nd ref="11974927779"/>
  <nd ref="11974927780"/>
  <nd ref="11974927774"/>
  <nd ref="11974927775"/>
  <nd ref="11974927781"/>
  <tag k="building" v="gazebo"/>
 </way>
 <way id="1291688733" visible="true" version="2" changeset="152706852" timestamp="2024-06-15T06:10:05Z" user="Noktoborus" uid="540529">
  <nd ref="11974927802"/>
  <nd ref="11974927803"/>
  <nd ref="11974927804"/>
  <nd ref="11974927805"/>
  <nd ref="11974927806"/>
  <nd ref="11974927807"/>
  <nd ref="11974927808"/>
  <nd ref="11974927809"/>
  <nd ref="11974927791"/>
  <nd ref="11974927792"/>
  <nd ref="11974927795"/>
  <nd ref="11974927796"/>
  <nd ref="11974927797"/>
  <nd ref="11974927798"/>
  <nd ref="11974927799"/>
  <nd ref="11974927800"/>
  <nd ref="11974927801"/>
  <nd ref="11974927793"/>
  <nd ref="11974927794"/>
  <nd ref="11974927802"/>
  <tag k="building" v="gazebo"/>
 </way>
 <way id="1291688734" visible="true" version="2" changeset="152706852" timestamp="2024-06-15T06:10:05Z" user="Noktoborus" uid="540529">
  <nd ref="11974927821"/>
  <nd ref="11974927822"/>
  <nd ref="11974927823"/>
  <nd ref="11974927824"/>
  <nd ref="11974927825"/>
  <nd ref="11974927826"/>
  <nd ref="11974927827"/>
  <nd ref="11974927828"/>
  <nd ref="11974927810"/>
  <nd ref="11974927811"/>
  <nd ref="11974927814"/>
  <nd ref="11974927815"/>
  <nd ref="11974927816"/>
  <nd ref="11974927817"/>
  <nd ref="11974927818"/>
  <nd ref="11974927819"/>
  <nd ref="11974927820"/>
  <nd ref="11974927812"/>
  <nd ref="11974927813"/>
  <nd ref="11974927821"/>
  <tag k="building" v="gazebo"/>
 </way>
 <way id="1291688735" visible="true" version="2" changeset="152706852" timestamp="2024-06-15T06:10:05Z" user="Noktoborus" uid="540529">
  <nd ref="11974927840"/>
  <nd ref="11974927841"/>
  <nd ref="11974927842"/>
  <nd ref="11974927843"/>
  <nd ref="11974927844"/>
  <nd ref="11974927845"/>
  <nd ref="11974927846"/>
  <nd ref="11974927847"/>
  <nd ref="11974927829"/>
  <nd ref="11974927830"/>
  <nd ref="11974927833"/>
  <nd ref="11974927834"/>
  <nd ref="11974927835"/>
  <nd ref="11974927836"/>
  <nd ref="11974927837"/>
  <nd ref="11974927838"/>
  <nd ref="11974927839"/>
  <nd ref="11974927831"/>
  <nd ref="11974927832"/>
  <nd ref="11974927840"/>
  <tag k="building" v="gazebo"/>
 </way>
 <way id="1291688736" visible="true" version="2" changeset="152706852" timestamp="2024-06-15T06:10:05Z" user="Noktoborus" uid="540529">
  <nd ref="11974927860"/>
  <nd ref="11974927861"/>
  <nd ref="11974927862"/>
  <nd ref="11974927863"/>
  <nd ref="11974927864"/>
  <nd ref="11974927865"/>
  <nd ref="11974927866"/>
  <nd ref="11974927848"/>
  <nd ref="11974927849"/>
  <nd ref="11974927852"/>
  <nd ref="11974927853"/>
  <nd ref="11974927854"/>
  <nd ref="11974927855"/>
  <nd ref="11974927856"/>
  <nd ref="11974927857"/>
  <nd ref="11974927858"/>
  <nd ref="11974927859"/>
  <nd ref="11974927850"/>
  <nd ref="11974927851"/>
  <nd ref="11974927860"/>
  <tag k="building" v="gazebo"/>
 </way>
 <way id="1291688737" visible="true" version="2" changeset="152706852" timestamp="2024-06-15T06:10:05Z" user="Noktoborus" uid="540529">
  <nd ref="11974927877"/>
  <nd ref="11974927878"/>
  <nd ref="11974927879"/>
  <nd ref="11974927880"/>
  <nd ref="11974927881"/>
  <nd ref="11974927882"/>
  <nd ref="11974927883"/>
  <nd ref="11974927884"/>
  <nd ref="11974927885"/>
  <nd ref="11974927867"/>
  <nd ref="11974927868"/>
  <nd ref="11974927871"/>
  <nd ref="11974927872"/>
  <nd ref="11974927873"/>
  <nd ref="11974927874"/>
  <nd ref="11974927875"/>
  <nd ref="11974927876"/>
  <nd ref="11974927869"/>
  <nd ref="11974927870"/>
  <nd ref="11974927877"/>
  <tag k="building" v="gazebo"/>
 </way>
 <way id="1291688738" visible="true" version="2" changeset="152706852" timestamp="2024-06-15T06:10:05Z" user="Noktoborus" uid="540529">
  <nd ref="11974927897"/>
  <nd ref="11974927898"/>
  <nd ref="11974927899"/>
  <nd ref="11974927900"/>
  <nd ref="11974927901"/>
  <nd ref="11974927902"/>
  <nd ref="11974927903"/>
  <nd ref="11974927904"/>
  <nd ref="11974927886"/>
  <nd ref="11974927887"/>
  <nd ref="11974927890"/>
  <nd ref="11974927891"/>
  <nd ref="11974927892"/>
  <nd ref="11974927893"/>
  <nd ref="11974927894"/>
  <nd ref="11974927895"/>
  <nd ref="11974927896"/>
  <nd ref="11974927888"/>
  <nd ref="11974927889"/>
  <nd ref="11974927897"/>
  <tag k="building" v="gazebo"/>
 </way>
 <way id="1291688739" visible="true" version="2" changeset="152706852" timestamp="2024-06-15T06:10:05Z" user="Noktoborus" uid="540529">
  <nd ref="11974927905"/>
  <nd ref="11974927906"/>
  <nd ref="11974927907"/>
  <nd ref="11974927908"/>
  <nd ref="11974927905"/>
  <tag k="building" v="service"/>
 </way>
 <way id="1291688740" visible="true" version="2" changeset="152706852" timestamp="2024-06-15T06:10:05Z" user="Noktoborus" uid="540529">
  <nd ref="11974927920"/>
  <nd ref="11974927921"/>
  <nd ref="11974927922"/>
  <nd ref="11974927923"/>
  <nd ref="11974927924"/>
  <nd ref="11974927925"/>
  <nd ref="11974927926"/>
  <nd ref="11974927927"/>
  <nd ref="11974927909"/>
  <nd ref="11974927910"/>
  <nd ref="11974927913"/>
  <nd ref="11974927914"/>
  <nd ref="11974927915"/>
  <nd ref="11974927916"/>
  <nd ref="11974927917"/>
  <nd ref="11974927918"/>
  <nd ref="11974927919"/>
  <nd ref="11974927911"/>
  <nd ref="11974927912"/>
  <nd ref="11974927920"/>
  <tag k="building" v="gazebo"/>
 </way>
 <way id="1291688741" visible="true" version="2" changeset="152706852" timestamp="2024-06-15T06:10:05Z" user="Noktoborus" uid="540529">
  <nd ref="11974927939"/>
  <nd ref="11974927940"/>
  <nd ref="11974927941"/>
  <nd ref="11974927942"/>
  <nd ref="11974927943"/>
  <nd ref="11974927944"/>
  <nd ref="11974927945"/>
  <nd ref="11974927946"/>
  <nd ref="11974927928"/>
  <nd ref="11974927929"/>
  <nd ref="11974927932"/>
  <nd ref="11974927933"/>
  <nd ref="11974927934"/>
  <nd ref="11974927935"/>
  <nd ref="11974927936"/>
  <nd ref="11974927937"/>
  <nd ref="11974927938"/>
  <nd ref="11974927930"/>
  <nd ref="11974927931"/>
  <nd ref="11974927939"/>
  <tag k="building" v="gazebo"/>
 </way>
 <way id="1291688742" visible="true" version="6" changeset="152752750" timestamp="2024-06-16T09:43:34Z" user="Noktoborus" uid="540529">
  <nd ref="11974927947"/>
  <nd ref="11978297292"/>
  <nd ref="11978297287"/>
  <nd ref="11974927948"/>
  <nd ref="11978297288"/>
  <nd ref="11978297289"/>
  <nd ref="11974927949"/>
  <nd ref="11974927950"/>
  <nd ref="11978297290"/>
  <nd ref="11978297291"/>
  <nd ref="11974927947"/>
 </way>
 <way id="1291688743" visible="true" version="1" changeset="152577141" timestamp="2024-06-12T08:57:19Z" user="Noktoborus" uid="540529">
  <nd ref="11974927963"/>
  <nd ref="11974927964"/>
  <nd ref="11974927965"/>
  <nd ref="11974927966"/>
  <nd ref="11974927967"/>
  <nd ref="11974927968"/>
  <nd ref="11974927969"/>
  <nd ref="11974927951"/>
  <nd ref="11974927952"/>
  <nd ref="11974927955"/>
  <nd ref="11974927956"/>
  <nd ref="11974927957"/>
  <nd ref="11974927958"/>
  <nd ref="11974927959"/>
  <nd ref="11974927960"/>
  <nd ref="11974927961"/>
  <nd ref="11974927962"/>
  <nd ref="11974927953"/>
  <nd ref="11974927954"/>
  <nd ref="11974927963"/>
  <tag k="amenity" v="shelter"/>
  <tag k="building" v="gazebo"/>
  <tag k="shelter_type" v="gazebo"/>
 </way>
 <way id="1291688744" visible="true" version="4" changeset="153489077" timestamp="2024-07-03T07:47:26Z" user="Noktoborus" uid="540529">
  <nd ref="4622570066"/>
  <nd ref="11990403922"/>
  <nd ref="11974927970"/>
  <nd ref="11983238549"/>
  <nd ref="11974927971"/>
  <nd ref="11974927972"/>
  <nd ref="4622570066"/>
  <tag k="amenity" v="kindergarten"/>
  <tag k="landuse" v="education"/>
  <tag k="name" v="Kindengarten No 234"/>
 </way>
 <way id="1291688745" visible="true" version="1" changeset="152577141" timestamp="2024-06-12T08:57:19Z" user="Noktoborus" uid="540529">
  <nd ref="11974927974"/>
  <nd ref="11974927975"/>
  <tag k="highway" v="footway"/>
 </way>
 <way id="1291688746" visible="true" version="1" changeset="152577141" timestamp="2024-06-12T08:57:19Z" user="Noktoborus" uid="540529">
  <nd ref="11974927977"/>
  <nd ref="11974927978"/>
  <tag k="highway" v="footway"/>
 </way>
 <way id="1291688747" visible="true" version="1" changeset="152577141" timestamp="2024-06-12T08:57:19Z" user="Noktoborus" uid="540529">
  <nd ref="11974927990"/>
  <nd ref="11974927991"/>
  <nd ref="11974927992"/>
  <nd ref="11974927993"/>
  <nd ref="11974927994"/>
  <nd ref="11974927995"/>
  <nd ref="11974927996"/>
  <nd ref="11974927978"/>
  <nd ref="11974927979"/>
  <nd ref="11974927982"/>
  <nd ref="11974927983"/>
  <nd ref="11974927984"/>
  <nd ref="11974927985"/>
  <nd ref="11974927986"/>
  <nd ref="11974927987"/>
  <nd ref="11974927988"/>
  <nd ref="11974927989"/>
  <nd ref="11974927980"/>
  <nd ref="11974927981"/>
  <nd ref="11974927990"/>
  <tag k="highway" v="footway"/>
 </way>
 <way id="1291688748" visible="true" version="1" changeset="152577141" timestamp="2024-06-12T08:57:19Z" user="Noktoborus" uid="540529">
  <nd ref="11974927989"/>
  <nd ref="11974927997"/>
  <tag k="highway" v="footway"/>
 </way>
 <way id="1291688749" visible="true" version="3" changeset="154095623" timestamp="2024-07-18T11:03:07Z" user="Noktoborus" uid="540529">
  <nd ref="11973573190"/>
  <nd ref="11973573174"/>
  <nd ref="12061042783"/>
  <nd ref="11974927999"/>
  <nd ref="11974928000"/>
  <nd ref="11973573190"/>
  <tag k="building" v="yes"/>
  <tag k="building:levels" v="1"/>
 </way>
 <way id="1291688750" visible="true" version="3" changeset="154095623" timestamp="2024-07-18T11:03:07Z" user="Noktoborus" uid="540529">
  <nd ref="11974928001"/>
  <nd ref="12061042776"/>
  <nd ref="12061042777"/>
  <nd ref="11974928002"/>
  <nd ref="11974928003"/>
  <nd ref="11974928001"/>
  <tag k="building" v="yes"/>
  <tag k="building:levels" v="1"/>
 </way>
 <way id="1291688751" visible="true" version="5" changeset="154095623" timestamp="2024-07-18T11:03:07Z" user="Noktoborus" uid="540529">
  <nd ref="11974928002"/>
  <nd ref="11974928004"/>
  <nd ref="11982904642"/>
  <nd ref="11983238550"/>
  <nd ref="12061042778"/>
  <nd ref="12061042777"/>
  <nd ref="11974928002"/>
  <tag k="building" v="garage"/>
  <tag k="building:levels" v="1"/>
 </way>
 <way id="1292038973" visible="true" version="2" changeset="152624452" timestamp="2024-06-13T09:44:20Z" user="Noktoborus" uid="540529">
  <nd ref="11977909591"/>
  <nd ref="11977921503"/>
  <nd ref="11977909590"/>
  <tag k="highway" v="footway"/>
 </way>
 <way id="1292039583" visible="true" version="1" changeset="152624452" timestamp="2024-06-13T09:44:20Z" user="Noktoborus" uid="540529">
  <nd ref="11977921503"/>
  <nd ref="11977921504"/>
  <tag k="highway" v="footway"/>
 </way>
 <way id="1292093113" visible="true" version="3" changeset="152750238" timestamp="2024-06-16T08:34:10Z" user="Noktoborus" uid="540529">
  <nd ref="11978297275"/>
  <nd ref="11978297276"/>
  <nd ref="11978297277"/>
  <nd ref="11978297278"/>
  <nd ref="11978297279"/>
  <nd ref="11978297280"/>
  <nd ref="11978297281"/>
  <nd ref="11982398158"/>
  <nd ref="11978297282"/>
  <nd ref="11978297284"/>
  <nd ref="11978297285"/>
  <nd ref="11974927997"/>
  <nd ref="11978257468"/>
  <nd ref="11978297271"/>
  <nd ref="11978297272"/>
  <nd ref="11978297273"/>
  <nd ref="11978297274"/>
  <nd ref="11985052829"/>
  <nd ref="11977921504"/>
  <nd ref="11978297270"/>
  <nd ref="11978297275"/>
  <tag k="highway" v="footway"/>
 </way>
 <way id="1292093114" visible="true" version="1" changeset="152632733" timestamp="2024-06-13T12:50:54Z" user="Noktoborus" uid="540529">
  <nd ref="11978297286"/>
  <nd ref="11978297282"/>
  <tag k="highway" v="footway"/>
 </way>
 <way id="1292093115" visible="true" version="1" changeset="152632733" timestamp="2024-06-13T12:50:54Z" user="Noktoborus" uid="540529">
  <nd ref="11978297287"/>
  <nd ref="11974927948"/>
  <nd ref="11978297288"/>
  <tag k="barrier" v="fence"/>
 </way>
 <way id="1292093116" visible="true" version="1" changeset="152632733" timestamp="2024-06-13T12:50:54Z" user="Noktoborus" uid="540529">
  <nd ref="11978297289"/>
  <nd ref="11974927949"/>
  <nd ref="11974927950"/>
  <nd ref="11978297290"/>
  <tag k="barrier" v="fence"/>
 </way>
 <way id="1292093117" visible="true" version="1" changeset="152632733" timestamp="2024-06-13T12:50:54Z" user="Noktoborus" uid="540529">
  <nd ref="11978297291"/>
  <nd ref="11974927947"/>
  <nd ref="11978297292"/>
  <tag k="barrier" v="fence"/>
 </way>
 <way id="1292554178" visible="true" version="1" changeset="152706663" timestamp="2024-06-15T05:59:18Z" user="Noktoborus" uid="540529">
  <nd ref="11982398090"/>
  <nd ref="11982398097"/>
  <nd ref="11010269920"/>
  <nd ref="635138932"/>
 </way>
 <way id="1292554179" visible="true" version="1" changeset="152706663" timestamp="2024-06-15T05:59:18Z" user="Noktoborus" uid="540529">
  <nd ref="11982398090"/>
  <nd ref="11982398091"/>
 </way>
 <way id="1292554180" visible="true" version="1" changeset="152706663" timestamp="2024-06-15T05:59:18Z" user="Noktoborus" uid="540529">
  <nd ref="635138938"/>
  <nd ref="11982398092"/>
 </way>
 <way id="1292554181" visible="true" version="1" changeset="152706663" timestamp="2024-06-15T05:59:18Z" user="Noktoborus" uid="540529">
  <nd ref="11982398092"/>
  <nd ref="11982398094"/>
  <nd ref="11982398093"/>
  <nd ref="11982398090"/>
 </way>
 <way id="1292554182" visible="true" version="1" changeset="152706663" timestamp="2024-06-15T05:59:18Z" user="Noktoborus" uid="540529">
  <nd ref="11982398091"/>
  <nd ref="635138938"/>
 </way>
 <way id="1292554183" visible="true" version="1" changeset="152706663" timestamp="2024-06-15T05:59:18Z" user="Noktoborus" uid="540529">
  <nd ref="635138932"/>
  <nd ref="635138934"/>
  <nd ref="635138937"/>
  <nd ref="11982398091"/>
 </way>
 <way id="1292554184" visible="true" version="1" changeset="152706663" timestamp="2024-06-15T05:59:18Z" user="Noktoborus" uid="540529">
  <nd ref="635138938"/>
  <nd ref="635138939"/>
  <nd ref="635138941"/>
 </way>
 <way id="1292554185" visible="true" version="1" changeset="152706663" timestamp="2024-06-15T05:59:18Z" user="Noktoborus" uid="540529">
  <nd ref="11974927708"/>
  <nd ref="11974927705"/>
 </way>
 <way id="1292554186" visible="true" version="1" changeset="152706663" timestamp="2024-06-15T05:59:18Z" user="Noktoborus" uid="540529">
  <nd ref="635138941"/>
  <nd ref="11982398098"/>
  <nd ref="11974927709"/>
 </way>
 <way id="1292554187" visible="true" version="2" changeset="152753840" timestamp="2024-06-16T10:14:30Z" user="Noktoborus" uid="540529">
  <nd ref="11974927709"/>
  <nd ref="11974927706"/>
  <nd ref="11974927710"/>
  <nd ref="11985181016"/>
  <nd ref="11974927707"/>
  <nd ref="11974927708"/>
 </way>
 <way id="1292554188" visible="true" version="1" changeset="152706663" timestamp="2024-06-15T05:59:18Z" user="Noktoborus" uid="540529">
  <nd ref="11974927705"/>
  <nd ref="11974927702"/>
 </way>
 <way id="1292554189" visible="true" version="2" changeset="152706852" timestamp="2024-06-15T06:10:05Z" user="Noktoborus" uid="540529">
  <nd ref="11982398101"/>
  <nd ref="11982398102"/>
  <nd ref="11982398103"/>
  <nd ref="11982398104"/>
  <nd ref="11982398105"/>
  <nd ref="11982398106"/>
  <nd ref="11982398107"/>
  <nd ref="11982398108"/>
  <nd ref="11982398109"/>
  <nd ref="11982398110"/>
  <nd ref="11982398111"/>
  <nd ref="11982398112"/>
  <nd ref="11982398113"/>
  <nd ref="11982398114"/>
  <nd ref="11982398115"/>
  <nd ref="11982398116"/>
  <nd ref="11982398117"/>
  <nd ref="11982398118"/>
  <nd ref="11982398119"/>
  <nd ref="11982398101"/>
  <tag k="building" v="gazebo"/>
 </way>
 <way id="1292554190" visible="true" version="2" changeset="152706852" timestamp="2024-06-15T06:10:05Z" user="Noktoborus" uid="540529">
  <nd ref="11982398120"/>
  <nd ref="11982398121"/>
  <nd ref="11982398122"/>
  <nd ref="11982398123"/>
  <nd ref="11982398124"/>
  <nd ref="11982398125"/>
  <nd ref="11982398126"/>
  <nd ref="11982398127"/>
  <nd ref="11982398128"/>
  <nd ref="11982398129"/>
  <nd ref="11982398130"/>
  <nd ref="11982398131"/>
  <nd ref="11982398132"/>
  <nd ref="11982398133"/>
  <nd ref="11982398134"/>
  <nd ref="11982398135"/>
  <nd ref="11982398136"/>
  <nd ref="11982398137"/>
  <nd ref="11982398138"/>
  <nd ref="11982398120"/>
  <tag k="building" v="gazebo"/>
 </way>
 <way id="1292554191" visible="true" version="2" changeset="152706852" timestamp="2024-06-15T06:10:05Z" user="Noktoborus" uid="540529">
  <nd ref="11982398139"/>
  <nd ref="11982398140"/>
  <nd ref="11982398141"/>
  <nd ref="11982398142"/>
  <nd ref="11982398143"/>
  <nd ref="11982398144"/>
  <nd ref="11982398145"/>
  <nd ref="11982398146"/>
  <nd ref="11982398147"/>
  <nd ref="11982398148"/>
  <nd ref="11982398149"/>
  <nd ref="11982398150"/>
  <nd ref="11982398151"/>
  <nd ref="11982398152"/>
  <nd ref="11982398153"/>
  <nd ref="11982398154"/>
  <nd ref="11982398155"/>
  <nd ref="11982398156"/>
  <nd ref="11982398157"/>
  <nd ref="11982398139"/>
  <tag k="building" v="gazebo"/>
 </way>
 <way id="1292554192" visible="true" version="2" changeset="152706852" timestamp="2024-06-15T06:10:05Z" user="Noktoborus" uid="540529">
  <nd ref="11982398159"/>
  <nd ref="11982398160"/>
  <nd ref="11982398161"/>
  <nd ref="11982398162"/>
  <nd ref="11982398163"/>
  <nd ref="11982398164"/>
  <nd ref="11982398165"/>
  <nd ref="11982398166"/>
  <nd ref="11982398167"/>
  <nd ref="11982398168"/>
  <nd ref="11982407569"/>
  <nd ref="11982407570"/>
  <nd ref="11982407571"/>
  <nd ref="11982407572"/>
  <nd ref="11982407573"/>
  <nd ref="11982407574"/>
  <nd ref="11982407575"/>
  <nd ref="11982407576"/>
  <nd ref="11982407577"/>
  <nd ref="11982398159"/>
  <tag k="building" v="gazebo"/>
 </way>
 <way id="1292621278" visible="true" version="2" changeset="152726753" timestamp="2024-06-15T15:32:30Z" user="Noktoborus" uid="540529">
  <nd ref="11982901710"/>
  <nd ref="11982901704"/>
  <nd ref="11982901713"/>
  <nd ref="11983238534"/>
  <nd ref="11982901714"/>
  <nd ref="11983238533"/>
  <nd ref="11982901710"/>
  <tag k="natural" v="wood"/>
 </way>
 <way id="1292621279" visible="true" version="2" changeset="152727403" timestamp="2024-06-15T15:50:51Z" user="Noktoborus" uid="540529">
  <nd ref="11973573191"/>
  <nd ref="11982901711"/>
  <nd ref="1327798420"/>
  <tag k="barrier" v="wall"/>
 </way>
 <way id="1292621280" visible="true" version="3" changeset="153364675" timestamp="2024-06-30T11:27:36Z" user="Noktoborus" uid="540529">
  <nd ref="11973573177"/>
  <nd ref="11982901707"/>
  <tag k="highway" v="service"/>
  <tag k="smoothness" v="good"/>
  <tag k="surface" v="asphalt"/>
 </way>
 <way id="1292621281" visible="true" version="3" changeset="152795362" timestamp="2024-06-17T10:16:51Z" user="Noktoborus" uid="540529">
  <nd ref="11982901709"/>
  <nd ref="11982901705"/>
  <nd ref="11982901712"/>
  <nd ref="11982901708"/>
  <nd ref="11982901715"/>
  <nd ref="11987215329"/>
  <nd ref="11987215330"/>
  <nd ref="11987215331"/>
  <nd ref="11982901709"/>
  <tag k="building" v="garages"/>
  <tag k="building:levels" v="1"/>
 </way>
 <way id="1292621282" visible="true" version="1" changeset="152721412" timestamp="2024-06-15T13:22:47Z" user="Noktoborus" uid="540529">
  <nd ref="11982901705"/>
  <nd ref="11982901711"/>
  <tag k="barrier" v="fence"/>
 </way>
 <way id="1292640417" visible="true" version="1" changeset="152725115" timestamp="2024-06-15T14:50:59Z" user="Noktoborus" uid="540529">
  <nd ref="11983088610"/>
  <nd ref="11983088613"/>
  <tag k="highway" v="footway"/>
 </way>
 <way id="1292640418" visible="true" version="3" changeset="153250412" timestamp="2024-06-27T14:22:20Z" user="Noktoborus" uid="540529">
  <nd ref="11983088614"/>
  <nd ref="11983088615"/>
  <nd ref="11983088611"/>
  <nd ref="12015042799"/>
  <nd ref="11983088612"/>
  <nd ref="11983088614"/>
  <tag k="building" v="retail"/>
  <tag k="building:levels" v="1"/>
 </way>
 <way id="1292642011" visible="true" version="1" changeset="152725429" timestamp="2024-06-15T15:00:32Z" user="Noktoborus" uid="540529">
  <nd ref="11983087857"/>
  <nd ref="11983087856"/>
  <nd ref="11983087859"/>
  <tag k="highway" v="service"/>
 </way>
 <way id="1292642012" visible="true" version="1" changeset="152725429" timestamp="2024-06-15T15:00:32Z" user="Noktoborus" uid="540529">
  <nd ref="11983087865"/>
  <nd ref="11983087863"/>
  <nd ref="11983087866"/>
  <tag k="highway" v="service"/>
 </way>
 <way id="1292642013" visible="true" version="3" changeset="152727348" timestamp="2024-06-15T15:49:29Z" user="Noktoborus" uid="540529">
  <nd ref="11973573202"/>
  <nd ref="11983238541"/>
  <nd ref="11973573185"/>
  <nd ref="11973573186"/>
  <nd ref="11973573179"/>
  <nd ref="11973573208"/>
  <nd ref="11973573182"/>
  <nd ref="11974928005"/>
  <nd ref="11974928006"/>
  <nd ref="11973573197"/>
  <nd ref="11973573212"/>
  <nd ref="11973573201"/>
  <nd ref="11973573202"/>
  <tag k="building" v="garages"/>
  <tag k="building:levels" v="1"/>
 </way>
 <way id="1292642014" visible="true" version="3" changeset="153489077" timestamp="2024-07-03T07:47:26Z" user="Noktoborus" uid="540529">
  <nd ref="11983087864"/>
  <nd ref="11973573173"/>
  <nd ref="11983238547"/>
  <nd ref="11983238548"/>
  <nd ref="11973573183"/>
  <nd ref="12030716153"/>
  <nd ref="12030716150"/>
  <nd ref="11973573210"/>
  <nd ref="11974928010"/>
  <nd ref="11974928009"/>
  <nd ref="11974928008"/>
  <nd ref="11974928007"/>
  <nd ref="11973573172"/>
  <nd ref="11983087868"/>
  <nd ref="11983087864"/>
  <tag k="building" v="garages"/>
 </way>
 <way id="1292642016" visible="true" version="2" changeset="152726753" timestamp="2024-06-15T15:32:30Z" user="Noktoborus" uid="540529">
  <nd ref="1327798815"/>
  <nd ref="11983087856"/>
  <nd ref="11983087860"/>
  <nd ref="11983238535"/>
  <nd ref="11983087852"/>
  <nd ref="11983087862"/>
  <nd ref="11983238528"/>
  <tag k="barrier" v="wall"/>
 </way>
 <way id="1292642017" visible="true" version="1" changeset="152725429" timestamp="2024-06-15T15:00:32Z" user="Noktoborus" uid="540529">
  <nd ref="2441302978"/>
  <nd ref="11983087861"/>
  <nd ref="11983087865"/>
  <tag k="highway" v="service"/>
 </way>
 <way id="1292642018" visible="true" version="1" changeset="152725429" timestamp="2024-06-15T15:00:32Z" user="Noktoborus" uid="540529">
  <nd ref="11983087861"/>
  <nd ref="11983087855"/>
  <nd ref="11563394806"/>
  <tag k="highway" v="footway"/>
 </way>
 <way id="1292661061" visible="true" version="1" changeset="152726753" timestamp="2024-06-15T15:32:30Z" user="Noktoborus" uid="540529">
  <nd ref="11983238494"/>
  <nd ref="11983238495"/>
  <nd ref="11983238496"/>
  <nd ref="11983238509"/>
  <nd ref="11983238506"/>
  <nd ref="11983238497"/>
  <nd ref="11983238494"/>
  <tag k="building" v="garages"/>
 </way>
 <way id="1292661064" visible="true" version="1" changeset="152726753" timestamp="2024-06-15T15:32:30Z" user="Noktoborus" uid="540529">
  <nd ref="11983238506"/>
  <nd ref="11983238507"/>
  <nd ref="11983238508"/>
  <nd ref="11983238509"/>
  <nd ref="11983238506"/>
  <tag k="building" v="garages"/>
 </way>
 <way id="1292661065" visible="true" version="1" changeset="152726753" timestamp="2024-06-15T15:32:30Z" user="Noktoborus" uid="540529">
  <nd ref="11983238510"/>
  <nd ref="11983238511"/>
  <nd ref="11983238512"/>
  <nd ref="11983238513"/>
  <nd ref="11983238510"/>
  <tag k="building" v="garages"/>
 </way>
 <way id="1292661066" visible="true" version="1" changeset="152726753" timestamp="2024-06-15T15:32:30Z" user="Noktoborus" uid="540529">
  <nd ref="11983238514"/>
  <nd ref="11983238515"/>
  <nd ref="11983238518"/>
  <nd ref="11983238516"/>
  <nd ref="11983238517"/>
  <nd ref="11983238514"/>
  <tag k="building" v="garages"/>
 </way>
 <way id="1292661067" visible="true" version="1" changeset="152726753" timestamp="2024-06-15T15:32:30Z" user="Noktoborus" uid="540529">
  <nd ref="11983238518"/>
  <nd ref="11983238527"/>
  <nd ref="11983238519"/>
  <nd ref="11983238520"/>
  <nd ref="11983238516"/>
  <nd ref="11983238518"/>
  <tag k="building" v="yes"/>
 </way>
 <way id="1292661068" visible="true" version="2" changeset="153926870" timestamp="2024-07-14T11:48:26Z" user="Noktoborus" uid="540529">
  <nd ref="11983238521"/>
  <nd ref="11983238526"/>
  <nd ref="11983238522"/>
  <nd ref="11983238523"/>
  <nd ref="11983238524"/>
  <nd ref="11983238521"/>
  <tag k="building" v="service"/>
 </way>
 <way id="1292661069" visible="true" version="1" changeset="152726753" timestamp="2024-06-15T15:32:30Z" user="Noktoborus" uid="540529">
  <nd ref="11983238525"/>
  <nd ref="11983238521"/>
  <nd ref="11983238526"/>
  <nd ref="11983238527"/>
  <nd ref="11983238518"/>
  <nd ref="11983238515"/>
  <nd ref="11983238525"/>
  <tag k="building" v="yes"/>
 </way>
 <way id="1292661070" visible="true" version="2" changeset="152795362" timestamp="2024-06-17T10:16:51Z" user="Noktoborus" uid="540529">
  <nd ref="11973573186"/>
  <nd ref="11983238530"/>
  <nd ref="11982901709"/>
  <nd ref="11973573179"/>
  <nd ref="11973573186"/>
  <tag k="building" v="yes"/>
 </way>
 <way id="1292661071" visible="true" version="1" changeset="152726753" timestamp="2024-06-15T15:32:30Z" user="Noktoborus" uid="540529">
  <nd ref="11983238537"/>
  <nd ref="11983238538"/>
  <nd ref="11983238539"/>
  <nd ref="11983238540"/>
  <nd ref="11983238537"/>
  <tag k="building" v="service"/>
 </way>
 <way id="1292661072" visible="true" version="2" changeset="152727348" timestamp="2024-06-15T15:49:29Z" user="Noktoborus" uid="540529">
  <nd ref="11983238541"/>
  <nd ref="11973573185"/>
  <nd ref="11983238542"/>
  <nd ref="11983238543"/>
  <nd ref="11983238544"/>
  <nd ref="11983238545"/>
  <nd ref="11983238546"/>
  <nd ref="11973573202"/>
  <nd ref="11983238541"/>
  <tag k="building" v="garages"/>
  <tag k="building:levels" v="1"/>
 </way>
 <way id="1292695700" visible="true" version="1" changeset="152734995" timestamp="2024-06-15T19:14:01Z" user="Noktoborus" uid="540529">
  <nd ref="311047637"/>
  <nd ref="11983679801"/>
  <nd ref="5030320680"/>
  <nd ref="311047638"/>
  <tag k="highway" v="residential"/>
  <tag k="maxspeed:type" v="AM:urban"/>
  <tag k="name" v="Գրիգոր Արծրունու փողոց"/>
  <tag k="name:en" v="Grigor Artsrunu street"/>
  <tag k="name:hy" v="Գրիգոր Արծրունու փողոց"/>
  <tag k="name:ru" v="улица Грикора Арцруни"/>
  <tag k="surface" v="asphalt"/>
 </way>
 <way id="1292695701" visible="true" version="3" changeset="160883080" timestamp="2025-01-01T19:49:02Z" user="Данил Мошарев" uid="10374805">
  <nd ref="11983679797"/>
  <nd ref="12446969180"/>
  <nd ref="5030320675"/>
  <nd ref="12467431193"/>
  <nd ref="12467443210"/>
  <nd ref="5029952797"/>
  <tag k="footway" v="sidewalk"/>
  <tag k="highway" v="footway"/>
  <tag k="lit" v="yes"/>
  <tag k="smoothness" v="good"/>
  <tag k="surface" v="asphalt"/>
 </way>
 <way id="1292695702" visible="true" version="1" changeset="152734995" timestamp="2024-06-15T19:14:01Z" user="Noktoborus" uid="540529">
  <nd ref="11983679798"/>
  <nd ref="5030320674"/>
  <nd ref="11983679797"/>
  <tag k="crossing" v="unmarked"/>
  <tag k="crossing:markings" v="no"/>
  <tag k="footway" v="crossing"/>
  <tag k="highway" v="footway"/>
  <tag k="lit" v="yes"/>
  <tag k="smoothness" v="good"/>
  <tag k="surface" v="asphalt"/>
 </way>
 <way id="1292695703" visible="true" version="1" changeset="152734995" timestamp="2024-06-15T19:14:01Z" user="Noktoborus" uid="540529">
  <nd ref="11983679800"/>
  <nd ref="5030320672"/>
  <tag k="footway" v="sidewalk"/>
  <tag k="highway" v="footway"/>
  <tag k="lit" v="yes"/>
  <tag k="surface" v="asphalt"/>
 </way>
 <way id="1292695704" visible="true" version="1" changeset="152734995" timestamp="2024-06-15T19:14:01Z" user="Noktoborus" uid="540529">
  <nd ref="11983679799"/>
  <nd ref="5030320680"/>
  <nd ref="11983679800"/>
  <tag k="crossing" v="unmarked"/>
  <tag k="crossing:markings" v="no"/>
  <tag k="footway" v="crossing"/>
  <tag k="highway" v="footway"/>
  <tag k="lit" v="yes"/>
  <tag k="surface" v="asphalt"/>
 </way>
 <way id="1292695708" visible="true" version="2" changeset="152735204" timestamp="2024-06-15T19:20:28Z" user="Noktoborus" uid="540529">
  <nd ref="11983679808"/>
  <nd ref="11983690381"/>
  <tag k="highway" v="secondary"/>
  <tag k="lanes" v="4"/>
  <tag k="lit" v="yes"/>
  <tag k="maxspeed" v="60"/>
  <tag k="name" v="Վաղարշ Վաղարշյան փողոց"/>
  <tag k="name:en" v="Vagharsh Vagharshyan street"/>
  <tag k="name:hy" v="Վաղարշ Վաղարշյան փողոց"/>
  <tag k="name:ru" v="улица Вагарша Вагаршяна"/>
  <tag k="oneway" v="yes"/>
  <tag k="parking:left" v="no"/>
  <tag k="sidewalk:left" v="no"/>
  <tag k="sidewalk:right" v="separate"/>
  <tag k="smoothness" v="good"/>
  <tag k="surface" v="asphalt"/>
  <tag k="turn:lanes" v="left|left|through|through;right"/>
 </way>
 <way id="1292695712" visible="true" version="3" changeset="164562572" timestamp="2025-04-05T17:58:11Z" user="Arthur Ter-Grigoryan" uid="3013708">
  <nd ref="11983679817"/>
  <nd ref="11983580665"/>
  <tag k="highway" v="secondary"/>
  <tag k="lanes" v="3"/>
  <tag k="lit" v="yes"/>
  <tag k="maxspeed" v="60"/>
  <tag k="name" v="Վաղարշ Վաղարշյան փողոց"/>
  <tag k="name:en" v="Vagharsh Vagharshyan street"/>
  <tag k="name:hy" v="Վաղարշ Վաղարշյան փողոց"/>
  <tag k="name:ru" v="улица Вагарша Вагаршяна"/>
  <tag k="oneway" v="yes"/>
  <tag k="parking:left" v="no"/>
  <tag k="parking:right" v="lane"/>
  <tag k="parking:right:orientation" v="parallel"/>
  <tag k="sidewalk:left" v="no"/>
  <tag k="sidewalk:right" v="separate"/>
  <tag k="smoothness" v="good"/>
  <tag k="surface" v="asphalt"/>
  <tag k="turn:lanes" v="left|through|through;right"/>
 </way>
 <way id="1292696867" visible="true" version="1" changeset="152735155" timestamp="2024-06-15T19:18:51Z" user="Noktoborus" uid="540529">
  <nd ref="3824803073"/>
  <nd ref="2912634528"/>
  <nd ref="11983580662"/>
  <tag k="highway" v="secondary"/>
  <tag k="lanes" v="2"/>
  <tag k="lit" v="yes"/>
  <tag k="maxspeed" v="60"/>
  <tag k="name" v="Վաղարշ Վաղարշյան փողոց"/>
  <tag k="name:en" v="Vagharsh Vagharshyan street"/>
  <tag k="name:hy" v="Վաղարշ Վաղարշյան փողոց"/>
  <tag k="name:ru" v="улица Вагарша Вагаршяна"/>
  <tag k="oneway" v="yes"/>
  <tag k="parking:both" v="no"/>
  <tag k="sidewalk:both" v="separate"/>
  <tag k="smoothness" v="good"/>
  <tag k="surface" v="asphalt"/>
 </way>
 <way id="1292696868" visible="true" version="1" changeset="152735155" timestamp="2024-06-15T19:18:51Z" user="Noktoborus" uid="540529">
  <nd ref="11983580663"/>
  <nd ref="1327864652"/>
  <nd ref="11983679811"/>
  <tag k="highway" v="secondary"/>
  <tag k="lanes" v="2"/>
  <tag k="lit" v="yes"/>
  <tag k="maxspeed" v="60"/>
  <tag k="name" v="Վաղարշ Վաղարշյան փողոց"/>
  <tag k="name:en" v="Vagharsh Vagharshyan street"/>
  <tag k="name:hy" v="Վաղարշ Վաղարշյան փողոց"/>
  <tag k="name:ru" v="улица Вагарша Вагаршяна"/>
  <tag k="oneway" v="yes"/>
  <tag k="parking:left" v="no"/>
  <tag k="sidewalk:left" v="no"/>
  <tag k="sidewalk:right" v="separate"/>
  <tag k="smoothness" v="good"/>
  <tag k="surface" v="asphalt"/>
 </way>
 <way id="1292696869" visible="true" version="3" changeset="159304593" timestamp="2024-11-18T23:40:59Z" user="VlIvYur" uid="345975">
  <nd ref="11200637216"/>
  <nd ref="11668441167"/>
  <nd ref="11668441166"/>
  <tag k="highway" v="secondary"/>
  <tag k="lanes" v="2"/>
  <tag k="lit" v="yes"/>
  <tag k="maxspeed" v="60"/>
  <tag k="name" v="Վաղարշ Վաղարշյան փողոց"/>
  <tag k="name:en" v="Vagharsh Vagharshyan street"/>
  <tag k="name:hy" v="Վաղարշ Վաղարշյան փողոց"/>
  <tag k="name:ru" v="улица Вагарша Вагаршяна"/>
  <tag k="oneway" v="yes"/>
  <tag k="parking:both" v="no"/>
  <tag k="sidewalk:left" v="no"/>
  <tag k="sidewalk:right" v="separate"/>
  <tag k="smoothness" v="good"/>
  <tag k="surface" v="asphalt"/>
  <tag k="turn:lanes" v="through|through;right"/>
 </way>
 <way id="1292696982" visible="true" version="1" changeset="152735204" timestamp="2024-06-15T19:20:28Z" user="Noktoborus" uid="540529">
  <nd ref="11983690381"/>
  <nd ref="7006316454"/>
  <nd ref="2912634531"/>
  <nd ref="332046267"/>
  <tag k="highway" v="secondary"/>
  <tag k="lanes" v="4"/>
  <tag k="lit" v="yes"/>
  <tag k="maxspeed" v="60"/>
  <tag k="name" v="Վաղարշ Վաղարշյան փողոց"/>
  <tag k="name:en" v="Vagharsh Vagharshyan street"/>
  <tag k="name:hy" v="Վաղարշ Վաղարշյան փողոց"/>
  <tag k="name:ru" v="улица Вагарша Вагаршяна"/>
  <tag k="oneway" v="yes"/>
  <tag k="parking:both" v="no"/>
  <tag k="sidewalk:left" v="no"/>
  <tag k="sidewalk:right" v="separate"/>
  <tag k="smoothness" v="good"/>
  <tag k="surface" v="asphalt"/>
  <tag k="turn:lanes" v="left|left|through|through;right"/>
 </way>
 <way id="1292787046" visible="true" version="5" changeset="161721158" timestamp="2025-01-24T17:11:48Z" user="Данил Мошарев" uid="10374805">
  <nd ref="11984971242"/>
  <nd ref="12446969153"/>
  <nd ref="12446969151"/>
  <nd ref="12446969148"/>
  <nd ref="12446969147"/>
  <nd ref="12446969143"/>
  <nd ref="12446969142"/>
  <nd ref="12446969139"/>
  <nd ref="12446969138"/>
  <nd ref="12446969136"/>
  <nd ref="11984971243"/>
  <nd ref="12529673026"/>
  <nd ref="12446969131"/>
  <nd ref="12446969130"/>
  <nd ref="12446969123"/>
  <nd ref="12446969128"/>
  <nd ref="11984971244"/>
  <nd ref="12507469114"/>
  <nd ref="12507469115"/>
  <nd ref="12507469124"/>
  <nd ref="12507469121"/>
  <nd ref="12507469119"/>
  <nd ref="12507469116"/>
  <nd ref="11984971245"/>
  <nd ref="12467186196"/>
  <nd ref="12467186193"/>
  <nd ref="11984971242"/>
  <tag k="amenity" v="kindergarten"/>
  <tag k="name" v="Թիվ 31 մանկապարտեզ"/>
  <tag k="name:hy" v="Թիվ 31 մանկապարտեզ"/>
  <tag k="name:ru" v="Детский сад № 31"/>
 </way>
 <way id="1292817499" visible="true" version="1" changeset="152753840" timestamp="2024-06-16T10:14:30Z" user="Noktoborus" uid="540529">
  <nd ref="11985181015"/>
  <nd ref="11985181017"/>
  <nd ref="11985181016"/>
  <tag k="highway" v="footway"/>
 </way>
 <way id="1293040559" visible="true" version="3" changeset="153364675" timestamp="2024-06-30T11:27:53Z" user="Noktoborus" uid="540529">
  <nd ref="11987264699"/>
  <nd ref="11987264700"/>
  <nd ref="11987264701"/>
  <tag k="highway" v="service"/>
  <tag k="smoothness" v="good"/>
  <tag k="surface" v="asphalt"/>
 </way>
 <way id="1293458553" visible="true" version="1" changeset="152855471" timestamp="2024-06-18T15:51:52Z" user="Noktoborus" uid="540529">
  <nd ref="11990403921"/>
  <nd ref="11990403922"/>
  <nd ref="11990403923"/>
  <tag k="highway" v="footway"/>
 </way>
 <way id="1296646239" visible="true" version="1" changeset="153250412" timestamp="2024-06-27T14:22:20Z" user="Noktoborus" uid="540529">
  <nd ref="12015042808"/>
  <nd ref="12015042794"/>
  <tag k="highway" v="steps"/>
 </way>
 <way id="1296646240" visible="true" version="1" changeset="153250412" timestamp="2024-06-27T14:22:20Z" user="Noktoborus" uid="540529">
  <nd ref="12015042790"/>
  <nd ref="12015042807"/>
  <tag k="highway" v="footway"/>
 </way>
 <way id="1296646241" visible="true" version="1" changeset="153250412" timestamp="2024-06-27T14:22:20Z" user="Noktoborus" uid="540529">
  <nd ref="12015042804"/>
  <nd ref="12015042792"/>
  <nd ref="12015042795"/>
  <nd ref="12015042805"/>
  <nd ref="12015042803"/>
  <nd ref="12015042804"/>
  <tag k="natural" v="scrub"/>
 </way>
 <way id="1296646242" visible="true" version="2" changeset="154095623" timestamp="2024-07-18T11:03:07Z" user="Noktoborus" uid="540529">
  <nd ref="12015042800"/>
  <nd ref="12061042785"/>
  <nd ref="12061042786"/>
  <nd ref="12015042791"/>
  <nd ref="12015042806"/>
  <nd ref="12015042798"/>
  <nd ref="12015042800"/>
  <tag k="building" v="yes"/>
 </way>
 <way id="1296646243" visible="true" version="1" changeset="153250412" timestamp="2024-06-27T14:22:20Z" user="Noktoborus" uid="540529">
  <nd ref="12015042803"/>
  <nd ref="12015042805"/>
  <nd ref="12015042795"/>
  <nd ref="12015042792"/>
  <nd ref="12015042804"/>
  <nd ref="12015042803"/>
  <tag k="barrier" v="fence"/>
  <tag k="height" v="1"/>
 </way>
 <way id="1296646244" visible="true" version="2" changeset="154095623" timestamp="2024-07-18T11:03:07Z" user="Noktoborus" uid="540529">
  <nd ref="12015042794"/>
  <nd ref="12061042780"/>
  <nd ref="12015042790"/>
  <nd ref="12015042801"/>
  <tag k="highway" v="footway"/>
 </way>
 <way id="1298725885" visible="true" version="1" changeset="153489077" timestamp="2024-07-03T07:47:26Z" user="Noktoborus" uid="540529">
  <nd ref="12030716150"/>
  <nd ref="12030716151"/>
  <tag k="highway" v="service"/>
  <tag k="tunnel" v="building_passage"/>
 </way>
 <way id="1298725886" visible="true" version="1" changeset="153489077" timestamp="2024-07-03T07:47:26Z" user="Noktoborus" uid="540529">
  <nd ref="11987264701"/>
  <nd ref="12030716150"/>
  <tag k="highway" v="service"/>
 </way>
 <way id="1298725887" visible="true" version="1" changeset="153489077" timestamp="2024-07-03T07:47:26Z" user="Noktoborus" uid="540529">
  <nd ref="12030716152"/>
  <nd ref="12030716153"/>
  <nd ref="11973573183"/>
  <nd ref="12030716154"/>
  <nd ref="12030716152"/>
  <tag k="building" v="garages"/>
 </way>
 <way id="1298725888" visible="true" version="1" changeset="153489077" timestamp="2024-07-03T07:47:26Z" user="Noktoborus" uid="540529">
  <nd ref="12030716155"/>
  <nd ref="12030716156"/>
  <nd ref="12030716152"/>
  <nd ref="12030716154"/>
  <nd ref="12030716157"/>
  <nd ref="12030716155"/>
  <tag k="building" v="yes"/>
 </way>
 <way id="1301284806" visible="true" version="2" changeset="153928257" timestamp="2024-07-14T12:24:56Z" user="Noktoborus" uid="540529">
  <nd ref="12052998197"/>
  <nd ref="12052938007"/>
  <tag k="highway" v="footway"/>
 </way>
 <way id="1301284807" visible="true" version="2" changeset="153928002" timestamp="2024-07-14T12:18:16Z" user="Noktoborus" uid="540529">
  <nd ref="12052938007"/>
  <nd ref="12052938000"/>
  <tag k="highway" v="footway"/>
  <tag k="level" v="0"/>
  <tag k="tunnel" v="building_passage"/>
 </way>
 <way id="1301284808" visible="true" version="1" changeset="153926484" timestamp="2024-07-14T11:35:13Z" user="Noktoborus" uid="540529">
  <nd ref="12052938001"/>
  <nd ref="12052937996"/>
  <tag k="highway" v="footway"/>
 </way>
 <way id="1301284809" visible="true" version="1" changeset="153926484" timestamp="2024-07-14T11:35:13Z" user="Noktoborus" uid="540529">
  <nd ref="12052938000"/>
  <nd ref="11310042298"/>
  <tag k="highway" v="footway"/>
 </way>
 <way id="1301284810" visible="true" version="1" changeset="153926484" timestamp="2024-07-14T11:35:13Z" user="Noktoborus" uid="540529">
  <nd ref="12052937999"/>
  <nd ref="12052938004"/>
  <nd ref="11310042298"/>
  <tag k="highway" v="service"/>
 </way>
 <way id="1301284811" visible="true" version="1" changeset="153926484" timestamp="2024-07-14T11:35:13Z" user="Noktoborus" uid="540529">
  <nd ref="12052938005"/>
  <nd ref="12052937997"/>
  <tag k="highway" v="footway"/>
 </way>
 <way id="1301284812" visible="true" version="1" changeset="153926484" timestamp="2024-07-14T11:35:13Z" user="Noktoborus" uid="540529">
  <nd ref="12052937992"/>
  <nd ref="12052938001"/>
  <nd ref="12052938005"/>
  <tag k="highway" v="service"/>
 </way>
 <way id="1301284813" visible="true" version="1" changeset="153926484" timestamp="2024-07-14T11:35:13Z" user="Noktoborus" uid="540529">
  <nd ref="12052938006"/>
  <nd ref="12052937995"/>
  <nd ref="12052938003"/>
  <nd ref="12052937993"/>
  <nd ref="12052938006"/>
  <tag k="building" v="yes"/>
 </way>
 <way id="1301287014" visible="true" version="1" changeset="153926870" timestamp="2024-07-14T11:48:26Z" user="Noktoborus" uid="540529">
  <nd ref="12052948420"/>
  <nd ref="12052948435"/>
  <tag k="highway" v="footway"/>
 </way>
 <way id="1301287015" visible="true" version="2" changeset="153927591" timestamp="2024-07-14T12:08:55Z" user="Noktoborus" uid="540529">
  <nd ref="311047637"/>
  <nd ref="12052948418"/>
  <nd ref="12052948436"/>
  <nd ref="12052948435"/>
  <nd ref="12052948433"/>
  <tag k="highway" v="service"/>
 </way>
 <way id="1301287021" visible="true" version="1" changeset="153926870" timestamp="2024-07-14T11:48:26Z" user="Noktoborus" uid="540529">
  <nd ref="12052948430"/>
  <nd ref="12052948420"/>
  <tag k="highway" v="steps"/>
 </way>
 <way id="1301287024" visible="true" version="2" changeset="153930093" timestamp="2024-07-14T13:11:46Z" user="Noktoborus" uid="540529">
  <nd ref="12053035770"/>
  <nd ref="12052948437"/>
  <tag k="highway" v="steps"/>
 </way>
 <way id="1301287025" visible="true" version="1" changeset="153926870" timestamp="2024-07-14T11:48:26Z" user="Noktoborus" uid="540529">
  <nd ref="12052948437"/>
  <nd ref="12052948424"/>
  <tag k="highway" v="service"/>
 </way>
 <way id="1301291218" visible="true" version="2" changeset="153928069" timestamp="2024-07-14T12:19:52Z" user="Noktoborus" uid="540529">
  <nd ref="631198418"/>
  <nd ref="12052987860"/>
  <nd ref="12052972067"/>
  <nd ref="12052938007"/>
  <nd ref="12052972068"/>
  <nd ref="12052991269"/>
  <nd ref="12052938000"/>
  <nd ref="631198418"/>
  <tag k="indoor" v="corridor"/>
  <tag k="level" v="0"/>
 </way>
 <way id="1301291985" visible="true" version="1" changeset="153928216" timestamp="2024-07-14T12:24:06Z" user="Noktoborus" uid="540529">
  <nd ref="12052972433"/>
  <nd ref="12052972434"/>
  <nd ref="12052972437"/>
  <nd ref="12052972435"/>
  <nd ref="12052972436"/>
  <nd ref="12052972433"/>
  <tag k="building" v="retail"/>
 </way>
 <way id="1301296853" visible="true" version="1" changeset="153930093" timestamp="2024-07-14T13:11:46Z" user="Noktoborus" uid="540529">
  <nd ref="12052948436"/>
  <nd ref="12053035770"/>
  <tag k="highway" v="footway"/>
 </way>
 <way id="1302245818" visible="true" version="1" changeset="154095623" timestamp="2024-07-18T11:03:07Z" user="Noktoborus" uid="540529">
  <nd ref="12061042778"/>
  <nd ref="12061042779"/>
  <tag k="barrier" v="wall"/>
 </way>
 <way id="1302245819" visible="true" version="1" changeset="154095623" timestamp="2024-07-18T11:03:07Z" user="Noktoborus" uid="540529">
  <nd ref="12061042776"/>
  <nd ref="12061042781"/>
  <nd ref="11974928000"/>
  <tag k="barrier" v="fence"/>
 </way>
 <way id="1302245820" visible="true" version="1" changeset="154095623" timestamp="2024-07-18T11:03:07Z" user="Noktoborus" uid="540529">
  <nd ref="12061042780"/>
  <nd ref="12061042781"/>
  <nd ref="12061042782"/>
  <tag k="highway" v="footway"/>
 </way>
 <way id="1302245821" visible="true" version="1" changeset="154095623" timestamp="2024-07-18T11:03:07Z" user="Noktoborus" uid="540529">
  <nd ref="12061042787"/>
  <nd ref="11983088611"/>
  <nd ref="11983088615"/>
  <nd ref="12061042788"/>
  <nd ref="12061042789"/>
  <nd ref="12061042787"/>
  <tag k="building" v="kiosk"/>
 </way>
 <way id="1310830798" visible="true" version="1" changeset="155692555" timestamp="2024-08-24T11:59:53Z" user="VlIvYur" uid="345975">
  <nd ref="7657987155"/>
  <nd ref="12133698774"/>
  <nd ref="12133698773"/>
  <nd ref="12133698772"/>
  <nd ref="7657987154"/>
  <nd ref="7657987155"/>
  <tag k="building" v="retail"/>
 </way>
 <way id="1331983174" visible="true" version="1" changeset="158902329" timestamp="2024-11-08T16:21:27Z" user="Greg91" uid="1704044">
  <nd ref="12323984557"/>
  <nd ref="12323984558"/>
  <nd ref="12323984559"/>
  <nd ref="12323984560"/>
  <nd ref="12323984557"/>
  <tag k="building" v="retail"/>
 </way>
 <way id="1335206305" visible="true" version="1" changeset="159304593" timestamp="2024-11-18T23:40:59Z" user="VlIvYur" uid="345975">
  <nd ref="11668441166"/>
  <nd ref="11668441165"/>
  <tag k="highway" v="secondary"/>
  <tag k="lanes" v="2"/>
  <tag k="lit" v="yes"/>
  <tag k="maxspeed" v="60"/>
  <tag k="name" v="Վաղարշ Վաղարշյան փողոց"/>
  <tag k="name:en" v="Vagharsh Vagharshyan street"/>
  <tag k="name:hy" v="Վաղարշ Վաղարշյան փողոց"/>
  <tag k="name:ru" v="улица Вагарша Вагаршяна"/>
  <tag k="oneway" v="yes"/>
  <tag k="parking:both" v="no"/>
  <tag k="sidewalk:left" v="no"/>
  <tag k="sidewalk:right" v="separate"/>
  <tag k="smoothness" v="good"/>
  <tag k="surface" v="asphalt"/>
  <tag k="turn:lanes" v="through|through"/>
 </way>
 <way id="1335206306" visible="true" version="1" changeset="159304593" timestamp="2024-11-18T23:40:59Z" user="VlIvYur" uid="345975">
  <nd ref="11668441165"/>
  <nd ref="7006316455"/>
  <nd ref="11983580663"/>
  <tag k="highway" v="secondary"/>
  <tag k="lanes" v="2"/>
  <tag k="lit" v="yes"/>
  <tag k="maxspeed" v="60"/>
  <tag k="name" v="Վաղարշ Վաղարշյան փողոց"/>
  <tag k="name:en" v="Vagharsh Vagharshyan street"/>
  <tag k="name:hy" v="Վաղարշ Վաղարշյան փողոց"/>
  <tag k="name:ru" v="улица Вагарша Вагаршяна"/>
  <tag k="oneway" v="yes"/>
  <tag k="parking:both" v="no"/>
  <tag k="sidewalk:left" v="no"/>
  <tag k="sidewalk:right" v="separate"/>
  <tag k="smoothness" v="good"/>
  <tag k="surface" v="asphalt"/>
 </way>
 <way id="1339579754" visible="true" version="2" changeset="160258785" timestamp="2024-12-13T19:08:01Z" user="Данил Мошарев" uid="10374805">
  <nd ref="12391313139"/>
  <nd ref="12391313140"/>
  <nd ref="12391313141"/>
  <nd ref="12391313142"/>
  <nd ref="12391313143"/>
  <nd ref="12391313144"/>
  <nd ref="12391313145"/>
  <nd ref="12421241360"/>
  <nd ref="12421241352"/>
  <nd ref="12391313146"/>
  <nd ref="12421241359"/>
  <nd ref="12391313150"/>
  <nd ref="12391313151"/>
  <nd ref="12391313152"/>
  <nd ref="12391313139"/>
  <tag k="building" v="garages"/>
 </way>
 <way id="1339579755" visible="true" version="3" changeset="160258785" timestamp="2024-12-13T19:08:01Z" user="Данил Мошарев" uid="10374805">
  <nd ref="311061744"/>
  <nd ref="12391313153"/>
  <nd ref="12391313154"/>
  <nd ref="12421241361"/>
  <nd ref="12391313155"/>
  <nd ref="12391313156"/>
  <tag k="highway" v="service"/>
  <tag k="surface" v="asphalt"/>
 </way>
 <way id="1339579756" visible="true" version="1" changeset="159852916" timestamp="2024-12-02T17:35:36Z" user="Данил Мошарев" uid="10374805">
  <nd ref="7657965077"/>
  <nd ref="12391313157"/>
  <tag k="handrail" v="yes"/>
  <tag k="highway" v="steps"/>
  <tag k="incline" v="up"/>
  <tag k="step_count" v="6"/>
 </way>
 <way id="1339579757" visible="true" version="1" changeset="159852916" timestamp="2024-12-02T17:35:36Z" user="Данил Мошарев" uid="10374805">
  <nd ref="12391313157"/>
  <nd ref="12391313154"/>
  <tag k="highway" v="footway"/>
  <tag k="surface" v="asphalt"/>
 </way>
 <way id="1339579758" visible="true" version="3" changeset="161431561" timestamp="2025-01-16T19:38:16Z" user="Данил Мошарев" uid="10374805">
  <nd ref="7657965072"/>
  <nd ref="12391313159"/>
  <nd ref="12507626281"/>
  <nd ref="12468493051"/>
  <nd ref="12391313158"/>
  <tag k="highway" v="service"/>
  <tag k="surface" v="asphalt"/>
 </way>
 <way id="1339579761" visible="true" version="2" changeset="160565500" timestamp="2024-12-24T08:05:47Z" user="Данил Мошарев" uid="10374805">
  <nd ref="12391313170"/>
  <nd ref="12391313171"/>
  <tag k="highway" v="footway"/>
  <tag k="surface" v="paving_stones"/>
  <tag k="wheelchair" v="no"/>
 </way>
 <way id="1339579762" visible="true" version="3" changeset="160897672" timestamp="2025-01-02T09:09:28Z" user="Данил Мошарев" uid="10374805">
  <nd ref="7657965066"/>
  <nd ref="12467335115"/>
  <nd ref="12391313172"/>
  <nd ref="12468493007"/>
  <tag k="highway" v="service"/>
  <tag k="surface" v="asphalt"/>
 </way>
 <way id="1339579763" visible="true" version="2" changeset="160880583" timestamp="2025-01-01T18:46:16Z" user="Данил Мошарев" uid="10374805">
  <nd ref="12391313172"/>
  <nd ref="12467335116"/>
  <nd ref="12391313173"/>
  <tag k="highway" v="footway"/>
  <tag k="surface" v="asphalt"/>
 </way>
 <way id="1341084040" visible="true" version="2" changeset="160880583" timestamp="2025-01-01T18:46:16Z" user="Данил Мошарев" uid="10374805">
  <nd ref="7657965065"/>
  <nd ref="12405490230"/>
  <nd ref="12467335106"/>
  <nd ref="12405490232"/>
  <tag k="highway" v="footway"/>
 </way>
 <way id="1341084041" visible="true" version="2" changeset="160565500" timestamp="2024-12-24T08:05:47Z" user="Данил Мошарев" uid="10374805">
  <nd ref="12405490232"/>
  <nd ref="7657965064"/>
  <tag k="highway" v="steps"/>
  <tag k="incline" v="down"/>
 </way>
 <way id="1342500949" visible="true" version="1" changeset="160258785" timestamp="2024-12-13T19:08:01Z" user="Данил Мошарев" uid="10374805">
  <nd ref="12421241330"/>
  <nd ref="12421241331"/>
  <nd ref="12421241332"/>
  <nd ref="12421241333"/>
  <nd ref="12421241330"/>
  <tag k="building" v="garage"/>
 </way>
 <way id="1342500951" visible="true" version="2" changeset="161431561" timestamp="2025-01-16T19:38:16Z" user="Данил Мошарев" uid="10374805">
  <nd ref="12421241355"/>
  <nd ref="12421241356"/>
  <nd ref="12421241357"/>
  <nd ref="12421241358"/>
  <nd ref="12507626293"/>
  <nd ref="12421241355"/>
  <tag k="building" v="garage"/>
 </way>
 <way id="1345399570" visible="true" version="1" changeset="160565500" timestamp="2024-12-24T08:05:47Z" user="Данил Мошарев" uid="10374805">
  <nd ref="12446969133"/>
  <nd ref="12446969134"/>
  <nd ref="12446969135"/>
  <nd ref="11984971243"/>
  <nd ref="12446969136"/>
  <nd ref="12446969133"/>
  <tag k="building" v="garages"/>
 </way>
 <way id="1345399571" visible="true" version="1" changeset="160565500" timestamp="2024-12-24T08:05:47Z" user="Данил Мошарев" uid="10374805">
  <nd ref="12446969137"/>
  <nd ref="12446969138"/>
  <nd ref="12446969139"/>
  <nd ref="12446969140"/>
  <nd ref="12446969137"/>
  <tag k="building" v="garages"/>
 </way>
 <way id="1345399572" visible="true" version="1" changeset="160565500" timestamp="2024-12-24T08:05:47Z" user="Данил Мошарев" uid="10374805">
  <nd ref="12446969141"/>
  <nd ref="12446969142"/>
  <nd ref="12446969143"/>
  <nd ref="12446969144"/>
  <nd ref="12446969141"/>
  <tag k="building" v="garage"/>
 </way>
 <way id="1345399573" visible="true" version="1" changeset="160565500" timestamp="2024-12-24T08:05:47Z" user="Данил Мошарев" uid="10374805">
  <nd ref="12446969145"/>
  <nd ref="12446969146"/>
  <nd ref="12446969147"/>
  <nd ref="12446969148"/>
  <nd ref="12446969149"/>
  <nd ref="12446969145"/>
  <tag k="building" v="garage"/>
  <tag k="building:levels" v="2"/>
 </way>
 <way id="1345399574" visible="true" version="1" changeset="160565500" timestamp="2024-12-24T08:05:47Z" user="Данил Мошарев" uid="10374805">
  <nd ref="12446969149"/>
  <nd ref="12446969150"/>
  <nd ref="12446969151"/>
  <nd ref="12446969148"/>
  <nd ref="12446969149"/>
  <tag k="building" v="garage"/>
 </way>
 <way id="1345399575" visible="true" version="1" changeset="160565500" timestamp="2024-12-24T08:05:47Z" user="Данил Мошарев" uid="10374805">
  <nd ref="12446969152"/>
  <nd ref="11984971242"/>
  <nd ref="12446969153"/>
  <nd ref="12446969154"/>
  <nd ref="12446969152"/>
  <tag k="building" v="garage"/>
 </way>
 <way id="1345399576" visible="true" version="1" changeset="160565500" timestamp="2024-12-24T08:05:47Z" user="Данил Мошарев" uid="10374805">
  <nd ref="12446969158"/>
  <nd ref="12446969159"/>
  <tag k="highway" v="service"/>
  <tag k="surface" v="asphalt"/>
 </way>
 <way id="1345399577" visible="true" version="1" changeset="160565500" timestamp="2024-12-24T08:05:47Z" user="Данил Мошарев" uid="10374805">
  <nd ref="12446969160"/>
  <nd ref="12446969161"/>
  <nd ref="12446969162"/>
  <nd ref="12446969159"/>
  <nd ref="12446969163"/>
  <nd ref="12446969160"/>
  <tag k="amenity" v="parking"/>
 </way>
 <way id="1345399578" visible="true" version="2" changeset="160883080" timestamp="2025-01-01T19:49:02Z" user="Данил Мошарев" uid="10374805">
  <nd ref="12446969165"/>
  <nd ref="12391313170"/>
  <nd ref="12467431189"/>
  <nd ref="12446969166"/>
  <tag k="highway" v="footway"/>
 </way>
 <way id="1345399579" visible="true" version="1" changeset="160565500" timestamp="2024-12-24T08:05:47Z" user="Данил Мошарев" uid="10374805">
  <nd ref="7630011907"/>
  <nd ref="12446969167"/>
  <tag k="highway" v="service"/>
 </way>
 <way id="1345399580" visible="true" version="1" changeset="160565500" timestamp="2024-12-24T08:05:47Z" user="Данил Мошарев" uid="10374805">
  <nd ref="12446969168"/>
  <nd ref="12446969169"/>
  <nd ref="12446969170"/>
  <nd ref="12446969171"/>
  <nd ref="12446969168"/>
  <tag k="hoops" v="2"/>
  <tag k="leisure" v="pitch"/>
  <tag k="sport" v="basketball"/>
 </way>
 <way id="1345399581" visible="true" version="1" changeset="160565500" timestamp="2024-12-24T08:05:47Z" user="Данил Мошарев" uid="10374805">
  <nd ref="12446969172"/>
  <nd ref="12446969176"/>
  <nd ref="12446969173"/>
  <nd ref="12446969174"/>
  <nd ref="12446969178"/>
  <nd ref="12446969175"/>
  <nd ref="12446969176"/>
  <tag k="highway" v="footway"/>
  <tag k="surface" v="paving_stones"/>
 </way>
 <way id="1345399582" visible="true" version="1" changeset="160565500" timestamp="2024-12-24T08:05:47Z" user="Данил Мошарев" uid="10374805">
  <nd ref="12446969177"/>
  <nd ref="12446969178"/>
  <tag k="highway" v="footway"/>
  <tag k="surface" v="paving_stones"/>
 </way>
 <way id="1345399583" visible="true" version="2" changeset="160883080" timestamp="2025-01-01T19:49:02Z" user="Данил Мошарев" uid="10374805">
  <nd ref="7657965060"/>
  <nd ref="5030320675"/>
  <tag k="highway" v="footway"/>
  <tag k="surface" v="asphalt"/>
 </way>
 <way id="1345399584" visible="true" version="2" changeset="160883080" timestamp="2025-01-01T19:49:02Z" user="Данил Мошарев" uid="10374805">
  <nd ref="12446969181"/>
  <nd ref="12467431168"/>
  <tag k="highway" v="footway"/>
 </way>
 <way id="1347813477" visible="true" version="1" changeset="160880583" timestamp="2025-01-01T18:46:16Z" user="Данил Мошарев" uid="10374805">
  <nd ref="12467186193"/>
  <nd ref="12467186194"/>
  <nd ref="12467186195"/>
  <nd ref="12467186196"/>
  <nd ref="12467186193"/>
  <tag k="building" v="garages"/>
 </way>
 <way id="1347813478" visible="true" version="1" changeset="160880583" timestamp="2025-01-01T18:46:16Z" user="Данил Мошарев" uid="10374805">
  <nd ref="12467186198"/>
  <nd ref="12467186199"/>
  <tag k="barrier" v="retaining_wall"/>
  <tag k="height" v="1"/>
  <tag k="material" v="concrete"/>
 </way>
 <way id="1347813479" visible="true" version="1" changeset="160880583" timestamp="2025-01-01T18:46:16Z" user="Данил Мошарев" uid="10374805">
  <nd ref="632426729"/>
  <nd ref="12467335102"/>
  <nd ref="12467335103"/>
  <nd ref="12467335104"/>
  <nd ref="632426729"/>
  <tag k="building" v="garage"/>
 </way>
 <way id="1347813480" visible="true" version="1" changeset="160880583" timestamp="2025-01-01T18:46:16Z" user="Данил Мошарев" uid="10374805">
  <nd ref="12467335107"/>
  <nd ref="12467335108"/>
  <nd ref="12467335109"/>
  <nd ref="12467335110"/>
  <nd ref="12467335111"/>
  <nd ref="12467335112"/>
  <nd ref="12467335113"/>
  <nd ref="12467335107"/>
  <tag k="building" v="garages"/>
 </way>
 <way id="1347813481" visible="true" version="1" changeset="160880583" timestamp="2025-01-01T18:46:16Z" user="Данил Мошарев" uid="10374805">
  <nd ref="12467186199"/>
  <nd ref="12467335113"/>
  <nd ref="12467335112"/>
  <nd ref="12467335114"/>
  <nd ref="12467186199"/>
  <tag k="building" v="garage"/>
 </way>
 <way id="1347813482" visible="true" version="2" changeset="160897672" timestamp="2025-01-02T09:09:28Z" user="Данил Мошарев" uid="10374805">
  <nd ref="12467335117"/>
  <nd ref="12467335118"/>
  <nd ref="12467335119"/>
  <nd ref="12468493014"/>
  <nd ref="12467335120"/>
  <nd ref="12467335117"/>
  <tag k="building" v="garage"/>
 </way>
 <way id="1347813483" visible="true" version="1" changeset="160880583" timestamp="2025-01-01T18:46:16Z" user="Данил Мошарев" uid="10374805">
  <nd ref="12467335117"/>
  <nd ref="12467335121"/>
  <nd ref="12467335110"/>
  <tag k="barrier" v="fence"/>
  <tag k="fence_type" v="wire_mesh"/>
 </way>
 <way id="1347813484" visible="true" version="1" changeset="160880583" timestamp="2025-01-01T18:46:16Z" user="Данил Мошарев" uid="10374805">
  <nd ref="12467335122"/>
  <nd ref="12467335123"/>
  <nd ref="12467335124"/>
  <nd ref="12467335125"/>
  <nd ref="12467335126"/>
  <nd ref="12467335127"/>
  <nd ref="12467335128"/>
  <nd ref="12467335129"/>
  <nd ref="12467335130"/>
  <nd ref="12467335131"/>
  <nd ref="12467335132"/>
  <nd ref="12467335133"/>
  <nd ref="12467335122"/>
  <tag k="building" v="garages"/>
 </way>
 <way id="1347824614" visible="true" version="1" changeset="160883080" timestamp="2025-01-01T19:49:02Z" user="Данил Мошарев" uid="10374805">
  <nd ref="12467431169"/>
  <nd ref="12467431175"/>
  <nd ref="12467431173"/>
  <nd ref="12446969182"/>
  <tag k="highway" v="footway"/>
 </way>
 <way id="1347824615" visible="true" version="1" changeset="160883080" timestamp="2025-01-01T19:49:02Z" user="Данил Мошарев" uid="10374805">
  <nd ref="12467431169"/>
  <nd ref="12467431170"/>
  <tag k="handrail" v="no"/>
  <tag k="highway" v="steps"/>
  <tag k="incline" v="down"/>
  <tag k="step_count" v="3"/>
 </way>
 <way id="1347824616" visible="true" version="1" changeset="160883080" timestamp="2025-01-01T19:49:02Z" user="Данил Мошарев" uid="10374805">
  <nd ref="12467431168"/>
  <nd ref="12467431171"/>
  <tag k="handrail" v="no"/>
  <tag k="highway" v="steps"/>
  <tag k="incline" v="down"/>
  <tag k="step_count" v="3"/>
 </way>
 <way id="1347824617" visible="true" version="1" changeset="160883080" timestamp="2025-01-01T19:49:02Z" user="Данил Мошарев" uid="10374805">
  <nd ref="12467431171"/>
  <nd ref="12467431170"/>
  <tag k="highway" v="footway"/>
 </way>
 <way id="1347824618" visible="true" version="1" changeset="160883080" timestamp="2025-01-01T19:49:02Z" user="Данил Мошарев" uid="10374805">
  <nd ref="12467431172"/>
  <nd ref="12467431173"/>
  <nd ref="12467431176"/>
  <nd ref="12467431178"/>
  <nd ref="12467431180"/>
  <nd ref="12467431182"/>
  <nd ref="12467431184"/>
  <nd ref="12467431186"/>
  <nd ref="12467431174"/>
  <tag k="highway" v="footway"/>
  <tag k="surface" v="paved"/>
 </way>
 <way id="1347824619" visible="true" version="1" changeset="160883080" timestamp="2025-01-01T19:49:02Z" user="Данил Мошарев" uid="10374805">
  <nd ref="12467431175"/>
  <nd ref="12467431176"/>
  <tag k="highway" v="footway"/>
  <tag k="surface" v="paving_stones"/>
 </way>
 <way id="1347824620" visible="true" version="1" changeset="160883080" timestamp="2025-01-01T19:49:02Z" user="Данил Мошарев" uid="10374805">
  <nd ref="12467431176"/>
  <nd ref="12467431177"/>
  <tag k="highway" v="footway"/>
  <tag k="surface" v="asphalt"/>
 </way>
 <way id="1347824621" visible="true" version="1" changeset="160883080" timestamp="2025-01-01T19:49:02Z" user="Данил Мошарев" uid="10374805">
  <nd ref="12467431178"/>
  <nd ref="12467431179"/>
  <tag k="highway" v="footway"/>
  <tag k="surface" v="asphalt"/>
 </way>
 <way id="1347824622" visible="true" version="1" changeset="160883080" timestamp="2025-01-01T19:49:02Z" user="Данил Мошарев" uid="10374805">
  <nd ref="12467431180"/>
  <nd ref="12467431181"/>
  <tag k="highway" v="footway"/>
  <tag k="surface" v="paved"/>
 </way>
 <way id="1347824623" visible="true" version="1" changeset="160883080" timestamp="2025-01-01T19:49:02Z" user="Данил Мошарев" uid="10374805">
  <nd ref="12467431182"/>
  <nd ref="12467431183"/>
  <tag k="highway" v="footway"/>
  <tag k="surface" v="paved"/>
 </way>
 <way id="1347824624" visible="true" version="1" changeset="160883080" timestamp="2025-01-01T19:49:02Z" user="Данил Мошарев" uid="10374805">
  <nd ref="12467431184"/>
  <nd ref="12467431185"/>
  <tag k="highway" v="footway"/>
  <tag k="surface" v="paved"/>
 </way>
 <way id="1347824625" visible="true" version="1" changeset="160883080" timestamp="2025-01-01T19:49:02Z" user="Данил Мошарев" uid="10374805">
  <nd ref="12467431186"/>
  <nd ref="12467431187"/>
  <tag k="highway" v="footway"/>
  <tag k="surface" v="paved"/>
 </way>
 <way id="1347824626" visible="true" version="1" changeset="160883080" timestamp="2025-01-01T19:49:02Z" user="Данил Мошарев" uid="10374805">
  <nd ref="12467431174"/>
  <nd ref="12467431188"/>
  <tag k="handrail" v="no"/>
  <tag k="highway" v="steps"/>
  <tag k="incline" v="down"/>
  <tag k="step_count" v="2"/>
  <tag k="surface" v="paved"/>
 </way>
 <way id="1347824627" visible="true" version="1" changeset="160883080" timestamp="2025-01-01T19:49:02Z" user="Данил Мошарев" uid="10374805">
  <nd ref="12467431174"/>
  <nd ref="12467431189"/>
  <tag k="highway" v="footway"/>
  <tag k="surface" v="paving_stones"/>
 </way>
 <way id="1347824628" visible="true" version="1" changeset="160883080" timestamp="2025-01-01T19:49:02Z" user="Данил Мошарев" uid="10374805">
  <nd ref="12467431190"/>
  <nd ref="12467431191"/>
  <nd ref="12467431192"/>
  <nd ref="12467431197"/>
  <nd ref="12467431194"/>
  <nd ref="12467431200"/>
  <nd ref="12467443202"/>
  <nd ref="12467443204"/>
  <nd ref="12467431193"/>
  <tag k="highway" v="footway"/>
  <tag k="surface" v="paved"/>
 </way>
 <way id="1347824629" visible="true" version="1" changeset="160883080" timestamp="2025-01-01T19:49:02Z" user="Данил Мошарев" uid="10374805">
  <nd ref="12467431194"/>
  <nd ref="12467431195"/>
  <nd ref="12467431196"/>
  <nd ref="12467431197"/>
  <nd ref="12467431198"/>
  <tag k="highway" v="footway"/>
  <tag k="surface" v="paved"/>
 </way>
 <way id="1347824630" visible="true" version="1" changeset="160883080" timestamp="2025-01-01T19:49:02Z" user="Данил Мошарев" uid="10374805">
  <nd ref="12391313171"/>
  <nd ref="12467431196"/>
  <tag k="highway" v="footway"/>
  <tag k="surface" v="paved"/>
 </way>
 <way id="1347824631" visible="true" version="1" changeset="160883080" timestamp="2025-01-01T19:49:02Z" user="Данил Мошарев" uid="10374805">
  <nd ref="12391313171"/>
  <nd ref="12467431199"/>
  <tag k="handrail" v="no"/>
  <tag k="highway" v="steps"/>
  <tag k="incline" v="down"/>
  <tag k="surface" v="paved"/>
 </way>
 <way id="1347824632" visible="true" version="1" changeset="160883080" timestamp="2025-01-01T19:49:02Z" user="Данил Мошарев" uid="10374805">
  <nd ref="12467431200"/>
  <nd ref="12467443201"/>
  <tag k="highway" v="footway"/>
  <tag k="surface" v="paved"/>
 </way>
 <way id="1347824633" visible="true" version="1" changeset="160883080" timestamp="2025-01-01T19:49:02Z" user="Данил Мошарев" uid="10374805">
  <nd ref="12467443202"/>
  <nd ref="12467443203"/>
  <tag k="highway" v="footway"/>
  <tag k="surface" v="paved"/>
 </way>
 <way id="1347824634" visible="true" version="1" changeset="160883080" timestamp="2025-01-01T19:49:02Z" user="Данил Мошарев" uid="10374805">
  <nd ref="12467443204"/>
  <nd ref="12467443205"/>
  <tag k="highway" v="footway"/>
  <tag k="surface" v="paved"/>
 </way>
 <way id="1347824635" visible="true" version="1" changeset="160883080" timestamp="2025-01-01T19:49:02Z" user="Данил Мошарев" uid="10374805">
  <nd ref="12467443206"/>
  <nd ref="12467443207"/>
  <nd ref="12467443208"/>
  <nd ref="12467443209"/>
  <nd ref="12467443206"/>
  <tag k="building" v="yes"/>
  <tag k="shop" v="florist"/>
 </way>
 <way id="1347824636" visible="true" version="1" changeset="160883080" timestamp="2025-01-01T19:49:02Z" user="Данил Мошарев" uid="10374805">
  <nd ref="12467443210"/>
  <nd ref="5030320676"/>
  <tag k="footway" v="sidewalk"/>
  <tag k="highway" v="footway"/>
  <tag k="surface" v="asphalt"/>
 </way>
 <way id="1347824637" visible="true" version="1" changeset="160883080" timestamp="2025-01-01T19:49:02Z" user="Данил Мошарев" uid="10374805">
  <nd ref="5029952797"/>
  <nd ref="12467443211"/>
  <tag k="footway" v="sidewalk"/>
  <tag k="highway" v="footway"/>
  <tag k="surface" v="asphalt"/>
 </way>
 <way id="1347933924" visible="true" version="2" changeset="161428486" timestamp="2025-01-16T17:59:14Z" user="Данил Мошарев" uid="10374805">
  <nd ref="12468493008"/>
  <nd ref="12468493009"/>
  <nd ref="12507469130"/>
  <nd ref="12468493010"/>
  <nd ref="12468493011"/>
  <nd ref="12468493008"/>
  <tag k="building" v="garages"/>
 </way>
 <way id="1347933925" visible="true" version="1" changeset="160897672" timestamp="2025-01-02T09:09:28Z" user="Данил Мошарев" uid="10374805">
  <nd ref="12468493011"/>
  <nd ref="12468493012"/>
  <nd ref="12468493013"/>
  <nd ref="12468493014"/>
  <tag k="barrier" v="fence"/>
  <tag k="fence_type" v="wire_mesh"/>
 </way>
 <way id="1347933926" visible="true" version="1" changeset="160897672" timestamp="2025-01-02T09:09:28Z" user="Данил Мошарев" uid="10374805">
  <nd ref="12468493015"/>
  <nd ref="12468493016"/>
  <nd ref="12468493017"/>
  <nd ref="12468493018"/>
  <nd ref="12468493019"/>
  <nd ref="12468493020"/>
  <nd ref="12468493021"/>
  <nd ref="12468493022"/>
  <nd ref="12468493023"/>
  <nd ref="12468493024"/>
  <nd ref="12468493025"/>
  <nd ref="12468493026"/>
  <nd ref="12468493027"/>
  <nd ref="12468493028"/>
  <nd ref="12468493029"/>
  <nd ref="12468493030"/>
  <nd ref="12468493039"/>
  <nd ref="12468493031"/>
  <nd ref="12468493032"/>
  <nd ref="12468493033"/>
  <nd ref="12468493034"/>
  <nd ref="12468493035"/>
  <nd ref="12468493036"/>
  <nd ref="12468493037"/>
  <nd ref="12468493038"/>
  <nd ref="12468493015"/>
  <tag k="building" v="garages"/>
 </way>
 <way id="1347933927" visible="true" version="1" changeset="160897672" timestamp="2025-01-02T09:09:28Z" user="Данил Мошарев" uid="10374805">
  <nd ref="12468493046"/>
  <nd ref="12468493047"/>
  <nd ref="12468493048"/>
  <nd ref="12468493049"/>
  <nd ref="12468493046"/>
  <tag k="leisure" v="playground"/>
 </way>
 <way id="1351876110" visible="true" version="1" changeset="161428486" timestamp="2025-01-16T17:59:14Z" user="Данил Мошарев" uid="10374805">
  <nd ref="12507469116"/>
  <nd ref="12507469117"/>
  <nd ref="12507469118"/>
  <nd ref="12507469119"/>
  <nd ref="12507469116"/>
  <tag k="building" v="garage"/>
 </way>
 <way id="1351876111" visible="true" version="1" changeset="161428486" timestamp="2025-01-16T17:59:14Z" user="Данил Мошарев" uid="10374805">
  <nd ref="12507469117"/>
  <nd ref="12507469116"/>
  <nd ref="11984971245"/>
  <nd ref="12507469120"/>
  <nd ref="12507469117"/>
  <tag k="building" v="yes"/>
  <tag k="shop" v="convenience"/>
 </way>
 <way id="1351876112" visible="true" version="1" changeset="161428486" timestamp="2025-01-16T17:59:14Z" user="Данил Мошарев" uid="10374805">
  <nd ref="12507469121"/>
  <nd ref="12507469122"/>
  <nd ref="12507469123"/>
  <nd ref="12507469124"/>
  <nd ref="12507469121"/>
  <tag k="building" v="garage"/>
 </way>
 <way id="1351876113" visible="true" version="1" changeset="161428486" timestamp="2025-01-16T17:59:14Z" user="Данил Мошарев" uid="10374805">
  <nd ref="12507469125"/>
  <nd ref="12507469127"/>
  <nd ref="12507469126"/>
  <tag k="highway" v="service"/>
  <tag k="surface" v="asphalt"/>
 </way>
 <way id="1351876114" visible="true" version="1" changeset="161428486" timestamp="2025-01-16T17:59:14Z" user="Данил Мошарев" uid="10374805">
  <nd ref="12507469126"/>
  <nd ref="12507469128"/>
  <nd ref="12507469129"/>
  <nd ref="7657965064"/>
  <tag k="highway" v="footway"/>
  <tag k="surface" v="asphalt"/>
 </way>
 <way id="1351876115" visible="true" version="1" changeset="161428486" timestamp="2025-01-16T17:59:14Z" user="Данил Мошарев" uid="10374805">
  <nd ref="12507469130"/>
  <nd ref="12507469131"/>
  <nd ref="12507469132"/>
  <nd ref="12507469133"/>
  <nd ref="12468493010"/>
  <nd ref="12507469130"/>
  <tag k="building" v="garages"/>
 </way>
 <way id="1351896211" visible="true" version="1" changeset="161431561" timestamp="2025-01-16T19:38:16Z" user="Данил Мошарев" uid="10374805">
  <nd ref="12421241357"/>
  <nd ref="12507626279"/>
  <nd ref="12507626280"/>
  <tag k="barrier" v="fence"/>
  <tag k="fence_type" v="bars"/>
 </way>
 <way id="1351896212" visible="true" version="1" changeset="161431561" timestamp="2025-01-16T19:38:16Z" user="Данил Мошарев" uid="10374805">
  <nd ref="12507626281"/>
  <nd ref="12507626282"/>
  <nd ref="12507626283"/>
  <tag k="highway" v="footway"/>
  <tag k="surface" v="paving_stones"/>
 </way>
 <way id="1351896213" visible="true" version="1" changeset="161431561" timestamp="2025-01-16T19:38:16Z" user="Данил Мошарев" uid="10374805">
  <nd ref="12507626285"/>
  <nd ref="12507626286"/>
  <nd ref="12507626287"/>
  <nd ref="12507626288"/>
  <nd ref="12507626285"/>
  <tag k="building" v="garages"/>
 </way>
 <way id="1351896214" visible="true" version="1" changeset="161431561" timestamp="2025-01-16T19:38:16Z" user="Данил Мошарев" uid="10374805">
  <nd ref="12507626289"/>
  <nd ref="12507626290"/>
  <nd ref="12507626291"/>
  <tag k="highway" v="service"/>
  <tag k="surface" v="compacted"/>
 </way>
 <way id="1351896215" visible="true" version="2" changeset="161721744" timestamp="2025-01-24T17:27:28Z" user="Данил Мошарев" uid="10374805">
  <nd ref="12507626293"/>
  <nd ref="12507626294"/>
  <nd ref="12507626295"/>
  <nd ref="12507626296"/>
  <nd ref="12507626297"/>
  <nd ref="12507626305"/>
  <nd ref="12507626298"/>
  <nd ref="12507626299"/>
  <nd ref="12507626300"/>
  <nd ref="12507626301"/>
  <nd ref="12468493049"/>
  <nd ref="12468493046"/>
  <nd ref="12529711013"/>
  <nd ref="12529711014"/>
  <nd ref="12507626302"/>
  <nd ref="12421241358"/>
  <nd ref="12507626293"/>
  <tag k="building" v="garages"/>
 </way>
 <way id="1351896216" visible="true" version="1" changeset="161431561" timestamp="2025-01-16T19:38:16Z" user="Данил Мошарев" uid="10374805">
  <nd ref="12507626298"/>
  <nd ref="12507626303"/>
  <nd ref="12507626304"/>
  <nd ref="12507626305"/>
  <tag k="barrier" v="fence"/>
  <tag k="material" v="metal"/>
 </way>
 <way id="1353994286" visible="true" version="1" changeset="161721744" timestamp="2025-01-24T17:27:28Z" user="Данил Мошарев" uid="10374805">
  <nd ref="12468493049"/>
  <nd ref="12468493048"/>
  <nd ref="12529711009"/>
  <nd ref="12529711010"/>
  <tag k="barrier" v="fence"/>
  <tag k="fence_type" v="bars"/>
  <tag k="material" v="metal"/>
 </way>
 <way id="1353994287" visible="true" version="1" changeset="161721744" timestamp="2025-01-24T17:27:28Z" user="Данил Мошарев" uid="10374805">
  <nd ref="12529711011"/>
  <nd ref="12529711012"/>
  <nd ref="12421241332"/>
  <tag k="barrier" v="fence"/>
  <tag k="fence_type" v="bars"/>
  <tag k="material" v="metal"/>
 </way>
 <way id="1353994288" visible="true" version="1" changeset="161721744" timestamp="2025-01-24T17:27:28Z" user="Данил Мошарев" uid="10374805">
  <nd ref="12507626302"/>
  <nd ref="12421241333"/>
  <tag k="barrier" v="fence"/>
  <tag k="fence_type" v="bars"/>
  <tag k="material" v="metal"/>
 </way>
 <way id="1353994289" visible="true" version="1" changeset="161721744" timestamp="2025-01-24T17:27:28Z" user="Данил Мошарев" uid="10374805">
  <nd ref="12529711015"/>
  <nd ref="12529711016"/>
  <nd ref="12529711017"/>
  <tag k="highway" v="footway"/>
  <tag k="surface" v="paving_stones"/>
 </way>
 <way id="1353994290" visible="true" version="1" changeset="161721744" timestamp="2025-01-24T17:27:28Z" user="Данил Мошарев" uid="10374805">
  <nd ref="12529711016"/>
  <nd ref="12529711018"/>
  <nd ref="12529711019"/>
  <tag k="highway" v="footway"/>
  <tag k="surface" v="paving_stones"/>
 </way>
 <way id="1386112601" visible="true" version="1" changeset="166199999" timestamp="2025-05-13T12:23:00Z" user="DavidGalileo" uid="21605023">
  <nd ref="12833586364"/>
  <nd ref="12833586365"/>
  <nd ref="12833586366"/>
  <nd ref="12833586367"/>
  <nd ref="12833586364"/>
  <tag k="check_date" v="2025-05-13"/>
  <tag k="leaf_type" v="mixed"/>
  <tag k="natural" v="wood"/>
 </way>
 <relation id="5664099" visible="true" version="4" changeset="159304593" timestamp="2024-11-18T23:40:59Z" user="VlIvYur" uid="345975">
  <member type="node" ref="11668441165" role="via"/>
  <member type="way" ref="1335206306" role="to"/>
  <member type="way" ref="1335206305" role="from"/>
  <tag k="restriction" v="only_straight_on"/>
  <tag k="type" v="restriction"/>
 </relation>
 <relation id="5664100" visible="true" version="1" changeset="35322136" timestamp="2015-11-15T06:56:03Z" user="DrDimedrol" uid="248521">
  <member type="way" ref="380344439" role="to"/>
  <member type="node" ref="332046267" role="via"/>
  <member type="way" ref="380344432" role="from"/>
  <tag k="restriction" v="no_left_turn"/>
  <tag k="type" v="restriction"/>
 </relation>
 <relation id="6898623" visible="true" version="2" changeset="146862253" timestamp="2024-01-30T12:37:22Z" user="Vasak87" uid="2564602">
  <member type="way" ref="1244562911" role="from"/>
  <member type="node" ref="4622570065" role="via"/>
  <member type="way" ref="1244562911" role="to"/>
  <tag k="restriction" v="no_u_turn"/>
  <tag k="type" v="restriction"/>
 </relation>
 <relation id="7658198" visible="true" version="1" changeset="53003813" timestamp="2017-10-17T07:58:20Z" user="Leon Manukyan" uid="5774535">
  <member type="node" ref="5172553846" role="stop"/>
  <member type="node" ref="2874557457" role="platform"/>
  <tag k="public_transport" v="stop_area"/>
  <tag k="type" v="public_transport"/>
 </relation>
 <relation id="7658199" visible="true" version="1" changeset="53003813" timestamp="2017-10-17T07:58:20Z" user="Leon Manukyan" uid="5774535">
  <member type="node" ref="5172553847" role="stop"/>
  <member type="node" ref="2874557471" role="platform"/>
  <tag k="public_transport" v="stop_area"/>
  <tag k="type" v="public_transport"/>
 </relation>
 <relation id="7658208" visible="true" version="1" changeset="53003896" timestamp="2017-10-17T08:02:32Z" user="Leon Manukyan" uid="5774535">
  <member type="node" ref="5172556100" role="stop"/>
  <member type="node" ref="613353102" role="platform"/>
  <tag k="public_transport" v="stop_area"/>
  <tag k="type" v="public_transport"/>
 </relation>
 <relation id="7658209" visible="true" version="1" changeset="53003896" timestamp="2017-10-17T08:02:32Z" user="Leon Manukyan" uid="5774535">
  <member type="node" ref="5172556101" role="stop"/>
  <member type="node" ref="4110482201" role="platform"/>
  <tag k="public_transport" v="stop_area"/>
  <tag k="type" v="public_transport"/>
 </relation>
 <relation id="7658211" visible="true" version="1" changeset="53003941" timestamp="2017-10-17T08:04:57Z" user="Leon Manukyan" uid="5774535">
  <member type="node" ref="5172557456" role="stop"/>
  <member type="node" ref="4110482200" role="platform"/>
  <tag k="public_transport" v="stop_area"/>
  <tag k="type" v="public_transport"/>
 </relation>
 <relation id="9574327" visible="true" version="36" changeset="173992843" timestamp="2025-10-30T19:41:55Z" user="SMkrtich" uid="10984999">
  <member type="node" ref="2021414110" role="platform"/>
  <member type="node" ref="2332681838" role="platform"/>
  <member type="node" ref="2332681971" role="platform"/>
  <member type="node" ref="6461180541" role="platform"/>
  <member type="node" ref="5726574621" role="platform"/>
  <member type="node" ref="4595912889" role="platform"/>
  <member type="node" ref="4493555826" role="platform"/>
  <member type="node" ref="4939192524" role="platform"/>
  <member type="node" ref="5172581083" role="platform"/>
  <member type="node" ref="5091767822" role="platform"/>
  <member type="node" ref="612617195" role="platform"/>
  <member type="node" ref="4110482200" role="platform"/>
  <member type="node" ref="4110482201" role="platform"/>
  <member type="node" ref="6461180539" role="platform"/>
  <member type="node" ref="6371200985" role="platform"/>
  <member type="node" ref="4739600025" role="platform"/>
  <member type="node" ref="4660449391" role="platform"/>
  <member type="node" ref="5037226119" role="platform"/>
  <member type="node" ref="5621239022" role="platform"/>
  <member type="node" ref="6463741477" role="platform"/>
  <member type="node" ref="5037226204" role="platform"/>
  <member type="node" ref="5621248622" role="platform"/>
  <member type="node" ref="4628972290" role="platform"/>
  <member type="node" ref="6461180554" role="platform"/>
  <member type="node" ref="6461180553" role="platform"/>
  <member type="way" ref="688861934" role=""/>
  <member type="way" ref="224490058" role=""/>
  <member type="way" ref="1291273494" role=""/>
  <member type="way" ref="189145302" role=""/>
  <member type="way" ref="189403698" role=""/>
  <member type="way" ref="1342963965" role=""/>
  <member type="way" ref="689080169" role=""/>
  <member type="way" ref="149861337" role=""/>
  <member type="way" ref="280614561" role=""/>
  <member type="way" ref="1223148959" role=""/>
  <member type="way" ref="1189195001" role=""/>
  <member type="way" ref="1223148960" role=""/>
  <member type="way" ref="132959941" role=""/>
  <member type="way" ref="489268653" role=""/>
  <member type="way" ref="1342963961" role=""/>
  <member type="way" ref="119516107" role=""/>
  <member type="way" ref="515004007" role=""/>
  <member type="way" ref="1159342407" role=""/>
  <member type="way" ref="1159342408" role=""/>
  <member type="way" ref="187361642" role=""/>
  <member type="way" ref="187360875" role=""/>
  <member type="way" ref="23634374" role=""/>
  <member type="way" ref="1136468903" role=""/>
  <member type="way" ref="481327571" role=""/>
  <member type="way" ref="515004012" role=""/>
  <member type="way" ref="1292615905" role=""/>
  <member type="way" ref="481331815" role=""/>
  <member type="way" ref="515004002" role=""/>
  <member type="way" ref="481335956" role=""/>
  <member type="way" ref="515003994" role=""/>
  <member type="way" ref="380344432" role=""/>
  <member type="way" ref="380344435" role=""/>
  <member type="way" ref="515003999" role=""/>
  <member type="way" ref="1217604732" role=""/>
  <member type="way" ref="28321780" role=""/>
  <member type="way" ref="299621919" role=""/>
  <member type="way" ref="688861931" role=""/>
  <member type="way" ref="307676531" role=""/>
  <member type="way" ref="1177560290" role=""/>
  <member type="way" ref="245213221" role=""/>
  <member type="way" ref="245214332" role=""/>
  <member type="way" ref="379083199" role=""/>
  <member type="way" ref="379083196" role=""/>
  <member type="way" ref="1137190853" role=""/>
  <member type="way" ref="1150142734" role=""/>
  <member type="way" ref="1137190851" role=""/>
  <member type="way" ref="379083193" role=""/>
  <member type="way" ref="1137190854" role=""/>
  <member type="way" ref="1136544099" role=""/>
  <member type="way" ref="379080052" role=""/>
  <member type="way" ref="379080051" role=""/>
  <member type="way" ref="173274304" role=""/>
  <member type="way" ref="1150143593" role=""/>
  <member type="way" ref="1150143592" role=""/>
  <member type="way" ref="226095060" role=""/>
  <member type="way" ref="1241040805" role=""/>
  <member type="way" ref="423123344" role=""/>
  <member type="way" ref="1377441712" role=""/>
  <member type="way" ref="721632877" role=""/>
  <member type="way" ref="483277003" role=""/>
  <member type="way" ref="1254618945" role=""/>
  <member type="way" ref="1446370909" role=""/>
  <member type="way" ref="1254618943" role=""/>
  <member type="way" ref="688861938" role=""/>
  <member type="way" ref="1351958033" role=""/>
  <member type="way" ref="1160131558" role=""/>
  <member type="way" ref="440348655" role=""/>
  <member type="way" ref="1351958027" role=""/>
  <member type="way" ref="88568974" role=""/>
  <member type="way" ref="688883937" role=""/>
  <member type="way" ref="88568945" role=""/>
  <member type="way" ref="688922627" role=""/>
  <tag k="charge" v="100 AMD"/>
  <tag k="fee" v="yes"/>
  <tag k="from" v="14 Krug"/>
  <tag k="name" v="Bus 32: 14 Կռուգ =&gt; Կայսեր"/>
  <tag k="name:en" v="Bus 32: 14 Krug =&gt; Kaiser"/>
  <tag k="network" v="Yerevan Bus"/>
  <tag k="public_transport:version" v="2"/>
  <tag k="ref" v="32"/>
  <tag k="route" v="bus"/>
  <tag k="to" v="Kaiser"/>
  <tag k="type" v="route"/>
 </relation>
 <relation id="9574328" visible="true" version="39" changeset="173993072" timestamp="2025-10-30T19:49:31Z" user="SMkrtich" uid="10984999">
  <member type="node" ref="6461180553" role="platform"/>
  <member type="node" ref="6461180552" role="platform"/>
  <member type="node" ref="6461180551" role="platform"/>
  <member type="node" ref="4660449389" role="platform"/>
  <member type="node" ref="4660332193" role="platform"/>
  <member type="node" ref="5037226244" role="platform"/>
  <member type="node" ref="5619120322" role="platform"/>
  <member type="node" ref="6463808140" role="platform"/>
  <member type="node" ref="5037226205" role="platform"/>
  <member type="node" ref="5619120324" role="platform"/>
  <member type="node" ref="4739600024" role="platform"/>
  <member type="node" ref="6371200885" role="platform"/>
  <member type="node" ref="6461180550" role="platform"/>
  <member type="node" ref="2874554580" role="platform"/>
  <member type="node" ref="2874557471" role="platform"/>
  <member type="node" ref="6461180549" role="platform"/>
  <member type="node" ref="575077288" role="platform"/>
  <member type="node" ref="4130899440" role="platform"/>
  <member type="node" ref="4489618090" role="platform"/>
  <member type="node" ref="3939372613" role="platform"/>
  <member type="node" ref="4304692490" role="platform"/>
  <member type="node" ref="4304809290" role="platform"/>
  <member type="node" ref="6461180544" role="platform"/>
  <member type="node" ref="6461180543" role="platform"/>
  <member type="node" ref="6461180542" role="platform"/>
  <member type="node" ref="2021528035" role="platform"/>
  <member type="node" ref="6461180540" role="platform"/>
  <member type="node" ref="2021414110" role="platform"/>
  <member type="way" ref="688861939" role=""/>
  <member type="way" ref="688883941" role=""/>
  <member type="way" ref="88569003" role=""/>
  <member type="way" ref="1351958028" role=""/>
  <member type="way" ref="1257873617" role=""/>
  <member type="way" ref="1351958032" role=""/>
  <member type="way" ref="49845347" role=""/>
  <member type="way" ref="688989434" role=""/>
  <member type="way" ref="483276987" role=""/>
  <member type="way" ref="295636655" role=""/>
  <member type="way" ref="1377441713" role=""/>
  <member type="way" ref="721632878" role=""/>
  <member type="way" ref="422287457" role=""/>
  <member type="way" ref="1241040804" role=""/>
  <member type="way" ref="1150143595" role=""/>
  <member type="way" ref="1150143594" role=""/>
  <member type="way" ref="675690518" role=""/>
  <member type="way" ref="173274305" role=""/>
  <member type="way" ref="1164619945" role=""/>
  <member type="way" ref="380284814" role=""/>
  <member type="way" ref="1164619600" role=""/>
  <member type="way" ref="1147606119" role=""/>
  <member type="way" ref="1164619602" role=""/>
  <member type="way" ref="41261034" role=""/>
  <member type="way" ref="1137190847" role=""/>
  <member type="way" ref="1137190848" role=""/>
  <member type="way" ref="1150872602" role=""/>
  <member type="way" ref="41261035" role=""/>
  <member type="way" ref="1150872603" role=""/>
  <member type="way" ref="1137190850" role=""/>
  <member type="way" ref="1150142735" role=""/>
  <member type="way" ref="187307743" role=""/>
  <member type="way" ref="1137190852" role=""/>
  <member type="way" ref="187307744" role=""/>
  <member type="way" ref="245214142" role=""/>
  <member type="way" ref="577126866" role=""/>
  <member type="way" ref="688951521" role=""/>
  <member type="way" ref="245214383" role=""/>
  <member type="way" ref="245213219" role=""/>
  <member type="way" ref="379149076" role=""/>
  <member type="way" ref="380344431" role=""/>
  <member type="way" ref="379112826" role=""/>
  <member type="way" ref="380344430" role=""/>
  <member type="way" ref="515004000" role=""/>
  <member type="way" ref="380344433" role=""/>
  <member type="way" ref="515003998" role=""/>
  <member type="way" ref="379124195" role=""/>
  <member type="way" ref="515004001" role=""/>
  <member type="way" ref="380344434" role=""/>
  <member type="way" ref="515003992" role=""/>
  <member type="way" ref="440212377" role=""/>
  <member type="way" ref="379128397" role=""/>
  <member type="way" ref="440210198" role=""/>
  <member type="way" ref="48207232" role=""/>
  <member type="way" ref="1159342406" role=""/>
  <member type="way" ref="1159342411" role=""/>
  <member type="way" ref="1150391494" role=""/>
  <member type="way" ref="1159342410" role=""/>
  <member type="way" ref="1230525216" role=""/>
  <member type="way" ref="1150391495" role=""/>
  <member type="way" ref="1230525217" role=""/>
  <member type="way" ref="1159342409" role=""/>
  <member type="way" ref="319334932" role=""/>
  <member type="way" ref="319334935" role=""/>
  <member type="way" ref="187361641" role=""/>
  <member type="way" ref="190586986" role=""/>
  <member type="way" ref="688861937" role=""/>
  <member type="way" ref="280614563" role=""/>
  <member type="way" ref="1446371969" role=""/>
  <member type="way" ref="1393221938" role=""/>
  <member type="way" ref="1393221937" role=""/>
  <member type="way" ref="1291273493" role=""/>
  <member type="way" ref="1291273494" role=""/>
  <member type="way" ref="224490058" role=""/>
  <member type="way" ref="688861933" role=""/>
  <member type="way" ref="688861934" role=""/>
  <tag k="charge" v="100 AMD"/>
  <tag k="fee" v="yes"/>
  <tag k="from" v="Kaiser"/>
  <tag k="name" v="Bus 32: Կայզեռ =&gt; 14 Կռուգ"/>
  <tag k="name:en" v="Bus 32: Kaiser =&gt; 14 Krug"/>
  <tag k="network" v="Yerevan Bus"/>
  <tag k="public_transport:version" v="2"/>
  <tag k="ref" v="32"/>
  <tag k="route" v="bus"/>
  <tag k="to" v="14 Krug"/>
  <tag k="type" v="route"/>
 </relation>
 <relation id="9574329" visible="true" version="1" changeset="70065353" timestamp="2019-05-09T09:45:33Z" user="Miya_Zaki_" uid="9836845">
  <member type="relation" ref="9574327" role=""/>
  <member type="relation" ref="9574328" role=""/>
  <tag k="network" v="Yerevan Minibus"/>
  <tag k="ref" v="12"/>
  <tag k="route_master" v="bus"/>
  <tag k="type" v="route_master"/>
 </relation>
 <relation id="9576092" visible="true" version="43" changeset="173992843" timestamp="2025-10-30T19:41:55Z" user="SMkrtich" uid="10984999">
  <member type="node" ref="6463542250" role="platform"/>
  <member type="node" ref="6463542261" role="platform"/>
  <member type="node" ref="6463542262" role="platform"/>
  <member type="node" ref="6463542259" role="platform"/>
  <member type="node" ref="6463542257" role="platform"/>
  <member type="node" ref="6463542260" role="platform"/>
  <member type="node" ref="6417590715" role="platform"/>
  <member type="node" ref="6417590713" role="platform"/>
  <member type="node" ref="6417590711" role="platform"/>
  <member type="node" ref="6417590707" role="platform"/>
  <member type="node" ref="6417590710" role="platform"/>
  <member type="node" ref="6417590700" role="platform"/>
  <member type="node" ref="6417590702" role="platform"/>
  <member type="node" ref="6463542252" role="platform"/>
  <member type="node" ref="6417767562" role="platform"/>
  <member type="node" ref="6417767560" role="platform"/>
  <member type="node" ref="4607432397" role="platform"/>
  <member type="node" ref="2332695926" role="platform"/>
  <member type="node" ref="5174465441" role="platform"/>
  <member type="node" ref="4321947392" role="platform"/>
  <member type="node" ref="5172644022" role="platform"/>
  <member type="node" ref="4396467689" role="platform"/>
  <member type="node" ref="4939192524" role="platform"/>
  <member type="node" ref="3939372614" role="platform"/>
  <member type="node" ref="6462973755" role="platform"/>
  <member type="node" ref="5172581083" role="platform"/>
  <member type="node" ref="5091767822" role="platform"/>
  <member type="node" ref="612617195" role="platform"/>
  <member type="node" ref="4110482200" role="platform"/>
  <member type="node" ref="4110482201" role="platform"/>
  <member type="node" ref="2874557457" role="platform"/>
  <member type="node" ref="6462973756" role="platform"/>
  <member type="node" ref="6461180539" role="platform"/>
  <member type="node" ref="6371200985" role="platform"/>
  <member type="node" ref="4739600025" role="platform"/>
  <member type="node" ref="4660449391" role="platform"/>
  <member type="node" ref="5037226119" role="platform"/>
  <member type="node" ref="5621239022" role="platform"/>
  <member type="node" ref="6463741477" role="platform"/>
  <member type="node" ref="5037226204" role="platform"/>
  <member type="node" ref="6462895131" role="platform"/>
  <member type="node" ref="6462895130" role="platform"/>
  <member type="node" ref="6462895128" role="platform"/>
  <member type="node" ref="6462895127" role="platform"/>
  <member type="node" ref="6462895125" role="platform"/>
  <member type="node" ref="6462895124" role="platform"/>
  <member type="node" ref="6462895118" role="platform_exit_only"/>
  <member type="way" ref="137997602" role=""/>
  <member type="way" ref="1169286863" role=""/>
  <member type="way" ref="534314934" role=""/>
  <member type="way" ref="133350048" role=""/>
  <member type="way" ref="847964719" role=""/>
  <member type="way" ref="847964718" role=""/>
  <member type="way" ref="605818758" role=""/>
  <member type="way" ref="139387072" role=""/>
  <member type="way" ref="439265718" role=""/>
  <member type="way" ref="538141425" role=""/>
  <member type="way" ref="497473171" role=""/>
  <member type="way" ref="976814350" role=""/>
  <member type="way" ref="497473169" role=""/>
  <member type="way" ref="1167364077" role=""/>
  <member type="way" ref="1167364078" role=""/>
  <member type="way" ref="137997600" role=""/>
  <member type="way" ref="945773674" role=""/>
  <member type="way" ref="137931567" role=""/>
  <member type="way" ref="1235063304" role=""/>
  <member type="way" ref="189145306" role=""/>
  <member type="way" ref="1235063303" role=""/>
  <member type="way" ref="655234743" role=""/>
  <member type="way" ref="831101930" role=""/>
  <member type="way" ref="446363883" role=""/>
  <member type="way" ref="423490656" role=""/>
  <member type="way" ref="1119239345" role=""/>
  <member type="way" ref="423490651" role=""/>
  <member type="way" ref="423490649" role=""/>
  <member type="way" ref="1446370911" role=""/>
  <member type="way" ref="187146760" role=""/>
  <member type="way" ref="48207226" role=""/>
  <member type="way" ref="1159342402" role=""/>
  <member type="way" ref="1159342409" role=""/>
  <member type="way" ref="1121249307" role=""/>
  <member type="way" ref="1159342408" role=""/>
  <member type="way" ref="187361642" role=""/>
  <member type="way" ref="187360875" role=""/>
  <member type="way" ref="23634374" role=""/>
  <member type="way" ref="1136468903" role=""/>
  <member type="way" ref="481327571" role=""/>
  <member type="way" ref="515004012" role=""/>
  <member type="way" ref="1292615905" role=""/>
  <member type="way" ref="481331815" role=""/>
  <member type="way" ref="515004002" role=""/>
  <member type="way" ref="481335956" role=""/>
  <member type="way" ref="515003994" role=""/>
  <member type="way" ref="380344432" role=""/>
  <member type="way" ref="380344435" role=""/>
  <member type="way" ref="515003999" role=""/>
  <member type="way" ref="1217604732" role=""/>
  <member type="way" ref="481343940" role=""/>
  <member type="way" ref="307676531" role=""/>
  <member type="way" ref="1177560290" role=""/>
  <member type="way" ref="245213221" role=""/>
  <member type="way" ref="245214332" role=""/>
  <member type="way" ref="379083199" role=""/>
  <member type="way" ref="379083196" role=""/>
  <member type="way" ref="1137190853" role=""/>
  <member type="way" ref="1150142734" role=""/>
  <member type="way" ref="1137190851" role=""/>
  <member type="way" ref="379083193" role=""/>
  <member type="way" ref="1137190854" role=""/>
  <member type="way" ref="1136544099" role=""/>
  <member type="way" ref="379080052" role=""/>
  <member type="way" ref="379080051" role=""/>
  <member type="way" ref="173274304" role=""/>
  <member type="way" ref="1150143593" role=""/>
  <member type="way" ref="1150143592" role=""/>
  <member type="way" ref="226095060" role=""/>
  <member type="way" ref="1241040805" role=""/>
  <member type="way" ref="423123344" role=""/>
  <member type="way" ref="1377441712" role=""/>
  <member type="way" ref="721632877" role=""/>
  <member type="way" ref="483277003" role=""/>
  <member type="way" ref="688861929" role=""/>
  <member type="way" ref="483276987" role=""/>
  <member type="way" ref="688989434" role=""/>
  <member type="way" ref="688989433" role=""/>
  <member type="way" ref="88568967" role=""/>
  <member type="way" ref="1173736660" role=""/>
  <member type="way" ref="688987457" role=""/>
  <member type="way" ref="662746751" role=""/>
  <member type="way" ref="1159342398" role=""/>
  <member type="way" ref="664462337" role=""/>
  <member type="way" ref="1150075512" role=""/>
  <member type="way" ref="570280868" role=""/>
  <member type="way" ref="98637150" role=""/>
  <member type="way" ref="712161543" role=""/>
  <member type="way" ref="1241869682" role=""/>
  <member type="way" ref="570280869" role=""/>
  <member type="way" ref="1150075514" role=""/>
  <member type="way" ref="570280870" role=""/>
  <member type="way" ref="689080165" role=""/>
  <member type="way" ref="689080164" role=""/>
  <tag k="charge" v="100 AMD"/>
  <tag k="colour" v="#ff00ff"/>
  <tag k="fee" v="yes"/>
  <tag k="from" v="Avan (Yerevan City)"/>
  <tag k="name" v="Bus 65: Ավան (Երևան Սիթի) =&gt; 16 թաղամաս (Կվարտալ)"/>
  <tag k="name:en" v="Bus 65: Avan (Yerevan City) =&gt; 16 Block (Kvartal)"/>
  <tag k="network" v="Yerevan Bus"/>
  <tag k="public_transport:version" v="2"/>
  <tag k="ref" v="65"/>
  <tag k="route" v="bus"/>
  <tag k="to" v="16 Block (Kvartal)"/>
  <tag k="type" v="route"/>
  <tag k="via" v="Duryan"/>
 </relation>
 <relation id="9576093" visible="true" version="38" changeset="173992843" timestamp="2025-10-30T19:41:55Z" user="SMkrtich" uid="10984999">
  <member type="node" ref="6463542249" role="platform"/>
  <member type="node" ref="6462895118" role="platform_entry_only"/>
  <member type="node" ref="6462973758" role="platform"/>
  <member type="node" ref="6462895126" role="platform"/>
  <member type="node" ref="6462895129" role="platform"/>
  <member type="node" ref="6462895111" role="platform"/>
  <member type="node" ref="4660449389" role="platform"/>
  <member type="node" ref="4660332193" role="platform"/>
  <member type="node" ref="5037226244" role="platform"/>
  <member type="node" ref="5619120322" role="platform"/>
  <member type="node" ref="6463808140" role="platform"/>
  <member type="node" ref="5037226205" role="platform"/>
  <member type="node" ref="5619120324" role="platform"/>
  <member type="node" ref="4739600024" role="platform"/>
  <member type="node" ref="6371200885" role="platform"/>
  <member type="node" ref="6461180550" role="platform"/>
  <member type="node" ref="2874554580" role="platform"/>
  <member type="node" ref="2874557471" role="platform"/>
  <member type="node" ref="613353102" role="platform"/>
  <member type="node" ref="575079296" role="platform"/>
  <member type="node" ref="575077288" role="platform"/>
  <member type="node" ref="4130899440" role="platform"/>
  <member type="node" ref="4489618090" role="platform"/>
  <member type="node" ref="3939372613" role="platform"/>
  <member type="node" ref="4304692490" role="platform"/>
  <member type="node" ref="4396467589" role="platform"/>
  <member type="node" ref="4887134425" role="platform"/>
  <member type="node" ref="4322001291" role="platform"/>
  <member type="node" ref="4405694590" role="platform"/>
  <member type="node" ref="6462973754" role="platform"/>
  <member type="node" ref="2332695927" role="platform"/>
  <member type="node" ref="4607432290" role="platform"/>
  <member type="node" ref="1465088448" role="platform"/>
  <member type="node" ref="6421566387" role="platform"/>
  <member type="node" ref="6438720791" role="platform"/>
  <member type="node" ref="6463542251" role="platform"/>
  <member type="node" ref="6463542253" role="platform"/>
  <member type="node" ref="6463542254" role="platform"/>
  <member type="node" ref="6463542255" role="platform"/>
  <member type="node" ref="6438720789" role="platform"/>
  <member type="node" ref="6463542256" role="platform"/>
  <member type="node" ref="6463542250" role="platform"/>
  <member type="node" ref="6520882393" role="platform"/>
  <member type="node" ref="1468811108" role="platform"/>
  <member type="way" ref="688987457" role=""/>
  <member type="way" ref="1173736660" role=""/>
  <member type="way" ref="88568967" role=""/>
  <member type="way" ref="688989433" role=""/>
  <member type="way" ref="688989434" role=""/>
  <member type="way" ref="483276987" role=""/>
  <member type="way" ref="295636655" role=""/>
  <member type="way" ref="1377441713" role=""/>
  <member type="way" ref="721632878" role=""/>
  <member type="way" ref="422287457" role=""/>
  <member type="way" ref="1241040804" role=""/>
  <member type="way" ref="1150143595" role=""/>
  <member type="way" ref="1150143594" role=""/>
  <member type="way" ref="675690518" role=""/>
  <member type="way" ref="173274305" role=""/>
  <member type="way" ref="1164619945" role=""/>
  <member type="way" ref="380284814" role=""/>
  <member type="way" ref="1164619600" role=""/>
  <member type="way" ref="1147606119" role=""/>
  <member type="way" ref="1164619602" role=""/>
  <member type="way" ref="41261034" role=""/>
  <member type="way" ref="1137190847" role=""/>
  <member type="way" ref="1137190848" role=""/>
  <member type="way" ref="1150872602" role=""/>
  <member type="way" ref="41261035" role=""/>
  <member type="way" ref="1150872603" role=""/>
  <member type="way" ref="1137190850" role=""/>
  <member type="way" ref="1150142735" role=""/>
  <member type="way" ref="187307743" role=""/>
  <member type="way" ref="1137190852" role=""/>
  <member type="way" ref="187307744" role=""/>
  <member type="way" ref="245214142" role=""/>
  <member type="way" ref="577126866" role=""/>
  <member type="way" ref="688951521" role=""/>
  <member type="way" ref="245214383" role=""/>
  <member type="way" ref="245213219" role=""/>
  <member type="way" ref="379149076" role=""/>
  <member type="way" ref="380344431" role=""/>
  <member type="way" ref="379112826" role=""/>
  <member type="way" ref="380344430" role=""/>
  <member type="way" ref="515004000" role=""/>
  <member type="way" ref="380344433" role=""/>
  <member type="way" ref="515003998" role=""/>
  <member type="way" ref="379124195" role=""/>
  <member type="way" ref="515004001" role=""/>
  <member type="way" ref="380344434" role=""/>
  <member type="way" ref="515003992" role=""/>
  <member type="way" ref="440212377" role=""/>
  <member type="way" ref="379128397" role=""/>
  <member type="way" ref="440210198" role=""/>
  <member type="way" ref="379128399" role=""/>
  <member type="way" ref="1190928782" role=""/>
  <member type="way" ref="423490662" role=""/>
  <member type="way" ref="423490648" role=""/>
  <member type="way" ref="655247490" role=""/>
  <member type="way" ref="1446370913" role=""/>
  <member type="way" ref="423490647" role=""/>
  <member type="way" ref="423490650" role=""/>
  <member type="way" ref="489603756" role=""/>
  <member type="way" ref="288103374" role=""/>
  <member type="way" ref="1119239341" role=""/>
  <member type="way" ref="403396324" role=""/>
  <member type="way" ref="831101929" role=""/>
  <member type="way" ref="1342963966" role=""/>
  <member type="way" ref="446363882" role=""/>
  <member type="way" ref="839433343" role=""/>
  <member type="way" ref="655234742" role=""/>
  <member type="way" ref="839433344" role=""/>
  <member type="way" ref="137931563" role=""/>
  <member type="way" ref="137931564" role=""/>
  <member type="way" ref="50033547" role=""/>
  <member type="way" ref="137931562" role=""/>
  <member type="way" ref="707874423" role=""/>
  <member type="way" ref="686406313" role=""/>
  <member type="way" ref="138002000" role=""/>
  <member type="way" ref="689053771" role=""/>
  <member type="way" ref="1360366791" role=""/>
  <member type="way" ref="133082159" role=""/>
  <member type="way" ref="689053770" role=""/>
  <member type="way" ref="488168290" role=""/>
  <member type="way" ref="187146774" role=""/>
  <member type="way" ref="132959825" role=""/>
  <member type="way" ref="497473168" role=""/>
  <member type="way" ref="976814349" role=""/>
  <member type="way" ref="497473170" role=""/>
  <member type="way" ref="605818758" role=""/>
  <member type="way" ref="847964718" role=""/>
  <member type="way" ref="847964719" role=""/>
  <member type="way" ref="133350048" role=""/>
  <member type="way" ref="534314934" role=""/>
  <member type="way" ref="1169286863" role=""/>
  <member type="way" ref="137997602" role=""/>
  <member type="way" ref="272094822" role=""/>
  <member type="way" ref="133350048" role=""/>
  <tag k="charge" v="100 AMD"/>
  <tag k="colour" v="#ff00ff"/>
  <tag k="fee" v="yes"/>
  <tag k="from" v="16 Block (Kvartal)s"/>
  <tag k="name" v="Bus 65: 16 թաղամաս (Կվարտալ) =&gt; Ավան (Երևան Սիթի)"/>
  <tag k="name:en" v="Bus 65: 16 Block (Kvartal) =&gt; Avan (Yerevan City)"/>
  <tag k="network" v="Yerevan Bus"/>
  <tag k="public_transport:version" v="2"/>
  <tag k="ref" v="65"/>
  <tag k="route" v="bus"/>
  <tag k="to" v="Avan (Yerevan City)"/>
  <tag k="type" v="route"/>
  <tag k="via" v="Duryan"/>
 </relation>
 <relation id="9576094" visible="true" version="3" changeset="85345117" timestamp="2020-05-17T18:50:40Z" user="aslanosm" uid="2985213">
  <member type="relation" ref="9576092" role=""/>
  <member type="relation" ref="9576093" role=""/>
  <tag k="colour" v="yellow"/>
  <tag k="network" v="Yerevan Minibus"/>
  <tag k="ref" v="MiniBus #5"/>
  <tag k="route_master" v="bus"/>
  <tag k="type" v="route_master"/>
 </relation>
 <relation id="9576397" visible="true" version="57" changeset="175016084" timestamp="2025-11-23T08:18:27Z" user="SMkrtich" uid="10984999">
  <member type="node" ref="7599722080" role="stop_entry_only"/>
  <member type="node" ref="7599722078" role="platform_entry_only"/>
  <member type="node" ref="7658485260" role="stop"/>
  <member type="node" ref="7658485261" role="platform"/>
  <member type="node" ref="7599722075" role="stop"/>
  <member type="node" ref="6550790932" role="platform"/>
  <member type="node" ref="7599722074" role="stop"/>
  <member type="node" ref="6550790943" role="platform"/>
  <member type="node" ref="7599704717" role="stop"/>
  <member type="node" ref="7599704716" role="platform"/>
  <member type="node" ref="11792064988" role="stop"/>
  <member type="node" ref="11792064987" role="platform"/>
  <member type="node" ref="7599696581" role="stop"/>
  <member type="node" ref="7599696582" role="platform"/>
  <member type="node" ref="5174465429" role="stop"/>
  <member type="node" ref="621964094" role="platform"/>
  <member type="node" ref="5174465432" role="stop"/>
  <member type="node" ref="5174465433" role="platform"/>
  <member type="node" ref="5174465435" role="stop"/>
  <member type="node" ref="4512596366" role="platform"/>
  <member type="node" ref="5174465434" role="stop"/>
  <member type="node" ref="1465088448" role="platform"/>
  <member type="node" ref="6438616277" role="stop"/>
  <member type="node" ref="6421566387" role="platform"/>
  <member type="node" ref="12425418764" role="stop"/>
  <member type="node" ref="12425418763" role="platform"/>
  <member type="node" ref="12425418759" role="stop"/>
  <member type="node" ref="12425418761" role="platform"/>
  <member type="node" ref="12425418755" role="stop"/>
  <member type="node" ref="12425418756" role="platform"/>
  <member type="node" ref="4057423776" role="stop"/>
  <member type="node" ref="4607432397" role="platform"/>
  <member type="node" ref="5174465438" role="stop"/>
  <member type="node" ref="2332695926" role="platform"/>
  <member type="node" ref="7545762944" role="stop"/>
  <member type="node" ref="2332681971" role="platform"/>
  <member type="node" ref="7545762942" role="stop"/>
  <member type="node" ref="6461180541" role="platform"/>
  <member type="node" ref="7545762940" role="stop"/>
  <member type="node" ref="6462997485" role="platform"/>
  <member type="node" ref="7545762937" role="stop"/>
  <member type="node" ref="6462997487" role="platform"/>
  <member type="node" ref="7545762935" role="stop"/>
  <member type="node" ref="6462997489" role="platform"/>
  <member type="node" ref="5172609105" role="stop"/>
  <member type="node" ref="4939192524" role="platform"/>
  <member type="node" ref="5172582808" role="stop"/>
  <member type="node" ref="3939372614" role="platform"/>
  <member type="node" ref="5172581082" role="stop"/>
  <member type="node" ref="5172581083" role="platform"/>
  <member type="node" ref="5172572399" role="stop"/>
  <member type="node" ref="5091767822" role="platform"/>
  <member type="node" ref="5172561405" role="stop"/>
  <member type="node" ref="612617195" role="platform"/>
  <member type="node" ref="5172557456" role="stop"/>
  <member type="node" ref="4110482200" role="platform"/>
  <member type="node" ref="5172556101" role="stop"/>
  <member type="node" ref="4110482201" role="platform"/>
  <member type="node" ref="5172553846" role="stop"/>
  <member type="node" ref="2874557457" role="platform"/>
  <member type="node" ref="11055124814" role="stop"/>
  <member type="node" ref="6462973756" role="platform"/>
  <member type="node" ref="9894633980" role="stop"/>
  <member type="node" ref="6461180539" role="platform"/>
  <member type="node" ref="4984817604" role="stop"/>
  <member type="node" ref="6371200985" role="platform"/>
  <member type="node" ref="9894633979" role="stop"/>
  <member type="node" ref="4739600025" role="platform"/>
  <member type="node" ref="2992113389" role="stop"/>
  <member type="node" ref="4523701833" role="platform"/>
  <member type="node" ref="6434312963" role="stop"/>
  <member type="node" ref="6434312954" role="platform"/>
  <member type="node" ref="6434312995" role="stop"/>
  <member type="node" ref="6434312994" role="platform"/>
  <member type="node" ref="6434396551" role="stop"/>
  <member type="node" ref="6463741481" role="platform"/>
  <member type="node" ref="6434406471" role="stop"/>
  <member type="node" ref="6434406470" role="platform"/>
  <member type="node" ref="6434423428" role="stop"/>
  <member type="node" ref="6434423426" role="platform"/>
  <member type="node" ref="6434441172" role="stop"/>
  <member type="node" ref="6434441171" role="platform"/>
  <member type="node" ref="6434455277" role="stop"/>
  <member type="node" ref="6434455276" role="platform"/>
  <member type="node" ref="6434466314" role="stop"/>
  <member type="node" ref="6434466312" role="platform"/>
  <member type="node" ref="6434476303" role="stop"/>
  <member type="node" ref="6434476302" role="platform"/>
  <member type="node" ref="597698622" role="stop"/>
  <member type="node" ref="6463736076" role="platform"/>
  <member type="node" ref="597698354" role="stop"/>
  <member type="node" ref="6463736077" role="platform"/>
  <member type="node" ref="6435406879" role="stop"/>
  <member type="node" ref="6435406875" role="platform"/>
  <member type="node" ref="7475434757" role="stop"/>
  <member type="node" ref="6463736080" role="platform"/>
  <member type="node" ref="7475373117" role="stop"/>
  <member type="node" ref="7475373118" role="platform"/>
  <member type="node" ref="7475373113" role="stop"/>
  <member type="node" ref="7475373114" role="platform"/>
  <member type="node" ref="7475373109" role="stop"/>
  <member type="node" ref="7475373110" role="platform"/>
  <member type="node" ref="7475339853" role="stop"/>
  <member type="node" ref="7475339855" role="platform"/>
  <member type="node" ref="12425418753" role="stop_exit_only"/>
  <member type="node" ref="7475339847" role="platform_exit_only"/>
  <member type="way" ref="1342963974" role=""/>
  <member type="way" ref="1169286864" role=""/>
  <member type="way" ref="668983903" role=""/>
  <member type="way" ref="30130929" role=""/>
  <member type="way" ref="1342963988" role=""/>
  <member type="way" ref="1219349967" role=""/>
  <member type="way" ref="187640263" role=""/>
  <member type="way" ref="1219349964" role=""/>
  <member type="way" ref="484164965" role=""/>
  <member type="way" ref="579006656" role=""/>
  <member type="way" ref="175230280" role=""/>
  <member type="way" ref="118943859" role=""/>
  <member type="way" ref="689053770" role=""/>
  <member type="way" ref="488168290" role=""/>
  <member type="way" ref="187146774" role=""/>
  <member type="way" ref="132959825" role=""/>
  <member type="way" ref="976814349" role=""/>
  <member type="way" ref="1453039158" role=""/>
  <member type="way" ref="497998339" role=""/>
  <member type="way" ref="286386219" role=""/>
  <member type="way" ref="121537724" role=""/>
  <member type="way" ref="189145306" role=""/>
  <member type="way" ref="1235063303" role=""/>
  <member type="way" ref="655234743" role=""/>
  <member type="way" ref="831101930" role=""/>
  <member type="way" ref="446363884" role=""/>
  <member type="way" ref="713851133" role=""/>
  <member type="way" ref="729053684" role=""/>
  <member type="way" ref="189403698" role=""/>
  <member type="way" ref="1342963965" role=""/>
  <member type="way" ref="1446371968" role=""/>
  <member type="way" ref="1291263002" role=""/>
  <member type="way" ref="1446371966" role=""/>
  <member type="way" ref="1291224353" role=""/>
  <member type="way" ref="1291808335" role=""/>
  <member type="way" ref="1291224352" role=""/>
  <member type="way" ref="1342963961" role=""/>
  <member type="way" ref="119516107" role=""/>
  <member type="way" ref="515004007" role=""/>
  <member type="way" ref="1159342407" role=""/>
  <member type="way" ref="1159342408" role=""/>
  <member type="way" ref="187361642" role=""/>
  <member type="way" ref="187360875" role=""/>
  <member type="way" ref="23634374" role=""/>
  <member type="way" ref="1136468903" role=""/>
  <member type="way" ref="481327571" role=""/>
  <member type="way" ref="515004012" role=""/>
  <member type="way" ref="1292615905" role=""/>
  <member type="way" ref="481331815" role=""/>
  <member type="way" ref="515004002" role=""/>
  <member type="way" ref="481335956" role=""/>
  <member type="way" ref="515003994" role=""/>
  <member type="way" ref="380344432" role=""/>
  <member type="way" ref="380344435" role=""/>
  <member type="way" ref="515003999" role=""/>
  <member type="way" ref="1217604732" role=""/>
  <member type="way" ref="481343940" role=""/>
  <member type="way" ref="307676531" role=""/>
  <member type="way" ref="1177560290" role=""/>
  <member type="way" ref="245213221" role=""/>
  <member type="way" ref="245214332" role=""/>
  <member type="way" ref="379083199" role=""/>
  <member type="way" ref="379083196" role=""/>
  <member type="way" ref="1137190853" role=""/>
  <member type="way" ref="1150142734" role=""/>
  <member type="way" ref="1137190851" role=""/>
  <member type="way" ref="379083193" role=""/>
  <member type="way" ref="1137190854" role=""/>
  <member type="way" ref="1136544099" role=""/>
  <member type="way" ref="379080052" role=""/>
  <member type="way" ref="379080051" role=""/>
  <member type="way" ref="380284816" role=""/>
  <member type="way" ref="268466860" role=""/>
  <member type="way" ref="1136717428" role=""/>
  <member type="way" ref="379077026" role=""/>
  <member type="way" ref="189835254" role=""/>
  <member type="way" ref="801927114" role=""/>
  <member type="way" ref="135474718" role=""/>
  <member type="way" ref="187312294" role=""/>
  <member type="way" ref="304700568" role=""/>
  <member type="way" ref="304700567" role=""/>
  <member type="way" ref="313339353" role=""/>
  <member type="way" ref="1150074742" role=""/>
  <member type="way" ref="1137195107" role=""/>
  <member type="way" ref="23634998" role=""/>
  <member type="way" ref="380284817" role=""/>
  <member type="way" ref="116984293" role=""/>
  <member type="way" ref="304636225" role=""/>
  <member type="way" ref="1190857042" role=""/>
  <member type="way" ref="1137194955" role=""/>
  <member type="way" ref="1137194956" role=""/>
  <member type="way" ref="1150074737" role=""/>
  <member type="way" ref="1150074738" role=""/>
  <member type="way" ref="1190857043" role=""/>
  <member type="way" ref="189835259" role=""/>
  <member type="way" ref="1137194959" role=""/>
  <member type="way" ref="513273416" role=""/>
  <member type="way" ref="189835258" role=""/>
  <member type="way" ref="1136284861" role=""/>
  <member type="way" ref="1136284860" role=""/>
  <member type="way" ref="1136284850" role=""/>
  <member type="way" ref="504071684" role=""/>
  <member type="way" ref="188394932" role=""/>
  <member type="way" ref="504069493" role=""/>
  <member type="way" ref="116708795" role=""/>
  <member type="way" ref="116708796" role=""/>
  <member type="way" ref="1342533939" role=""/>
  <member type="way" ref="689077844" role=""/>
  <member type="way" ref="1342533929" role=""/>
  <member type="way" ref="689077841" role=""/>
  <member type="way" ref="46770536" role=""/>
  <member type="way" ref="1254286044" role=""/>
  <member type="way" ref="799300976" role=""/>
  <member type="way" ref="773164593" role=""/>
  <member type="way" ref="773164592" role=""/>
  <member type="way" ref="799282779" role=""/>
  <member type="way" ref="46771070" role=""/>
  <member type="way" ref="1257119194" role=""/>
  <member type="way" ref="1257484178" role=""/>
  <member type="way" ref="1342963973" role=""/>
  <tag k="fee" v="yes"/>
  <tag k="from" v="Բագրևանդ"/>
  <tag k="name" v="Ավտոբուս 52։ Բագրևանդ =&gt; ՀԱԹ Ա-2 / Անդրանիկի փող․"/>
  <tag k="name:en" v="Bus 52: Bagrevand =&gt; Block A-2 / Zoravar Andranik st."/>
  <tag k="name:hy" v="Ավտոբուս 52։ Բագրևանդ =&gt; ՀԱԹ Ա-2 / Անդրանիկի փող․"/>
  <tag k="name:ru" v="Автобус 52: Багреванд =&gt; Микрорайон А-2 / ул. Андраника"/>
  <tag k="network" v="Երևանի տրանսպորտ"/>
  <tag k="operator" v="Երևանի ավտոբուս"/>
  <tag k="public_transport:version" v="2"/>
  <tag k="ref" v="52"/>
  <tag k="route" v="bus"/>
  <tag k="to" v="ՀԱԹ Ա-2 / Անդրանիկի փողոց"/>
  <tag k="type" v="route"/>
 </relation>
 <relation id="9576398" visible="true" version="3" changeset="160304886" timestamp="2024-12-17T15:43:44Z" user="mos_next_door" uid="7544067">
  <member type="relation" ref="9576397" role=""/>
  <member type="relation" ref="18429659" role=""/>
  <tag k="name" v="Ավտոբուս 52։ Բագրևանդ &lt;=&gt; ՀԱԹ Ա-2 / Անդրանիկի փող․"/>
  <tag k="name:en" v="Bus 52: Bagrevand &lt;=&gt; Block A-2 / Zoravar Andranik st."/>
  <tag k="name:hy" v="Ավտոբուս 52։ Բագրևանդ &lt;=&gt; ՀԱԹ Ա-2 / Անդրանիկի փող․"/>
  <tag k="name:ru" v="Автобус 52: Багреванд &lt;=&gt; Микрорайон А-2 / ул. Андраника"/>
  <tag k="network" v="Երևանի տրանսպորտ"/>
  <tag k="operator" v="Երևանի ավտոբուս"/>
  <tag k="public_transport:version" v="2"/>
  <tag k="ref" v="52"/>
  <tag k="route_master" v="bus"/>
  <tag k="type" v="route_master"/>
 </relation>
 <relation id="16109344" visible="true" version="25" changeset="175484317" timestamp="2025-12-04T10:44:34Z" user="SMkrtich" uid="10984999">
  <member type="node" ref="4396806184" role="platform"/>
  <member type="node" ref="6462943364" role="platform"/>
  <member type="node" ref="6434238644" role="platform"/>
  <member type="node" ref="6432911593" role="platform"/>
  <member type="node" ref="6432905728" role="platform"/>
  <member type="node" ref="6432881626" role="platform"/>
  <member type="node" ref="6432881622" role="platform"/>
  <member type="node" ref="4110482206" role="platform"/>
  <member type="node" ref="1466951139" role="platform"/>
  <member type="node" ref="1537975969" role="platform"/>
  <member type="node" ref="4110482203" role="platform"/>
  <member type="node" ref="2874557471" role="platform"/>
  <member type="node" ref="613353102" role="platform"/>
  <member type="node" ref="575079296" role="platform"/>
  <member type="node" ref="575077288" role="platform"/>
  <member type="node" ref="4130899440" role="platform"/>
  <member type="node" ref="4489618090" role="platform"/>
  <member type="node" ref="3939372613" role="platform"/>
  <member type="node" ref="4304692490" role="platform"/>
  <member type="node" ref="4396467589" role="platform"/>
  <member type="node" ref="4887134425" role="platform"/>
  <member type="node" ref="2332695927" role="platform"/>
  <member type="node" ref="4607432290" role="platform"/>
  <member type="node" ref="2874554580" role="platform"/>
  <member type="node" ref="4322001291" role="platform"/>
  <member type="node" ref="4405694590" role="platform"/>
  <member type="node" ref="1465088448" role="platform"/>
  <member type="node" ref="6438720791" role="platform"/>
  <member type="node" ref="6421566387" role="platform"/>
  <member type="node" ref="6463542251" role="platform"/>
  <member type="node" ref="6463542253" role="platform"/>
  <member type="node" ref="6417590715" role="platform_exit_only"/>
  <member type="node" ref="7035507621" role="stop"/>
  <member type="node" ref="7528833266" role="stop"/>
  <member type="node" ref="6434238645" role="stop"/>
  <member type="node" ref="6432911595" role="stop"/>
  <member type="node" ref="6432905730" role="stop"/>
  <member type="node" ref="6432881627" role="stop"/>
  <member type="node" ref="6432881624" role="stop"/>
  <member type="node" ref="5166277917" role="stop"/>
  <member type="node" ref="5165711722" role="stop"/>
  <member type="node" ref="5165753840" role="stop"/>
  <member type="node" ref="5165034066" role="stop"/>
  <member type="node" ref="5172553848" role="stop"/>
  <member type="node" ref="5172553847" role="stop"/>
  <member type="node" ref="5172556100" role="stop"/>
  <member type="node" ref="5172557455" role="stop"/>
  <member type="node" ref="5172572398" role="stop"/>
  <member type="node" ref="5172561404" role="stop"/>
  <member type="node" ref="5172581084" role="stop"/>
  <member type="node" ref="5172582809" role="stop"/>
  <member type="node" ref="11055124815" role="stop"/>
  <member type="node" ref="5172644023" role="stop"/>
  <member type="node" ref="5174465439" role="stop"/>
  <member type="node" ref="5174465437" role="stop"/>
  <member type="node" ref="5172632144" role="stop"/>
  <member type="node" ref="5172647263" role="stop"/>
  <member type="node" ref="5174465442" role="stop"/>
  <member type="node" ref="5174465434" role="stop"/>
  <member type="node" ref="6438720790" role="stop"/>
  <member type="node" ref="6417590699" role="stop"/>
  <member type="node" ref="6438616277" role="stop"/>
  <member type="node" ref="6417590714" role="stop_exit_only"/>
  <member type="node" ref="11065808333" role="stop"/>
  <member type="node" ref="6438720788" role="stop"/>
  <member type="node" ref="6438720789" role="platform"/>
  <member type="node" ref="6463542256" role="platform"/>
  <member type="node" ref="11065808337" role="stop"/>
  <member type="way" ref="380363602" role=""/>
  <member type="way" ref="1164639288" role=""/>
  <member type="way" ref="592853576" role=""/>
  <member type="way" ref="1455964070" role=""/>
  <member type="way" ref="421158143" role=""/>
  <member type="way" ref="421158145" role=""/>
  <member type="way" ref="1430357162" role=""/>
  <member type="way" ref="450257712" role=""/>
  <member type="way" ref="1430357159" role=""/>
  <member type="way" ref="134193885" role=""/>
  <member type="way" ref="304147122" role=""/>
  <member type="way" ref="1164558569" role=""/>
  <member type="way" ref="219905748" role=""/>
  <member type="way" ref="138001051" role=""/>
  <member type="way" ref="1293796777" role=""/>
  <member type="way" ref="1393459538" role=""/>
  <member type="way" ref="1449440607" role=""/>
  <member type="way" ref="186129416" role=""/>
  <member type="way" ref="1449440606" role=""/>
  <member type="way" ref="1449440593" role=""/>
  <member type="way" ref="135473433" role=""/>
  <member type="way" ref="1449440594" role=""/>
  <member type="way" ref="135473432" role=""/>
  <member type="way" ref="307787275" role=""/>
  <member type="way" ref="135473434" role=""/>
  <member type="way" ref="288103367" role=""/>
  <member type="way" ref="133000078" role=""/>
  <member type="way" ref="291974734" role=""/>
  <member type="way" ref="425752272" role=""/>
  <member type="way" ref="291974040" role=""/>
  <member type="way" ref="291974727" role=""/>
  <member type="way" ref="137406408" role=""/>
  <member type="way" ref="133126013" role=""/>
  <member type="way" ref="189835257" role=""/>
  <member type="way" ref="133126024" role=""/>
  <member type="way" ref="379539760" role=""/>
  <member type="way" ref="513905609" role=""/>
  <member type="way" ref="380447582" role=""/>
  <member type="way" ref="380217251" role=""/>
  <member type="way" ref="380870527" role=""/>
  <member type="way" ref="380870526" role=""/>
  <member type="way" ref="380870528" role=""/>
  <member type="way" ref="480268880" role=""/>
  <member type="way" ref="245214033" role=""/>
  <member type="way" ref="1221628130" role=""/>
  <member type="way" ref="688951522" role=""/>
  <member type="way" ref="688951521" role=""/>
  <member type="way" ref="245214383" role=""/>
  <member type="way" ref="245213219" role=""/>
  <member type="way" ref="379149076" role=""/>
  <member type="way" ref="380344431" role=""/>
  <member type="way" ref="379112826" role=""/>
  <member type="way" ref="380344430" role=""/>
  <member type="way" ref="515004000" role=""/>
  <member type="way" ref="380344433" role=""/>
  <member type="way" ref="515003998" role=""/>
  <member type="way" ref="379124195" role=""/>
  <member type="way" ref="515004001" role=""/>
  <member type="way" ref="380344434" role=""/>
  <member type="way" ref="515003992" role=""/>
  <member type="way" ref="440212377" role=""/>
  <member type="way" ref="379128397" role=""/>
  <member type="way" ref="440210198" role=""/>
  <member type="way" ref="379128399" role=""/>
  <member type="way" ref="1190928782" role=""/>
  <member type="way" ref="423490662" role=""/>
  <member type="way" ref="423490648" role=""/>
  <member type="way" ref="655247490" role=""/>
  <member type="way" ref="1446370913" role=""/>
  <member type="way" ref="423490647" role=""/>
  <member type="way" ref="423490650" role=""/>
  <member type="way" ref="489603756" role=""/>
  <member type="way" ref="288103374" role=""/>
  <member type="way" ref="1119239341" role=""/>
  <member type="way" ref="403396324" role=""/>
  <member type="way" ref="831101929" role=""/>
  <member type="way" ref="1342963966" role=""/>
  <member type="way" ref="446363882" role=""/>
  <member type="way" ref="839433343" role=""/>
  <member type="way" ref="655234742" role=""/>
  <member type="way" ref="839433344" role=""/>
  <member type="way" ref="137931563" role=""/>
  <member type="way" ref="137931564" role=""/>
  <member type="way" ref="50033547" role=""/>
  <member type="way" ref="137931562" role=""/>
  <member type="way" ref="707874423" role=""/>
  <member type="way" ref="686406313" role=""/>
  <member type="way" ref="138002000" role=""/>
  <member type="way" ref="689053771" role=""/>
  <member type="way" ref="1360366791" role=""/>
  <member type="way" ref="133082159" role=""/>
  <member type="way" ref="689053770" role=""/>
  <member type="way" ref="488168290" role=""/>
  <member type="way" ref="187146774" role=""/>
  <member type="way" ref="132959825" role=""/>
  <member type="way" ref="976814349" role=""/>
  <member type="way" ref="497473168" role=""/>
  <member type="way" ref="497473170" role=""/>
  <member type="way" ref="605818758" role=""/>
  <member type="way" ref="847964718" role=""/>
  <member type="way" ref="847964719" role=""/>
  <tag k="from" v="Կրկես"/>
  <tag k="name" v="Տրոլեյբուս 9: Կրկես =&gt; Ավան"/>
  <tag k="name:en" v="Trolleybus 9: Circus =&gt; Avan"/>
  <tag k="name:hy" v="Տրոլեյբուս 9: Կրկես =&gt; Ավան"/>
  <tag k="name:ru" v="Троллейбус 9: Цирк =&gt; Аван"/>
  <tag k="network" v="Երևանի տրանսպորտ"/>
  <tag k="operator" v="Երևանի էլեկտրատրանսպորտ"/>
  <tag k="public_transport:version" v="2"/>
  <tag k="ref" v="9"/>
  <tag k="route" v="trolleybus"/>
  <tag k="to" v="Ավան"/>
  <tag k="type" v="route"/>
 </relation>
 <relation id="16109345" visible="true" version="24" changeset="177704705" timestamp="2026-01-26T03:25:13Z" user="Greg91" uid="1704044">
  <member type="node" ref="6417590715" role="platform_entry_only"/>
  <member type="node" ref="6417590702" role="platform"/>
  <member type="node" ref="6417767562" role="platform"/>
  <member type="node" ref="6417767560" role="platform"/>
  <member type="node" ref="4607432397" role="platform"/>
  <member type="node" ref="2332695926" role="platform"/>
  <member type="node" ref="5174465441" role="platform"/>
  <member type="node" ref="4321947392" role="platform"/>
  <member type="node" ref="5172644022" role="platform"/>
  <member type="node" ref="4396467689" role="platform"/>
  <member type="node" ref="4939192524" role="platform"/>
  <member type="node" ref="3939372614" role="platform"/>
  <member type="node" ref="5172581083" role="platform"/>
  <member type="node" ref="5091767822" role="platform"/>
  <member type="node" ref="612617195" role="platform"/>
  <member type="node" ref="4110482200" role="platform"/>
  <member type="node" ref="4110482201" role="platform"/>
  <member type="node" ref="2874557457" role="platform"/>
  <member type="node" ref="6462973756" role="platform"/>
  <member type="node" ref="4110482202" role="platform"/>
  <member type="node" ref="4110482204" role="platform"/>
  <member type="node" ref="1466951128" role="platform"/>
  <member type="node" ref="4110482205" role="platform"/>
  <member type="node" ref="1465088473" role="platform"/>
  <member type="node" ref="6418184654" role="platform"/>
  <member type="node" ref="6418184656" role="platform"/>
  <member type="node" ref="6418223156" role="platform_exit_only"/>
  <member type="node" ref="4057423776" role="stop"/>
  <member type="node" ref="5174465438" role="stop"/>
  <member type="node" ref="5174465440" role="stop"/>
  <member type="node" ref="5172647262" role="stop"/>
  <member type="node" ref="5172644021" role="stop"/>
  <member type="node" ref="5172632143" role="stop"/>
  <member type="node" ref="5172609105" role="stop"/>
  <member type="node" ref="5172582808" role="stop"/>
  <member type="node" ref="5172581082" role="stop"/>
  <member type="node" ref="5172572399" role="stop"/>
  <member type="node" ref="5172561405" role="stop"/>
  <member type="node" ref="5172557456" role="stop"/>
  <member type="node" ref="5172556101" role="stop"/>
  <member type="node" ref="5172553846" role="stop"/>
  <member type="node" ref="11055124814" role="stop"/>
  <member type="node" ref="5166225044" role="stop"/>
  <member type="node" ref="256038625" role="stop"/>
  <member type="node" ref="5165711721" role="stop"/>
  <member type="node" ref="5166277918" role="stop"/>
  <member type="node" ref="9904683439" role="stop"/>
  <member type="node" ref="6418184655" role="stop"/>
  <member type="node" ref="3836963479" role="stop"/>
  <member type="node" ref="6418223158" role="stop"/>
  <member type="node" ref="6417767559" role="stop"/>
  <member type="node" ref="6417767561" role="stop"/>
  <member type="node" ref="6417590703" role="stop"/>
  <member type="node" ref="6417590714" role="stop_entry_only"/>
  <member type="node" ref="6463542252" role="platform"/>
  <member type="node" ref="6417590709" role="stop"/>
  <member type="node" ref="6417590710" role="platform"/>
  <member type="node" ref="6417590708" role="stop"/>
  <member type="node" ref="6417590711" role="platform"/>
  <member type="node" ref="6417590713" role="platform"/>
  <member type="node" ref="6417590712" role="stop"/>
  <member type="way" ref="481335956" role=""/>
  <member type="way" ref="515003994" role=""/>
  <member type="way" ref="380344432" role=""/>
  <member type="way" ref="380344435" role=""/>
  <member type="way" ref="515003999" role=""/>
  <member type="way" ref="1217604732" role=""/>
  <member type="way" ref="481343940" role=""/>
  <member type="way" ref="307676531" role=""/>
  <member type="way" ref="1177560290" role=""/>
  <member type="way" ref="245213221" role=""/>
  <member type="way" ref="245214382" role=""/>
  <member type="way" ref="577126865" role=""/>
  <member type="way" ref="380344440" role=""/>
  <member type="way" ref="404808374" role=""/>
  <member type="way" ref="189757785" role=""/>
  <member type="way" ref="688883940" role=""/>
  <member type="way" ref="481091289" role=""/>
  <member type="way" ref="134135259" role=""/>
  <member type="way" ref="1261815394" role=""/>
  <member type="way" ref="186338252" role=""/>
  <member type="way" ref="380447580" role=""/>
  <member type="way" ref="137406407" role=""/>
  <member type="way" ref="440279722" role=""/>
  <member type="way" ref="380217253" role=""/>
  <member type="way" ref="1252820505" role=""/>
  <member type="way" ref="291974731" role=""/>
  <member type="way" ref="291974043" role=""/>
  <member type="way" ref="137647538" role=""/>
  <member type="way" ref="1235147073" role=""/>
  <member type="way" ref="666518016" role=""/>
  <member type="way" ref="1470435515" role=""/>
  <member type="way" ref="133126026" role=""/>
  <member type="way" ref="133126030" role=""/>
  <member type="way" ref="1328664748" role=""/>
  <member type="way" ref="493502765" role=""/>
  <member type="way" ref="1446125444" role=""/>
  <member type="way" ref="177211987" role=""/>
  <member type="way" ref="699152676" role=""/>
  <member type="way" ref="56196502" role=""/>
  <member type="way" ref="488801107" role=""/>
  <member type="way" ref="138000492" role=""/>
  <member type="way" ref="1446585731" role=""/>
  <member type="way" ref="1455918408" role=""/>
  <member type="way" ref="1446585730" role=""/>
  <member type="way" ref="1157192797" role=""/>
  <member type="way" ref="1157192798" role=""/>
  <member type="way" ref="847964719" role=""/>
  <member type="way" ref="847964718" role=""/>
  <member type="way" ref="605818758" role=""/>
  <member type="way" ref="139387072" role=""/>
  <member type="way" ref="439265718" role=""/>
  <member type="way" ref="538141425" role=""/>
  <member type="way" ref="497473171" role=""/>
  <member type="way" ref="976814350" role=""/>
  <member type="way" ref="497473169" role=""/>
  <member type="way" ref="1167364077" role=""/>
  <member type="way" ref="1167364078" role=""/>
  <member type="way" ref="137997600" role=""/>
  <member type="way" ref="945773674" role=""/>
  <member type="way" ref="137931567" role=""/>
  <member type="way" ref="1235063304" role=""/>
  <member type="way" ref="189145306" role=""/>
  <member type="way" ref="1235063303" role=""/>
  <member type="way" ref="655234743" role=""/>
  <member type="way" ref="831101930" role=""/>
  <member type="way" ref="446363883" role=""/>
  <member type="way" ref="423490656" role=""/>
  <member type="way" ref="1119239345" role=""/>
  <member type="way" ref="423490651" role=""/>
  <member type="way" ref="423490649" role=""/>
  <member type="way" ref="1446370911" role=""/>
  <member type="way" ref="187146760" role=""/>
  <member type="way" ref="423490659" role=""/>
  <member type="way" ref="1190928783" role=""/>
  <member type="way" ref="189145304" role=""/>
  <member type="way" ref="187360875" role=""/>
  <member type="way" ref="23634374" role=""/>
  <member type="way" ref="1136468903" role=""/>
  <member type="way" ref="481327571" role=""/>
  <member type="way" ref="515004012" role=""/>
  <member type="way" ref="1292615905" role=""/>
  <member type="way" ref="481331815" role=""/>
  <member type="way" ref="515004002" role=""/>
  <tag k="from" v="Ավան"/>
  <tag k="name" v="Տրոլեյբուս 9: Ավան =&gt; Կրկես"/>
  <tag k="name:en" v="Trolleybus 9: Avan =&gt; Circus"/>
  <tag k="name:hy" v="Տրոլեյբուս 9: Ավան =&gt; Կրկես"/>
  <tag k="name:ru" v="Троллейбус 9: Аван =&gt; Цирк"/>
  <tag k="network" v="Երևանի տրանսպորտ"/>
  <tag k="operator" v="Երևանի էլեկտրատրանսպորտ"/>
  <tag k="public_transport:version" v="2"/>
  <tag k="ref" v="9"/>
  <tag k="route" v="trolleybus"/>
  <tag k="to" v="Կրկես"/>
  <tag k="type" v="route"/>
 </relation>
 <relation id="16114262" visible="true" version="25" changeset="173992843" timestamp="2025-10-30T19:41:55Z" user="SMkrtich" uid="10984999">
  <member type="node" ref="5174465014" role="platform"/>
  <member type="node" ref="2132245993" role="platform"/>
  <member type="node" ref="4391620389" role="platform"/>
  <member type="node" ref="5174465427" role="platform"/>
  <member type="node" ref="621964094" role="platform"/>
  <member type="node" ref="5174465433" role="platform"/>
  <member type="node" ref="4512596366" role="platform"/>
  <member type="node" ref="1465088448" role="platform"/>
  <member type="node" ref="4607432397" role="platform"/>
  <member type="node" ref="2332695926" role="platform"/>
  <member type="node" ref="5174465441" role="platform"/>
  <member type="node" ref="4321947392" role="platform"/>
  <member type="node" ref="5172644022" role="platform"/>
  <member type="node" ref="4396467689" role="platform"/>
  <member type="node" ref="4939192524" role="platform"/>
  <member type="node" ref="3939372614" role="platform"/>
  <member type="node" ref="5172581083" role="platform"/>
  <member type="node" ref="5091767822" role="platform"/>
  <member type="node" ref="612617195" role="platform"/>
  <member type="node" ref="4110482200" role="platform"/>
  <member type="node" ref="4110482201" role="platform"/>
  <member type="node" ref="2874557457" role="platform"/>
  <member type="node" ref="1537880011" role="platform"/>
  <member type="node" ref="6461180539" role="platform"/>
  <member type="node" ref="6371200985" role="platform"/>
  <member type="node" ref="4739600025" role="platform"/>
  <member type="node" ref="4660449391" role="platform"/>
  <member type="node" ref="5037226119" role="platform"/>
  <member type="node" ref="5621239022" role="platform"/>
  <member type="node" ref="5037226204" role="platform"/>
  <member type="node" ref="5621248622" role="platform"/>
  <member type="node" ref="4660449390" role="platform"/>
  <member type="node" ref="5037227130" role="platform"/>
  <member type="node" ref="9903350934" role="platform"/>
  <member type="node" ref="11070244926" role="platform"/>
  <member type="node" ref="6463010301" role="platform"/>
  <member type="node" ref="5174465013" role="stop"/>
  <member type="node" ref="5174465424" role="stop"/>
  <member type="node" ref="2327176022" role="stop"/>
  <member type="node" ref="5174465426" role="stop"/>
  <member type="node" ref="5174465429" role="stop"/>
  <member type="node" ref="5174465432" role="stop"/>
  <member type="node" ref="5174465435" role="stop"/>
  <member type="node" ref="5174465434" role="stop"/>
  <member type="node" ref="4057423776" role="stop"/>
  <member type="node" ref="5174465438" role="stop"/>
  <member type="node" ref="5174465440" role="stop"/>
  <member type="node" ref="5172647262" role="stop"/>
  <member type="node" ref="5172644021" role="stop"/>
  <member type="node" ref="5172632143" role="stop"/>
  <member type="node" ref="5172609105" role="stop"/>
  <member type="node" ref="5172582808" role="stop"/>
  <member type="node" ref="5172581082" role="stop"/>
  <member type="node" ref="5172572399" role="stop"/>
  <member type="node" ref="5172561405" role="stop"/>
  <member type="node" ref="5172557456" role="stop"/>
  <member type="node" ref="5172556101" role="stop"/>
  <member type="node" ref="5172553846" role="stop"/>
  <member type="node" ref="5172553849" role="stop"/>
  <member type="node" ref="9894633980" role="stop"/>
  <member type="node" ref="4984817604" role="stop"/>
  <member type="node" ref="9894633979" role="stop"/>
  <member type="node" ref="7501492386" role="stop"/>
  <member type="node" ref="9894633978" role="stop"/>
  <member type="node" ref="7500834275" role="stop"/>
  <member type="node" ref="7500902612" role="stop"/>
  <member type="node" ref="7500902611" role="stop"/>
  <member type="node" ref="9903350931" role="stop"/>
  <member type="node" ref="9903350932" role="stop"/>
  <member type="node" ref="9903350935" role="stop"/>
  <member type="node" ref="11070244927" role="stop"/>
  <member type="node" ref="11072751343" role="stop"/>
  <member type="way" ref="83715598" role=""/>
  <member type="way" ref="689595373" role=""/>
  <member type="way" ref="125669289" role=""/>
  <member type="way" ref="1190062099" role=""/>
  <member type="way" ref="137931080" role=""/>
  <member type="way" ref="137931082" role=""/>
  <member type="way" ref="137997641" role=""/>
  <member type="way" ref="1219358717" role=""/>
  <member type="way" ref="187640263" role=""/>
  <member type="way" ref="1219349964" role=""/>
  <member type="way" ref="484164965" role=""/>
  <member type="way" ref="579006656" role=""/>
  <member type="way" ref="175230280" role=""/>
  <member type="way" ref="118943859" role=""/>
  <member type="way" ref="689053770" role=""/>
  <member type="way" ref="488168290" role=""/>
  <member type="way" ref="187146762" role=""/>
  <member type="way" ref="50033539" role=""/>
  <member type="way" ref="50033548" role=""/>
  <member type="way" ref="945773674" role=""/>
  <member type="way" ref="137931567" role=""/>
  <member type="way" ref="1235063304" role=""/>
  <member type="way" ref="189145306" role=""/>
  <member type="way" ref="1235063303" role=""/>
  <member type="way" ref="655234743" role=""/>
  <member type="way" ref="831101930" role=""/>
  <member type="way" ref="446363883" role=""/>
  <member type="way" ref="423490656" role=""/>
  <member type="way" ref="1119239345" role=""/>
  <member type="way" ref="423490651" role=""/>
  <member type="way" ref="423490649" role=""/>
  <member type="way" ref="1446370911" role=""/>
  <member type="way" ref="187146760" role=""/>
  <member type="way" ref="423490659" role=""/>
  <member type="way" ref="1190928783" role=""/>
  <member type="way" ref="189145304" role=""/>
  <member type="way" ref="187360875" role=""/>
  <member type="way" ref="23634374" role=""/>
  <member type="way" ref="1136468903" role=""/>
  <member type="way" ref="481327571" role=""/>
  <member type="way" ref="515004012" role=""/>
  <member type="way" ref="1292615905" role=""/>
  <member type="way" ref="481331815" role=""/>
  <member type="way" ref="515004002" role=""/>
  <member type="way" ref="481335956" role=""/>
  <member type="way" ref="515003994" role=""/>
  <member type="way" ref="380344432" role=""/>
  <member type="way" ref="380344435" role=""/>
  <member type="way" ref="515003999" role=""/>
  <member type="way" ref="1215051837" role=""/>
  <member type="way" ref="533153976" role=""/>
  <member type="way" ref="409155834" role=""/>
  <member type="way" ref="533153974" role=""/>
  <member type="way" ref="380217258" role=""/>
  <member type="way" ref="552840214" role=""/>
  <member type="way" ref="579004583" role=""/>
  <member type="way" ref="379083199" role=""/>
  <member type="way" ref="379083196" role=""/>
  <member type="way" ref="1137190853" role=""/>
  <member type="way" ref="1150142734" role=""/>
  <member type="way" ref="1137190851" role=""/>
  <member type="way" ref="379083193" role=""/>
  <member type="way" ref="1137190854" role=""/>
  <member type="way" ref="1136544099" role=""/>
  <member type="way" ref="379080052" role=""/>
  <member type="way" ref="379080051" role=""/>
  <member type="way" ref="173274304" role=""/>
  <member type="way" ref="1150143593" role=""/>
  <member type="way" ref="1150143592" role=""/>
  <member type="way" ref="226095060" role=""/>
  <member type="way" ref="1241040805" role=""/>
  <member type="way" ref="423123344" role=""/>
  <member type="way" ref="1377441712" role=""/>
  <member type="way" ref="721632877" role=""/>
  <member type="way" ref="483277003" role=""/>
  <member type="way" ref="1254618945" role=""/>
  <member type="way" ref="1173736663" role=""/>
  <member type="way" ref="423123343" role=""/>
  <member type="way" ref="1173736664" role=""/>
  <member type="way" ref="1221620750" role=""/>
  <member type="way" ref="659332838" role=""/>
  <member type="way" ref="839279048" role=""/>
  <member type="way" ref="688951520" role=""/>
  <member type="way" ref="1150146672" role=""/>
  <member type="way" ref="380870522" role=""/>
  <member type="way" ref="1150154788" role=""/>
  <member type="way" ref="1150154791" role=""/>
  <member type="way" ref="380870525" role=""/>
  <member type="way" ref="1150154793" role=""/>
  <member type="way" ref="1150154797" role=""/>
  <member type="way" ref="1150154798" role=""/>
  <member type="way" ref="688951519" role=""/>
  <member type="way" ref="514889955" role=""/>
  <member type="way" ref="911444868" role=""/>
  <member type="way" ref="1274282014" role=""/>
  <member type="way" ref="1150149323" role=""/>
  <member type="way" ref="1341360138" role=""/>
  <member type="way" ref="1150149324" role=""/>
  <member type="way" ref="98624427" role=""/>
  <member type="way" ref="895921956" role=""/>
  <member type="way" ref="1192525030" role=""/>
  <member type="way" ref="1192841646" role=""/>
  <member type="way" ref="1192841647" role=""/>
  <tag k="from" v="Նորքի 5-րդ զանգված"/>
  <tag k="name" v="Տրոլեյբուս 10: Նոր Նորքի 5-րդ զանգված =&gt; Դավթաշեն"/>
  <tag k="name:en" v="Trolleybus 10: Nor Nork Block 5 =&gt; Davtashen"/>
  <tag k="name:hy" v="Տրոլեյբուս 10: Նոր Նորքի 5-րդ զանգված =&gt; Դավթաշեն"/>
  <tag k="name:ru" v="Троллейбус 10: 5-й жилой массив Нор Норка =&gt; Давташен"/>
  <tag k="network" v="Երևանի տրանսպորտ"/>
  <tag k="operator" v="Երևանի էլեկտրատրանսպորտ"/>
  <tag k="public_transport:version" v="2"/>
  <tag k="ref" v="10Ա"/>
  <tag k="route" v="trolleybus"/>
  <tag k="to" v="Դավթաշեն"/>
  <tag k="type" v="route"/>
 </relation>
 <relation id="16114263" visible="true" version="30" changeset="173992843" timestamp="2025-10-30T19:41:55Z" user="SMkrtich" uid="10984999">
  <member type="node" ref="6463010300" role="platform"/>
  <member type="node" ref="9903350937" role="platform"/>
  <member type="node" ref="5037223134" role="platform"/>
  <member type="node" ref="4660332193" role="platform"/>
  <member type="node" ref="5037226244" role="platform"/>
  <member type="node" ref="5619120322" role="platform"/>
  <member type="node" ref="6463808140" role="platform"/>
  <member type="node" ref="5037226205" role="platform"/>
  <member type="node" ref="5619120324" role="platform"/>
  <member type="node" ref="4739600024" role="platform"/>
  <member type="node" ref="6461180550" role="platform"/>
  <member type="node" ref="6371200885" role="platform"/>
  <member type="node" ref="2874554580" role="platform"/>
  <member type="node" ref="2874557471" role="platform"/>
  <member type="node" ref="613353102" role="platform"/>
  <member type="node" ref="575079296" role="platform"/>
  <member type="node" ref="575077288" role="platform"/>
  <member type="node" ref="4130899440" role="platform"/>
  <member type="node" ref="4489618090" role="platform"/>
  <member type="node" ref="3939372613" role="platform"/>
  <member type="node" ref="4304692490" role="platform"/>
  <member type="node" ref="4396467589" role="platform"/>
  <member type="node" ref="4887134425" role="platform"/>
  <member type="node" ref="4322001291" role="platform"/>
  <member type="node" ref="4405694590" role="platform"/>
  <member type="node" ref="2332695927" role="platform"/>
  <member type="node" ref="4607432290" role="platform"/>
  <member type="node" ref="4512596367" role="platform"/>
  <member type="node" ref="1465088476" role="platform"/>
  <member type="node" ref="621964087" role="platform"/>
  <member type="node" ref="621964106" role="platform"/>
  <member type="node" ref="4391607491" role="platform"/>
  <member type="node" ref="2132244218" role="platform"/>
  <member type="node" ref="11072751342" role="stop"/>
  <member type="node" ref="9903350936" role="stop"/>
  <member type="node" ref="9903350933" role="stop"/>
  <member type="node" ref="7501492390" role="stop"/>
  <member type="node" ref="7501492389" role="stop"/>
  <member type="node" ref="7501492388" role="stop"/>
  <member type="node" ref="7501492387" role="stop"/>
  <member type="node" ref="9894798226" role="stop"/>
  <member type="node" ref="7501492385" role="stop"/>
  <member type="node" ref="9894798227" role="stop"/>
  <member type="node" ref="9894798228" role="stop"/>
  <member type="node" ref="12320786074" role="stop"/>
  <member type="node" ref="5172553848" role="stop"/>
  <member type="node" ref="5172553847" role="stop"/>
  <member type="node" ref="5172556100" role="stop"/>
  <member type="node" ref="5172557455" role="stop"/>
  <member type="node" ref="5172561404" role="stop"/>
  <member type="node" ref="5172572398" role="stop"/>
  <member type="node" ref="5172581084" role="stop"/>
  <member type="node" ref="5172582809" role="stop"/>
  <member type="node" ref="11055124815" role="stop"/>
  <member type="node" ref="5172632144" role="stop"/>
  <member type="node" ref="5172644023" role="stop"/>
  <member type="node" ref="5172647263" role="stop"/>
  <member type="node" ref="5174465442" role="stop"/>
  <member type="node" ref="5174465439" role="stop"/>
  <member type="node" ref="5174465437" role="stop"/>
  <member type="node" ref="5174465436" role="stop"/>
  <member type="node" ref="5174465431" role="stop"/>
  <member type="node" ref="5174465430" role="stop"/>
  <member type="node" ref="5174465428" role="stop"/>
  <member type="node" ref="5174465425" role="stop"/>
  <member type="node" ref="5174465423" role="stop"/>
  <member type="node" ref="5174465019" role="stop"/>
  <member type="node" ref="5174465020" role="platform"/>
  <member type="node" ref="5174465422" role="stop"/>
  <member type="node" ref="1395228817" role="platform"/>
  <member type="node" ref="1395228794" role="platform"/>
  <member type="node" ref="5174465016" role="stop"/>
  <member type="way" ref="1341360136" role=""/>
  <member type="way" ref="1192841645" role=""/>
  <member type="way" ref="554985287" role=""/>
  <member type="way" ref="98624455" role=""/>
  <member type="way" ref="1274283347" role=""/>
  <member type="way" ref="911444869" role=""/>
  <member type="way" ref="380870524" role=""/>
  <member type="way" ref="1150154796" role=""/>
  <member type="way" ref="1150154795" role=""/>
  <member type="way" ref="1150154794" role=""/>
  <member type="way" ref="1150154792" role=""/>
  <member type="way" ref="1150154790" role=""/>
  <member type="way" ref="1150154789" role=""/>
  <member type="way" ref="380870523" role=""/>
  <member type="way" ref="1173671854" role=""/>
  <member type="way" ref="688941721" role=""/>
  <member type="way" ref="839275092" role=""/>
  <member type="way" ref="662744233" role=""/>
  <member type="way" ref="839275091" role=""/>
  <member type="way" ref="694240385" role=""/>
  <member type="way" ref="1221617989" role=""/>
  <member type="way" ref="662744237" role=""/>
  <member type="way" ref="1149523787" role=""/>
  <member type="way" ref="383979041" role=""/>
  <member type="way" ref="483276999" role=""/>
  <member type="way" ref="295636655" role=""/>
  <member type="way" ref="1377441713" role=""/>
  <member type="way" ref="721632878" role=""/>
  <member type="way" ref="422287457" role=""/>
  <member type="way" ref="1241040804" role=""/>
  <member type="way" ref="1150143595" role=""/>
  <member type="way" ref="1150143594" role=""/>
  <member type="way" ref="675690518" role=""/>
  <member type="way" ref="173274305" role=""/>
  <member type="way" ref="1164619945" role=""/>
  <member type="way" ref="380284814" role=""/>
  <member type="way" ref="1164619600" role=""/>
  <member type="way" ref="1147606119" role=""/>
  <member type="way" ref="1164619602" role=""/>
  <member type="way" ref="41261034" role=""/>
  <member type="way" ref="1137190847" role=""/>
  <member type="way" ref="1137190848" role=""/>
  <member type="way" ref="1150872602" role=""/>
  <member type="way" ref="41261035" role=""/>
  <member type="way" ref="1150872603" role=""/>
  <member type="way" ref="1137190850" role=""/>
  <member type="way" ref="1150142735" role=""/>
  <member type="way" ref="187307743" role=""/>
  <member type="way" ref="1137190852" role=""/>
  <member type="way" ref="187307744" role=""/>
  <member type="way" ref="245214142" role=""/>
  <member type="way" ref="577126866" role=""/>
  <member type="way" ref="688951521" role=""/>
  <member type="way" ref="245214383" role=""/>
  <member type="way" ref="245213219" role=""/>
  <member type="way" ref="379149076" role=""/>
  <member type="way" ref="380344431" role=""/>
  <member type="way" ref="379112826" role=""/>
  <member type="way" ref="380344430" role=""/>
  <member type="way" ref="515004000" role=""/>
  <member type="way" ref="380344433" role=""/>
  <member type="way" ref="515003998" role=""/>
  <member type="way" ref="379124195" role=""/>
  <member type="way" ref="515004001" role=""/>
  <member type="way" ref="380344434" role=""/>
  <member type="way" ref="515003992" role=""/>
  <member type="way" ref="440212377" role=""/>
  <member type="way" ref="379128397" role=""/>
  <member type="way" ref="440210198" role=""/>
  <member type="way" ref="379128399" role=""/>
  <member type="way" ref="1190928782" role=""/>
  <member type="way" ref="423490662" role=""/>
  <member type="way" ref="423490648" role=""/>
  <member type="way" ref="655247490" role=""/>
  <member type="way" ref="1446370913" role=""/>
  <member type="way" ref="423490647" role=""/>
  <member type="way" ref="423490650" role=""/>
  <member type="way" ref="489603756" role=""/>
  <member type="way" ref="288103374" role=""/>
  <member type="way" ref="1119239341" role=""/>
  <member type="way" ref="403396324" role=""/>
  <member type="way" ref="831101929" role=""/>
  <member type="way" ref="1342963966" role=""/>
  <member type="way" ref="446363882" role=""/>
  <member type="way" ref="839433343" role=""/>
  <member type="way" ref="655234742" role=""/>
  <member type="way" ref="839433344" role=""/>
  <member type="way" ref="137931563" role=""/>
  <member type="way" ref="137931564" role=""/>
  <member type="way" ref="50033547" role=""/>
  <member type="way" ref="137931562" role=""/>
  <member type="way" ref="707874423" role=""/>
  <member type="way" ref="686406313" role=""/>
  <member type="way" ref="138002000" role=""/>
  <member type="way" ref="689053771" role=""/>
  <member type="way" ref="1360366791" role=""/>
  <member type="way" ref="132952148" role=""/>
  <member type="way" ref="423490654" role=""/>
  <member type="way" ref="1219349970" role=""/>
  <member type="way" ref="484163195" role=""/>
  <member type="way" ref="1219349969" role=""/>
  <member type="way" ref="484164964" role=""/>
  <member type="way" ref="1342963995" role=""/>
  <member type="way" ref="1219349965" role=""/>
  <member type="way" ref="423490653" role=""/>
  <member type="way" ref="219148794" role=""/>
  <member type="way" ref="533227168" role=""/>
  <member type="way" ref="688971714" role=""/>
  <member type="way" ref="688974823" role=""/>
  <member type="way" ref="689595373" role=""/>
  <member type="way" ref="533227167" role=""/>
  <member type="way" ref="83715612" role=""/>
  <member type="way" ref="760455541" role=""/>
  <member type="way" ref="1365840038" role=""/>
  <member type="way" ref="1365840039" role=""/>
  <member type="way" ref="760458950" role=""/>
  <member type="way" ref="423490652" role=""/>
  <member type="way" ref="1365840026" role=""/>
  <member type="way" ref="1365840037" role=""/>
  <member type="way" ref="1365840021" role=""/>
  <member type="way" ref="1365840036" role=""/>
  <member type="way" ref="1365840035" role=""/>
  <member type="way" ref="1365840033" role=""/>
  <member type="way" ref="1365840012" role=""/>
  <member type="way" ref="1365840011" role=""/>
  <member type="way" ref="1368166221" role=""/>
  <member type="way" ref="1255614053" role=""/>
  <member type="way" ref="1368166220" role=""/>
  <member type="way" ref="1368166219" role=""/>
  <member type="way" ref="1368166218" role=""/>
  <member type="way" ref="1342533928" role=""/>
  <member type="way" ref="1255445987" role=""/>
  <member type="way" ref="1368007822" role=""/>
  <member type="way" ref="1368007821" role=""/>
  <tag k="from" v="Դավթաշեն"/>
  <tag k="name" v="Տրոլեյբուս 10: Դավթաշեն =&gt; Նորքի 5-րդ զանգված"/>
  <tag k="name:en" v="Trolleybus 10: Davtashen =&gt; Nor Nork Block 5"/>
  <tag k="name:hy" v="Տրոլեյբուս 10: Դավթաշեն =&gt; Նորքի 5-րդ զանգված"/>
  <tag k="name:ru" v="Троллейбус 10: Давташен =&gt; 5-й жилой массив Нор Норка"/>
  <tag k="network" v="Երևանի տրանսպորտ"/>
  <tag k="operator" v="Երևանի էլեկտրատրանսպորտ"/>
  <tag k="public_transport:version" v="2"/>
  <tag k="ref" v="10Ա"/>
  <tag k="route" v="trolleybus"/>
  <tag k="to" v="Նորքի 5-րդ զանգված"/>
  <tag k="type" v="route"/>
 </relation>
 <relation id="16127603" visible="true" version="7" changeset="174218094" timestamp="2025-11-05T00:22:11Z" user="Greg91" uid="1704044">
  <member type="way" ref="49841580" role="street"/>
  <member type="way" ref="1292695700" role="street"/>
  <member type="way" ref="380298731" role="street"/>
  <member type="way" ref="380298728" role="street"/>
  <tag k="alt_name:en" v="Artsrunu street"/>
  <tag k="alt_name:hy" v="Գրիգոր Արծրունու փողոց"/>
  <tag k="name" v="Գրիգոր Արծրունու փողոց"/>
  <tag k="name:en" v="Artsruni street"/>
  <tag k="name:etymology:wikidata" v="Q460009"/>
  <tag k="name:fr" v="Rue Arçrouni"/>
  <tag k="name:hy" v="Արծրունու փողոց"/>
  <tag k="name:ru" v="улица Грикора Арцруни"/>
  <tag k="type" v="associatedStreet"/>
  <tag k="wikidata" v="Q120900819"/>
 </relation>
 <relation id="16138521" visible="true" version="4" changeset="162580603" timestamp="2025-02-16T17:51:01Z" user="SMkrtich" uid="10984999">
  <member type="relation" ref="16109344" role=""/>
  <member type="relation" ref="16109345" role=""/>
  <tag k="name" v="Տրոլեյբուս 9: Ավան &lt;=&gt; Կրկես"/>
  <tag k="name:en" v="Trolleybus 9: Avan &lt;=&gt; Circus"/>
  <tag k="name:hy" v="Տրոլեյբուս 9: Ավան &lt;=&gt; Կրկես"/>
  <tag k="name:ru" v="Троллейбус 9: Аван &lt;=&gt; Цирк"/>
  <tag k="network" v="Երևանի տրանսպորտ"/>
  <tag k="operator" v="Երևանի էլեկտրատրանսպորտ"/>
  <tag k="public_transport:version" v="2"/>
  <tag k="ref" v="9"/>
  <tag k="route_master" v="trolleybus"/>
  <tag k="type" v="route_master"/>
 </relation>
 <relation id="16138522" visible="true" version="4" changeset="162580603" timestamp="2025-02-16T17:51:01Z" user="SMkrtich" uid="10984999">
  <member type="relation" ref="16114262" role=""/>
  <member type="relation" ref="16114263" role=""/>
  <tag k="name" v="Տրոլեյբուս 10: Նոր Նորքի 5-րդ զանգված &lt;=&gt; Դավթաշեն"/>
  <tag k="name:en" v="Trolleybus 10: Nor Nork Block 5 &lt;=&gt; Davtashen"/>
  <tag k="name:hy" v="Տրոլեյբուս 10: Նոր Նորքի 5-րդ զանգված &lt;=&gt; Դավթաշեն"/>
  <tag k="name:ru" v="Троллейбус 10: 5-й жилой массив Нор Норка &lt;=&gt; Давташен"/>
  <tag k="network" v="Երևանի տրանսպորտ"/>
  <tag k="operator" v="Երևանի էլեկտրատրանսպորտ"/>
  <tag k="public_transport:version" v="2"/>
  <tag k="ref" v="10"/>
  <tag k="route_master" v="trolleybus"/>
  <tag k="type" v="route_master"/>
 </relation>
 <relation id="16154292" visible="true" version="11" changeset="174218094" timestamp="2025-11-05T00:22:11Z" user="Greg91" uid="1704044">
  <member type="way" ref="744216945" role="street"/>
  <member type="way" ref="744216945" role="street"/>
  <member type="way" ref="1292696871" role="street"/>
  <member type="way" ref="1292695712" role="street"/>
  <member type="way" ref="533153977" role="street"/>
  <member type="way" ref="467652515" role="street"/>
  <member type="way" ref="1292696867" role="street"/>
  <member type="way" ref="467652515" role="street"/>
  <member type="way" ref="1292696867" role="street"/>
  <member type="way" ref="1126544784" role="street"/>
  <member type="way" ref="1126675127" role="street"/>
  <member type="way" ref="1126675126" role="street"/>
  <member type="way" ref="667260359" role="street"/>
  <member type="way" ref="173267226" role="street"/>
  <member type="way" ref="49549749" role="street"/>
  <member type="way" ref="1292695718" role="street"/>
  <member type="way" ref="1126544731" role="street"/>
  <member type="way" ref="1126544730" role="street"/>
  <member type="way" ref="380344439" role="street"/>
  <member type="way" ref="1292696982" role="street"/>
  <member type="way" ref="1292695708" role="street"/>
  <member type="way" ref="189145307" role="street"/>
  <member type="way" ref="570283513" role="street"/>
  <member type="way" ref="1292695715" role="street"/>
  <member type="way" ref="1292695714" role="street"/>
  <member type="way" ref="1292696870" role="street"/>
  <member type="way" ref="749215005" role="street"/>
  <member type="way" ref="1292696869" role="street"/>
  <member type="way" ref="1335206305" role="street"/>
  <member type="way" ref="1335206306" role="street"/>
  <member type="way" ref="1292696868" role="street"/>
  <member type="way" ref="1292695710" role="street"/>
  <member type="way" ref="1155227829" role="street"/>
  <member type="way" ref="749215004" role="street"/>
  <member type="way" ref="749215004" role="street"/>
  <member type="way" ref="1155227829" role="street"/>
  <member type="way" ref="1292695710" role="street"/>
  <member type="way" ref="1292696868" role="street"/>
  <member type="way" ref="1335206306" role="street"/>
  <member type="way" ref="1335206305" role="street"/>
  <member type="way" ref="1292696869" role="street"/>
  <member type="way" ref="749215005" role="street"/>
  <member type="way" ref="1292696870" role="street"/>
  <member type="way" ref="1292695714" role="street"/>
  <member type="way" ref="1292695715" role="street"/>
  <member type="way" ref="221307820" role="street"/>
  <member type="way" ref="1292695709" role="street"/>
  <member type="way" ref="570283514" role="street"/>
  <member type="way" ref="515943719" role="street"/>
  <member type="way" ref="749215004" role="street"/>
  <member type="way" ref="515943718" role="street"/>
  <member type="way" ref="221307820" role="street"/>
  <member type="way" ref="221307820" role="street"/>
  <member type="way" ref="1292695709" role="street"/>
  <member type="way" ref="570283514" role="street"/>
  <member type="way" ref="570283514" role="street"/>
  <member type="way" ref="1292695709" role="street"/>
  <member type="way" ref="189145307" role="street"/>
  <member type="way" ref="1292695708" role="street"/>
  <member type="way" ref="1292696982" role="street"/>
  <tag k="name" v="Վաղարշ Վաղարշյան փողոց"/>
  <tag k="name:en" v="Vagharshyan street"/>
  <tag k="name:etymology:wikidata" v="Q2996497"/>
  <tag k="name:fr" v="Rue Vagharshyan"/>
  <tag k="name:hy" v="Վաղարշ Վաղարշյան փողոց"/>
  <tag k="name:ru" v="улица Вагарша Вагаршяна"/>
  <tag k="type" v="associatedStreet"/>
  <tag k="wikidata" v="Q25486354"/>
 </relation>
 <relation id="17434609" visible="true" version="5" changeset="160304886" timestamp="2024-12-17T15:43:44Z" user="mos_next_door" uid="7544067">
  <member type="node" ref="6461237584" role="platform"/>
  <member type="node" ref="7592527641" role="stop"/>
  <member type="node" ref="4299182591" role="platform"/>
  <member type="node" ref="7424908787" role="platform"/>
  <member type="node" ref="7592579923" role="stop"/>
  <member type="node" ref="4299128193" role="platform"/>
  <member type="node" ref="7528810244" role="platform"/>
  <member type="node" ref="6462943359" role="platform"/>
  <member type="node" ref="7528836285" role="stop"/>
  <member type="node" ref="6462943361" role="platform"/>
  <member type="node" ref="7528836291" role="platform"/>
  <member type="node" ref="7528836292" role="stop"/>
  <member type="node" ref="7528833264" role="stop"/>
  <member type="node" ref="7528833265" role="platform"/>
  <member type="node" ref="7528833267" role="platform"/>
  <member type="node" ref="7528833268" role="stop"/>
  <member type="node" ref="6462943365" role="platform"/>
  <member type="node" ref="7528834343" role="stop"/>
  <member type="node" ref="6434238646" role="platform"/>
  <member type="node" ref="6434238647" role="stop"/>
  <member type="node" ref="9903659910" role="stop"/>
  <member type="node" ref="9903659911" role="platform"/>
  <member type="node" ref="7054107785" role="platform"/>
  <member type="node" ref="9903659914" role="stop"/>
  <member type="node" ref="9903659915" role="stop"/>
  <member type="node" ref="9903669118" role="platform"/>
  <member type="node" ref="9903669117" role="stop"/>
  <member type="node" ref="256038625" role="stop"/>
  <member type="node" ref="4110482204" role="platform"/>
  <member type="node" ref="5166225044" role="stop"/>
  <member type="node" ref="4110482202" role="platform"/>
  <member type="node" ref="11055124814" role="stop"/>
  <member type="node" ref="6462973756" role="platform"/>
  <member type="node" ref="2874557457" role="platform"/>
  <member type="node" ref="5172553846" role="stop"/>
  <member type="node" ref="4110482201" role="platform"/>
  <member type="node" ref="5172556101" role="stop"/>
  <member type="node" ref="4110482200" role="platform"/>
  <member type="node" ref="5172557456" role="stop"/>
  <member type="node" ref="5172561405" role="stop"/>
  <member type="node" ref="612617195" role="platform"/>
  <member type="node" ref="5091767822" role="platform"/>
  <member type="node" ref="5172572399" role="stop"/>
  <member type="node" ref="5172581083" role="platform"/>
  <member type="node" ref="5172581082" role="platform"/>
  <member type="node" ref="3939372614" role="platform"/>
  <member type="node" ref="5172582808" role="stop"/>
  <member type="node" ref="4939192524" role="platform"/>
  <member type="node" ref="5172609105" role="stop"/>
  <member type="node" ref="11794094217" role="platform"/>
  <member type="node" ref="7529359316" role="platform"/>
  <member type="node" ref="11794094218" role="platform"/>
  <member type="node" ref="11794094219" role="platform"/>
  <member type="node" ref="11794094220" role="platform"/>
  <member type="node" ref="11794094221" role="platform"/>
  <member type="node" ref="11794094222" role="platform"/>
  <member type="node" ref="11794094223" role="platform"/>
  <member type="node" ref="11794094224" role="platform"/>
  <member type="node" ref="11794094225" role="platform"/>
  <member type="node" ref="7528565990" role="platform"/>
  <member type="node" ref="7528565989" role="stop"/>
  <member type="node" ref="11794173635" role="platform"/>
  <member type="node" ref="7528659832" role="platform"/>
  <member type="node" ref="7528659831" role="stop"/>
  <member type="node" ref="7528101344" role="platform"/>
  <member type="node" ref="7528101345" role="stop"/>
  <member type="node" ref="7527985663" role="platform"/>
  <member type="node" ref="7527985665" role="stop"/>
  <member type="node" ref="7397059614" role="platform"/>
  <member type="node" ref="7527985662" role="stop"/>
  <member type="node" ref="7527985659" role="platform"/>
  <member type="node" ref="7527985658" role="stop"/>
  <member type="node" ref="7527985657" role="platform_exit_only"/>
  <member type="node" ref="7397059611" role="stop_exit_only"/>
  <tag k="from" v="Կորեայի ձոր թաղամաս"/>
  <tag k="name" v="Bus 49: Կորեայի ձոր թաղամաս =&gt; Շարուրի փողոց"/>
  <tag k="ref" v="49"/>
  <tag k="route" v="bus"/>
  <tag k="to" v="Շարուրի փողոց"/>
  <tag k="type" v="route"/>
 </relation>
 <relation id="17719269" visible="true" version="3" changeset="160965389" timestamp="2025-01-03T20:27:07Z" user="VlIvYur" uid="345975">
  <member type="way" ref="1292554180" role="outer"/>
  <member type="way" ref="1292554181" role="outer"/>
  <member type="way" ref="1292554178" role="outer"/>
  <member type="way" ref="50005041" role="outer"/>
  <member type="way" ref="1292554188" role="outer"/>
  <member type="way" ref="1292554185" role="outer"/>
  <member type="way" ref="1292554187" role="outer"/>
  <member type="way" ref="1292554186" role="outer"/>
  <member type="way" ref="1292554184" role="outer"/>
  <tag k="addr:city" v="Երևան"/>
  <tag k="addr:country" v="AM"/>
  <tag k="addr:housenumber" v="16"/>
  <tag k="addr:postcode" v="0012"/>
  <tag k="addr:street" v="Կոմիտասի պողոտա"/>
  <tag k="building" v="apartments"/>
  <tag k="building:levels" v="5"/>
  <tag k="type" v="multipolygon"/>
 </relation>
 <relation id="17719270" visible="true" version="2" changeset="152708138" timestamp="2024-06-15T07:02:33Z" user="Noktoborus" uid="540529">
  <member type="way" ref="1292554180" role="outer"/>
  <member type="way" ref="1292554181" role="outer"/>
  <member type="way" ref="1292554178" role="outer"/>
  <member type="way" ref="1292554183" role="outer"/>
  <member type="way" ref="1292554182" role="outer"/>
  <tag k="building:levels" v="1"/>
  <tag k="building:part" v="retail"/>
  <tag k="roof:levels" v="0"/>
  <tag k="type" v="multipolygon"/>
 </relation>
 <relation id="17719271" visible="true" version="2" changeset="152708138" timestamp="2024-06-15T07:02:33Z" user="Noktoborus" uid="540529">
  <member type="way" ref="1292554180" role="outer"/>
  <member type="way" ref="1185283285" role="outer"/>
  <member type="way" ref="1292554184" role="outer"/>
  <tag k="addr:city" v="Երևան"/>
  <tag k="addr:country" v="AM"/>
  <tag k="addr:housenumber" v="16/3"/>
  <tag k="addr:postcode" v="0012"/>
  <tag k="addr:street" v="Կոմիտասի պողոտա"/>
  <tag k="building" v="retail"/>
  <tag k="roof:colour" v="#cc5f24"/>
  <tag k="roof:shape" v="flat"/>
  <tag k="type" v="multipolygon"/>
 </relation>
 <relation id="17719272" visible="true" version="1" changeset="152706663" timestamp="2024-06-15T05:59:18Z" user="Noktoborus" uid="540529">
  <member type="way" ref="1292554181" role="outer"/>
  <member type="way" ref="1292554180" role="outer"/>
  <member type="way" ref="1292554182" role="outer"/>
  <member type="way" ref="1292554179" role="outer"/>
  <tag k="building:part" v="yes"/>
  <tag k="roof:colour" v="brown"/>
  <tag k="roof:shape" v="flat"/>
  <tag k="type" v="multipolygon"/>
 </relation>
 <relation id="17719273" visible="true" version="1" changeset="152706663" timestamp="2024-06-15T05:59:18Z" user="Noktoborus" uid="540529">
  <member type="way" ref="1292554183" role="outer"/>
  <member type="way" ref="1292554178" role="outer"/>
  <member type="way" ref="1292554179" role="outer"/>
  <tag k="building:part" v="restaurant"/>
  <tag k="roof:colour" v="gray"/>
  <tag k="roof:shape" v="flat"/>
  <tag k="type" v="multipolygon"/>
 </relation>
 <relation id="17719274" visible="true" version="2" changeset="160965389" timestamp="2025-01-03T20:27:07Z" user="VlIvYur" uid="345975">
  <member type="way" ref="1292554185" role="outer"/>
  <member type="way" ref="1292554188" role="outer"/>
  <member type="way" ref="50005041" role="outer"/>
  <member type="way" ref="1292554183" role="outer"/>
  <member type="way" ref="1292554182" role="outer"/>
  <member type="way" ref="1292554184" role="outer"/>
  <member type="way" ref="1292554186" role="outer"/>
  <member type="way" ref="1291688726" role="outer"/>
  <tag k="building:levels" v="5"/>
  <tag k="building:part" v="apartments"/>
  <tag k="roof:shape" v="hipped"/>
  <tag k="type" v="multipolygon"/>
 </relation>
 <relation id="17719275" visible="true" version="1" changeset="152706663" timestamp="2024-06-15T05:59:18Z" user="Noktoborus" uid="540529">
  <member type="way" ref="1291688726" role="outer"/>
  <member type="way" ref="1292554187" role="outer"/>
  <tag k="building:levels" v="1"/>
  <tag k="building:part" v="yes"/>
  <tag k="type" v="multipolygon"/>
 </relation>
 <relation id="17719276" visible="true" version="1" changeset="152706663" timestamp="2024-06-15T05:59:18Z" user="Noktoborus" uid="540529">
  <member type="way" ref="1291688725" role="outer"/>
  <member type="way" ref="1292554188" role="outer"/>
  <tag k="building" v="yes"/>
  <tag k="building:levels" v="1"/>
  <tag k="type" v="multipolygon"/>
 </relation>
 <relation id="17725531" visible="true" version="1" changeset="152752750" timestamp="2024-06-16T09:43:34Z" user="Noktoborus" uid="540529">
  <member type="way" ref="1291688742" role="outer"/>
  <member type="relation" ref="17719273" role="outer"/>
  <tag k="amenity" v="restaurant"/>
  <tag k="contact:facebook" v="arevelyanxohanoc"/>
  <tag k="contact:instagram" v="arevelyan_xohanoc"/>
  <tag k="contact:phone" v="+374-10-271620;+374-10-220784"/>
  <tag k="cuisine" v="regional"/>
  <tag k="delivery" v="yes"/>
  <tag k="name" v="Արեվելյան Խոհանոց"/>
  <tag k="name:en" v="Eastern Cuisine"/>
  <tag k="name:hy" v="Արեվելյան Խոհանոց"/>
  <tag k="name:ru" v="Восточная Кухня"/>
  <tag k="opening_hours" v="24/7"/>
  <tag k="outdoor_seating" v="yes"/>
  <tag k="smoking" v="isolated"/>
  <tag k="type" v="multipolygon"/>
  <tag k="wheelchair" v="limited"/>
 </relation>
 <relation id="18392559" visible="true" version="8" changeset="173992843" timestamp="2025-10-30T19:41:55Z" user="SMkrtich" uid="10984999">
  <member type="node" ref="12407722422" role="stop_entry_only"/>
  <member type="node" ref="12407722421" role="platform_entry_only"/>
  <member type="node" ref="11070244927" role="stop"/>
  <member type="node" ref="11070244926" role="platform"/>
  <member type="node" ref="11072751343" role="stop"/>
  <member type="node" ref="6463010301" role="platform"/>
  <member type="node" ref="11078506620" role="stop"/>
  <member type="node" ref="6462943372" role="platform"/>
  <member type="node" ref="9902099981" role="stop"/>
  <member type="node" ref="6462943370" role="platform"/>
  <member type="node" ref="9902099980" role="stop"/>
  <member type="node" ref="4271854994" role="platform"/>
  <member type="node" ref="9902099978" role="stop"/>
  <member type="node" ref="5487187324" role="platform"/>
  <member type="node" ref="4380514815" role="stop"/>
  <member type="node" ref="6462943366" role="platform"/>
  <member type="node" ref="9909974912" role="stop"/>
  <member type="node" ref="9910157559" role="platform"/>
  <member type="node" ref="9909974914" role="stop"/>
  <member type="node" ref="9909974915" role="platform"/>
  <member type="node" ref="9903350933" role="stop"/>
  <member type="node" ref="5037223134" role="platform"/>
  <member type="node" ref="7501492390" role="stop"/>
  <member type="node" ref="4660332193" role="platform"/>
  <member type="node" ref="7501492389" role="stop"/>
  <member type="node" ref="5037226244" role="platform"/>
  <member type="node" ref="7501492388" role="stop"/>
  <member type="node" ref="5619120322" role="platform"/>
  <member type="node" ref="7501492387" role="stop"/>
  <member type="node" ref="6463808140" role="platform"/>
  <member type="node" ref="9894798226" role="stop"/>
  <member type="node" ref="5037226205" role="platform"/>
  <member type="node" ref="7501492385" role="stop"/>
  <member type="node" ref="5619120324" role="platform"/>
  <member type="node" ref="9894798227" role="stop"/>
  <member type="node" ref="4739600024" role="platform"/>
  <member type="node" ref="9894798228" role="stop"/>
  <member type="node" ref="6371200885" role="platform"/>
  <member type="node" ref="3835488425" role="stop"/>
  <member type="node" ref="6461180550" role="platform"/>
  <member type="node" ref="5172553848" role="stop"/>
  <member type="node" ref="2874554580" role="platform"/>
  <member type="node" ref="5172553847" role="stop"/>
  <member type="node" ref="2874557471" role="platform"/>
  <member type="node" ref="5172556100" role="stop"/>
  <member type="node" ref="613353102" role="platform"/>
  <member type="node" ref="5172557455" role="stop"/>
  <member type="node" ref="575079296" role="platform"/>
  <member type="node" ref="5172561404" role="stop"/>
  <member type="node" ref="575077288" role="platform"/>
  <member type="node" ref="5172572398" role="stop"/>
  <member type="node" ref="4130899440" role="platform"/>
  <member type="node" ref="5172581084" role="stop"/>
  <member type="node" ref="4489618090" role="platform"/>
  <member type="node" ref="5172582809" role="stop"/>
  <member type="node" ref="3939372613" role="platform"/>
  <member type="node" ref="11055124815" role="stop"/>
  <member type="node" ref="4304692490" role="platform"/>
  <member type="node" ref="5172632144" role="stop"/>
  <member type="node" ref="4396467589" role="platform"/>
  <member type="node" ref="5172644023" role="stop"/>
  <member type="node" ref="4887134425" role="platform"/>
  <member type="node" ref="5172647263" role="stop"/>
  <member type="node" ref="4322001291" role="platform"/>
  <member type="node" ref="5174465442" role="stop"/>
  <member type="node" ref="4405694590" role="platform"/>
  <member type="node" ref="5174465439" role="stop"/>
  <member type="node" ref="2332695927" role="platform"/>
  <member type="node" ref="5174465437" role="stop"/>
  <member type="node" ref="4607432290" role="platform"/>
  <member type="node" ref="5174465436" role="stop"/>
  <member type="node" ref="4512596367" role="platform"/>
  <member type="node" ref="5174465431" role="stop"/>
  <member type="node" ref="1465088476" role="platform"/>
  <member type="node" ref="5174465430" role="stop"/>
  <member type="node" ref="621964087" role="platform"/>
  <member type="node" ref="5174465428" role="stop"/>
  <member type="node" ref="621964106" role="platform"/>
  <member type="node" ref="5174465425" role="stop"/>
  <member type="node" ref="4391607491" role="platform"/>
  <member type="node" ref="5174465423" role="stop"/>
  <member type="node" ref="2132244218" role="platform"/>
  <member type="node" ref="7401918787" role="stop"/>
  <member type="node" ref="6782580054" role="platform"/>
  <member type="node" ref="7401808915" role="stop"/>
  <member type="node" ref="6612837010" role="platform"/>
  <member type="node" ref="7401808916" role="stop"/>
  <member type="node" ref="7401808917" role="platform"/>
  <member type="node" ref="7401808929" role="stop"/>
  <member type="node" ref="5077140821" role="platform"/>
  <member type="node" ref="7401808930" role="stop"/>
  <member type="node" ref="5077141021" role="platform"/>
  <member type="node" ref="7401808933" role="stop"/>
  <member type="node" ref="4359853598" role="platform"/>
  <member type="node" ref="7658549803" role="stop_exit_only"/>
  <member type="node" ref="7658549804" role="platform_exit_only"/>
  <member type="way" ref="1341360138" role=""/>
  <member type="way" ref="1150149324" role=""/>
  <member type="way" ref="98624427" role=""/>
  <member type="way" ref="895921956" role=""/>
  <member type="way" ref="1192525030" role=""/>
  <member type="way" ref="1192841646" role=""/>
  <member type="way" ref="1192841647" role=""/>
  <member type="way" ref="1341360135" role=""/>
  <member type="way" ref="1192841641" role=""/>
  <member type="way" ref="443393848" role=""/>
  <member type="way" ref="1193528007" role=""/>
  <member type="way" ref="1393224204" role=""/>
  <member type="way" ref="1393224205" role=""/>
  <member type="way" ref="118517550" role=""/>
  <member type="way" ref="440323751" role=""/>
  <member type="way" ref="440323752" role=""/>
  <member type="way" ref="512240075" role=""/>
  <member type="way" ref="48853574" role=""/>
  <member type="way" ref="662744238" role=""/>
  <member type="way" ref="694240385" role=""/>
  <member type="way" ref="1221617989" role=""/>
  <member type="way" ref="662744237" role=""/>
  <member type="way" ref="1149523787" role=""/>
  <member type="way" ref="383979041" role=""/>
  <member type="way" ref="483276999" role=""/>
  <member type="way" ref="295636655" role=""/>
  <member type="way" ref="1377441713" role=""/>
  <member type="way" ref="721632878" role=""/>
  <member type="way" ref="422287457" role=""/>
  <member type="way" ref="1241040804" role=""/>
  <member type="way" ref="1150143595" role=""/>
  <member type="way" ref="1150143594" role=""/>
  <member type="way" ref="675690518" role=""/>
  <member type="way" ref="173274305" role=""/>
  <member type="way" ref="1164619945" role=""/>
  <member type="way" ref="380284814" role=""/>
  <member type="way" ref="1164619600" role=""/>
  <member type="way" ref="1147606119" role=""/>
  <member type="way" ref="1164619602" role=""/>
  <member type="way" ref="41261034" role=""/>
  <member type="way" ref="1137190847" role=""/>
  <member type="way" ref="1137190848" role=""/>
  <member type="way" ref="1150872602" role=""/>
  <member type="way" ref="41261035" role=""/>
  <member type="way" ref="1150872603" role=""/>
  <member type="way" ref="1137190850" role=""/>
  <member type="way" ref="1150142735" role=""/>
  <member type="way" ref="187307743" role=""/>
  <member type="way" ref="1137190852" role=""/>
  <member type="way" ref="187307744" role=""/>
  <member type="way" ref="245214142" role=""/>
  <member type="way" ref="577126866" role=""/>
  <member type="way" ref="688951521" role=""/>
  <member type="way" ref="245214383" role=""/>
  <member type="way" ref="245213219" role=""/>
  <member type="way" ref="379149076" role=""/>
  <member type="way" ref="380344431" role=""/>
  <member type="way" ref="379112826" role=""/>
  <member type="way" ref="380344430" role=""/>
  <member type="way" ref="515004000" role=""/>
  <member type="way" ref="380344433" role=""/>
  <member type="way" ref="515003998" role=""/>
  <member type="way" ref="379124195" role=""/>
  <member type="way" ref="515004001" role=""/>
  <member type="way" ref="380344434" role=""/>
  <member type="way" ref="515003992" role=""/>
  <member type="way" ref="440212377" role=""/>
  <member type="way" ref="379128397" role=""/>
  <member type="way" ref="440210198" role=""/>
  <member type="way" ref="379128399" role=""/>
  <member type="way" ref="1190928782" role=""/>
  <member type="way" ref="423490662" role=""/>
  <member type="way" ref="423490648" role=""/>
  <member type="way" ref="655247490" role=""/>
  <member type="way" ref="1446370913" role=""/>
  <member type="way" ref="423490647" role=""/>
  <member type="way" ref="423490650" role=""/>
  <member type="way" ref="489603756" role=""/>
  <member type="way" ref="288103374" role=""/>
  <member type="way" ref="1119239341" role=""/>
  <member type="way" ref="403396324" role=""/>
  <member type="way" ref="831101929" role=""/>
  <member type="way" ref="1342963966" role=""/>
  <member type="way" ref="446363882" role=""/>
  <member type="way" ref="839433343" role=""/>
  <member type="way" ref="655234742" role=""/>
  <member type="way" ref="839433344" role=""/>
  <member type="way" ref="137931563" role=""/>
  <member type="way" ref="137931564" role=""/>
  <member type="way" ref="50033547" role=""/>
  <member type="way" ref="137931562" role=""/>
  <member type="way" ref="707874423" role=""/>
  <member type="way" ref="686406313" role=""/>
  <member type="way" ref="138002000" role=""/>
  <member type="way" ref="689053771" role=""/>
  <member type="way" ref="1360366791" role=""/>
  <member type="way" ref="132952148" role=""/>
  <member type="way" ref="423490654" role=""/>
  <member type="way" ref="1219349970" role=""/>
  <member type="way" ref="484163195" role=""/>
  <member type="way" ref="1219349969" role=""/>
  <member type="way" ref="484164964" role=""/>
  <member type="way" ref="1342963995" role=""/>
  <member type="way" ref="1219349965" role=""/>
  <member type="way" ref="423490653" role=""/>
  <member type="way" ref="219148794" role=""/>
  <member type="way" ref="752128883" role=""/>
  <member type="way" ref="83715619" role=""/>
  <member type="way" ref="125669281" role=""/>
  <member type="way" ref="125669276" role=""/>
  <member type="way" ref="219148841" role=""/>
  <member type="way" ref="791750382" role=""/>
  <member type="way" ref="219148823" role=""/>
  <member type="way" ref="717537137" role=""/>
  <member type="way" ref="702204596" role=""/>
  <member type="way" ref="1341360137" role=""/>
  <member type="way" ref="1342963996" role=""/>
  <member type="way" ref="776023447" role=""/>
  <member type="way" ref="30095111" role=""/>
  <member type="way" ref="776023449" role=""/>
  <member type="way" ref="820173756" role=""/>
  <member type="way" ref="778518786" role=""/>
  <member type="way" ref="791750380" role=""/>
  <member type="way" ref="778526904" role=""/>
  <member type="way" ref="1342963976" role=""/>
  <member type="way" ref="1342963979" role=""/>
  <member type="way" ref="133272948" role=""/>
  <member type="way" ref="422829882" role=""/>
  <tag k="from" v="Դավթաշենի 4-րդ թաղամաս / Օլիմպավան"/>
  <tag k="name" v="Ավտոբուս 31: Դավթաշենի 4-րդ թաղ. =&gt; Ջրվեժ / Մայակ թաղ․"/>
  <tag k="name:en" v="Bus 31: Davtashen Block 4 =&gt; Jrvezh / Mayak block"/>
  <tag k="name:hy" v="Ավտոբուս 31: Դավթաշենի 4-րդ թաղ. =&gt; Ջրվեժ / Մայակ թաղ․"/>
  <tag k="name:ru" v="Автобус 31: 4-й квартал Давташена =&gt; Джрвеж / Маяк"/>
  <tag k="network" v="Երևանի տրանսպորտ"/>
  <tag k="operator" v="Երևանի ավտոբուս"/>
  <tag k="public_transport:version" v="2"/>
  <tag k="ref" v="31"/>
  <tag k="route" v="bus"/>
  <tag k="to" v="Մայակ թաղամաս"/>
  <tag k="type" v="route"/>
 </relation>
 <relation id="18392561" visible="true" version="5" changeset="173992843" timestamp="2025-10-30T19:41:55Z" user="SMkrtich" uid="10984999">
  <member type="node" ref="7658549803" role="stop_entry_only"/>
  <member type="node" ref="7658549804" role="platform_entry_only"/>
  <member type="node" ref="7658549805" role="stop"/>
  <member type="node" ref="7658549806" role="platform"/>
  <member type="node" ref="7401808931" role="stop"/>
  <member type="node" ref="7401808932" role="platform"/>
  <member type="node" ref="7401808927" role="stop"/>
  <member type="node" ref="7401808928" role="platform"/>
  <member type="node" ref="7401808918" role="stop"/>
  <member type="node" ref="7401808919" role="platform"/>
  <member type="node" ref="7401808915" role="stop"/>
  <member type="node" ref="6782580053" role="platform"/>
  <member type="node" ref="7401918787" role="stop"/>
  <member type="node" ref="6782580055" role="platform"/>
  <member type="node" ref="5174465424" role="stop"/>
  <member type="node" ref="2132245993" role="platform"/>
  <member type="node" ref="2327176022" role="stop"/>
  <member type="node" ref="4391620389" role="platform"/>
  <member type="node" ref="5174465426" role="stop"/>
  <member type="node" ref="5174465427" role="platform"/>
  <member type="node" ref="5174465429" role="stop"/>
  <member type="node" ref="621964094" role="platform"/>
  <member type="node" ref="5174465432" role="stop"/>
  <member type="node" ref="5174465433" role="platform"/>
  <member type="node" ref="5174465435" role="stop"/>
  <member type="node" ref="4512596366" role="platform"/>
  <member type="node" ref="5174465434" role="stop"/>
  <member type="node" ref="1465088448" role="platform"/>
  <member type="node" ref="4057423776" role="stop"/>
  <member type="node" ref="4607432397" role="platform"/>
  <member type="node" ref="5174465438" role="stop"/>
  <member type="node" ref="2332695926" role="platform"/>
  <member type="node" ref="5174465440" role="stop"/>
  <member type="node" ref="5174465441" role="platform"/>
  <member type="node" ref="5172647262" role="stop"/>
  <member type="node" ref="4321947392" role="platform"/>
  <member type="node" ref="5172644021" role="stop"/>
  <member type="node" ref="5172644022" role="platform"/>
  <member type="node" ref="5172632143" role="stop"/>
  <member type="node" ref="4396467689" role="platform"/>
  <member type="node" ref="5172609105" role="stop"/>
  <member type="node" ref="4939192524" role="platform"/>
  <member type="node" ref="5172582808" role="stop"/>
  <member type="node" ref="3939372614" role="platform"/>
  <member type="node" ref="5172581082" role="stop"/>
  <member type="node" ref="5172581083" role="platform"/>
  <member type="node" ref="5172572399" role="stop"/>
  <member type="node" ref="5091767822" role="platform"/>
  <member type="node" ref="5172561405" role="stop"/>
  <member type="node" ref="612617195" role="platform"/>
  <member type="node" ref="5172557456" role="stop"/>
  <member type="node" ref="4110482200" role="platform"/>
  <member type="node" ref="5172556101" role="stop"/>
  <member type="node" ref="4110482201" role="platform"/>
  <member type="node" ref="5172553846" role="stop"/>
  <member type="node" ref="2874557457" role="platform"/>
  <member type="node" ref="11055124814" role="stop"/>
  <member type="node" ref="6462973756" role="platform"/>
  <member type="node" ref="9894633980" role="stop"/>
  <member type="node" ref="6461180539" role="platform"/>
  <member type="node" ref="4984817604" role="stop"/>
  <member type="node" ref="6371200985" role="platform"/>
  <member type="node" ref="9894633979" role="stop"/>
  <member type="node" ref="4739600025" role="platform"/>
  <member type="node" ref="7501492386" role="stop"/>
  <member type="node" ref="4660449391" role="platform"/>
  <member type="node" ref="9894633978" role="stop"/>
  <member type="node" ref="5037226119" role="platform"/>
  <member type="node" ref="7500834275" role="stop"/>
  <member type="node" ref="5621239022" role="platform"/>
  <member type="node" ref="7500902613" role="stop"/>
  <member type="node" ref="6463741477" role="platform"/>
  <member type="node" ref="7500902612" role="stop"/>
  <member type="node" ref="5037226204" role="platform"/>
  <member type="node" ref="7500902611" role="stop"/>
  <member type="node" ref="5621248622" role="platform"/>
  <member type="node" ref="9903350931" role="stop"/>
  <member type="node" ref="4660449390" role="platform"/>
  <member type="node" ref="9903350932" role="stop"/>
  <member type="node" ref="5037227130" role="platform"/>
  <member type="node" ref="9909974914" role="stop"/>
  <member type="node" ref="6463010298" role="platform"/>
  <member type="node" ref="9909974913" role="stop"/>
  <member type="node" ref="6463010299" role="platform"/>
  <member type="node" ref="9902099976" role="stop"/>
  <member type="node" ref="6462943367" role="platform"/>
  <member type="node" ref="9902099979" role="stop"/>
  <member type="node" ref="4271855094" role="platform"/>
  <member type="node" ref="9902099982" role="stop"/>
  <member type="node" ref="6462943371" role="platform"/>
  <member type="node" ref="9902099983" role="stop"/>
  <member type="node" ref="6463045129" role="platform"/>
  <member type="node" ref="11072751342" role="stop"/>
  <member type="node" ref="6463010300" role="platform"/>
  <member type="node" ref="12407722422" role="stop_exit_only"/>
  <member type="node" ref="12407722421" role="platform_exit_only"/>
  <member type="way" ref="422829882" role=""/>
  <member type="way" ref="133272948" role=""/>
  <member type="way" ref="820173752" role=""/>
  <member type="way" ref="1342963987" role=""/>
  <member type="way" ref="1342963977" role=""/>
  <member type="way" ref="778518790" role=""/>
  <member type="way" ref="776709749" role=""/>
  <member type="way" ref="820173754" role=""/>
  <member type="way" ref="83744637" role=""/>
  <member type="way" ref="776023447" role=""/>
  <member type="way" ref="1342963996" role=""/>
  <member type="way" ref="1341360137" role=""/>
  <member type="way" ref="702204596" role=""/>
  <member type="way" ref="717537137" role=""/>
  <member type="way" ref="219148823" role=""/>
  <member type="way" ref="791750382" role=""/>
  <member type="way" ref="219148841" role=""/>
  <member type="way" ref="1241869807" role=""/>
  <member type="way" ref="1241869806" role=""/>
  <member type="way" ref="83715619" role=""/>
  <member type="way" ref="137931082" role=""/>
  <member type="way" ref="137997641" role=""/>
  <member type="way" ref="1219358717" role=""/>
  <member type="way" ref="187640263" role=""/>
  <member type="way" ref="1219349964" role=""/>
  <member type="way" ref="484164965" role=""/>
  <member type="way" ref="579006656" role=""/>
  <member type="way" ref="175230280" role=""/>
  <member type="way" ref="118943859" role=""/>
  <member type="way" ref="689053770" role=""/>
  <member type="way" ref="488168290" role=""/>
  <member type="way" ref="187146762" role=""/>
  <member type="way" ref="50033539" role=""/>
  <member type="way" ref="50033548" role=""/>
  <member type="way" ref="945773674" role=""/>
  <member type="way" ref="137931567" role=""/>
  <member type="way" ref="1235063304" role=""/>
  <member type="way" ref="189145306" role=""/>
  <member type="way" ref="1235063303" role=""/>
  <member type="way" ref="655234743" role=""/>
  <member type="way" ref="831101930" role=""/>
  <member type="way" ref="446363883" role=""/>
  <member type="way" ref="423490656" role=""/>
  <member type="way" ref="1119239345" role=""/>
  <member type="way" ref="423490651" role=""/>
  <member type="way" ref="423490649" role=""/>
  <member type="way" ref="1446370911" role=""/>
  <member type="way" ref="187146760" role=""/>
  <member type="way" ref="48207226" role=""/>
  <member type="way" ref="1159342402" role=""/>
  <member type="way" ref="1159342409" role=""/>
  <member type="way" ref="1121249307" role=""/>
  <member type="way" ref="1159342408" role=""/>
  <member type="way" ref="187361642" role=""/>
  <member type="way" ref="187360875" role=""/>
  <member type="way" ref="23634374" role=""/>
  <member type="way" ref="1136468903" role=""/>
  <member type="way" ref="481327571" role=""/>
  <member type="way" ref="515004012" role=""/>
  <member type="way" ref="1292615905" role=""/>
  <member type="way" ref="481331815" role=""/>
  <member type="way" ref="515004002" role=""/>
  <member type="way" ref="481335956" role=""/>
  <member type="way" ref="515003994" role=""/>
  <member type="way" ref="380344432" role=""/>
  <member type="way" ref="380344435" role=""/>
  <member type="way" ref="515003999" role=""/>
  <member type="way" ref="1217604732" role=""/>
  <member type="way" ref="481343940" role=""/>
  <member type="way" ref="307676531" role=""/>
  <member type="way" ref="1177560290" role=""/>
  <member type="way" ref="245213221" role=""/>
  <member type="way" ref="245214332" role=""/>
  <member type="way" ref="379083199" role=""/>
  <member type="way" ref="379083196" role=""/>
  <member type="way" ref="1137190853" role=""/>
  <member type="way" ref="1150142734" role=""/>
  <member type="way" ref="1137190851" role=""/>
  <member type="way" ref="379083193" role=""/>
  <member type="way" ref="1137190854" role=""/>
  <member type="way" ref="1136544099" role=""/>
  <member type="way" ref="379080052" role=""/>
  <member type="way" ref="379080051" role=""/>
  <member type="way" ref="173274304" role=""/>
  <member type="way" ref="1150143593" role=""/>
  <member type="way" ref="1150143592" role=""/>
  <member type="way" ref="226095060" role=""/>
  <member type="way" ref="1241040805" role=""/>
  <member type="way" ref="423123344" role=""/>
  <member type="way" ref="1377441712" role=""/>
  <member type="way" ref="721632877" role=""/>
  <member type="way" ref="483277003" role=""/>
  <member type="way" ref="1254618945" role=""/>
  <member type="way" ref="1173736663" role=""/>
  <member type="way" ref="423123343" role=""/>
  <member type="way" ref="1173736664" role=""/>
  <member type="way" ref="1221620750" role=""/>
  <member type="way" ref="688215111" role=""/>
  <member type="way" ref="1221617988" role=""/>
  <member type="way" ref="1221617987" role=""/>
  <member type="way" ref="662744238" role=""/>
  <member type="way" ref="48853574" role=""/>
  <member type="way" ref="512240075" role=""/>
  <member type="way" ref="440323753" role=""/>
  <member type="way" ref="689002021" role=""/>
  <member type="way" ref="688941728" role=""/>
  <member type="way" ref="688951516" role=""/>
  <member type="way" ref="440323750" role=""/>
  <member type="way" ref="688941730" role=""/>
  <member type="way" ref="440323749" role=""/>
  <member type="way" ref="689002019" role=""/>
  <member type="way" ref="1192841642" role=""/>
  <member type="way" ref="1192841648" role=""/>
  <member type="way" ref="1341360136" role=""/>
  <member type="way" ref="1192841645" role=""/>
  <member type="way" ref="554985287" role=""/>
  <member type="way" ref="98624455" role=""/>
  <member type="way" ref="514889956" role=""/>
  <member type="way" ref="1150149323" role=""/>
  <tag k="from" v="Մայակ թաղամաս"/>
  <tag k="name" v="Ավտոբուս 31: Ջրվեժ / Մայակ թաղ․ =&gt; Դավթաշենի 4-րդ թաղ."/>
  <tag k="name:en" v="Bus 31: Jrvezh / Mayak block =&gt; Davtashen Block 4"/>
  <tag k="name:hy" v="Ավտոբուս 31: Ջրվեժ / Մայակ թաղ․ =&gt; Դավթաշենի 4-րդ թաղ."/>
  <tag k="name:ru" v="Автобус 31: Джрвеж / Маяк =&gt; 4-й квартал Давташена"/>
  <tag k="network" v="Երևանի տրանսպորտ"/>
  <tag k="operator" v="Երևանի ավտոբուս"/>
  <tag k="public_transport:version" v="2"/>
  <tag k="ref" v="31"/>
  <tag k="route" v="bus"/>
  <tag k="to" v="Դավթաշենի 4-րդ թաղամաս / Օլիմպավան"/>
  <tag k="type" v="route"/>
 </relation>
 <relation id="18392562" visible="true" version="3" changeset="160304886" timestamp="2024-12-17T15:43:44Z" user="mos_next_door" uid="7544067">
  <member type="relation" ref="18392559" role=""/>
  <member type="relation" ref="18392561" role=""/>
  <tag k="name" v="Ավտոբուս 31: Դավթաշենի 4-րդ թաղ. &lt;=&gt; Ջրվեժ / Մայակ թաղ․"/>
  <tag k="name:en" v="Bus 31: Davtashen Block 4 &lt;=&gt; Jrvezh / Mayak block"/>
  <tag k="name:hy" v="Ավտոբուս 31: Դավթաշենի 4-րդ թաղ. &lt;=&gt; Ջրվեժ / Մայակ թաղ․"/>
  <tag k="name:ru" v="Автобус 31: 4-й квартал Давташена &lt;=&gt; Джрвеж / Маяк"/>
  <tag k="network" v="Երևանի տրանսպորտ"/>
  <tag k="operator" v="Երևանի ավտոբուս"/>
  <tag k="public_transport:version" v="2"/>
  <tag k="ref" v="31"/>
  <tag k="route_master" v="bus"/>
  <tag k="type" v="route_master"/>
 </relation>
 <relation id="18411680" visible="true" version="7" changeset="173992843" timestamp="2025-10-30T19:41:55Z" user="SMkrtich" uid="10984999">
  <member type="node" ref="12415931621" role="stop_entry_only"/>
  <member type="node" ref="6463736084" role="platform_entry_only"/>
  <member type="node" ref="12415931619" role="stop"/>
  <member type="node" ref="6463736083" role="platform"/>
  <member type="node" ref="7475434756" role="stop"/>
  <member type="node" ref="6463736079" role="platform"/>
  <member type="node" ref="7475434758" role="stop"/>
  <member type="node" ref="6463736078" role="platform"/>
  <member type="node" ref="6435456970" role="stop"/>
  <member type="node" ref="6435456969" role="platform"/>
  <member type="node" ref="6434511039" role="stop"/>
  <member type="node" ref="6434511038" role="platform"/>
  <member type="node" ref="6434511034" role="stop"/>
  <member type="node" ref="6434511033" role="platform"/>
  <member type="node" ref="6434476306" role="stop"/>
  <member type="node" ref="6434476305" role="platform"/>
  <member type="node" ref="6434466316" role="stop"/>
  <member type="node" ref="6434466315" role="platform"/>
  <member type="node" ref="6434455275" role="stop"/>
  <member type="node" ref="6434455274" role="platform"/>
  <member type="node" ref="6434441170" role="stop"/>
  <member type="node" ref="6434441169" role="platform"/>
  <member type="node" ref="6434423429" role="stop"/>
  <member type="node" ref="6434423427" role="platform"/>
  <member type="node" ref="6434396557" role="stop"/>
  <member type="node" ref="6434396556" role="platform"/>
  <member type="node" ref="6434312993" role="stop"/>
  <member type="node" ref="6434312989" role="platform"/>
  <member type="node" ref="6434312962" role="stop"/>
  <member type="node" ref="6434312961" role="platform"/>
  <member type="node" ref="12415931616" role="stop"/>
  <member type="node" ref="11035441104" role="platform"/>
  <member type="node" ref="9894798227" role="stop"/>
  <member type="node" ref="4739600024" role="platform"/>
  <member type="node" ref="9894798228" role="stop"/>
  <member type="node" ref="6371200885" role="platform"/>
  <member type="node" ref="3835488425" role="stop"/>
  <member type="node" ref="6461180550" role="platform"/>
  <member type="node" ref="5172553848" role="stop"/>
  <member type="node" ref="2874554580" role="platform"/>
  <member type="node" ref="5172553847" role="stop"/>
  <member type="node" ref="2874557471" role="platform"/>
  <member type="node" ref="5172556100" role="stop"/>
  <member type="node" ref="613353102" role="platform"/>
  <member type="node" ref="5172557455" role="stop"/>
  <member type="node" ref="575079296" role="platform"/>
  <member type="node" ref="5172561404" role="stop"/>
  <member type="node" ref="575077288" role="platform"/>
  <member type="node" ref="5172572398" role="stop"/>
  <member type="node" ref="4130899440" role="platform"/>
  <member type="node" ref="5172581084" role="stop"/>
  <member type="node" ref="4489618090" role="platform"/>
  <member type="node" ref="5172582809" role="stop"/>
  <member type="node" ref="3939372613" role="platform"/>
  <member type="node" ref="11055124815" role="stop"/>
  <member type="node" ref="4304692490" role="platform"/>
  <member type="node" ref="5172632144" role="stop"/>
  <member type="node" ref="4396467589" role="platform"/>
  <member type="node" ref="5172644023" role="stop"/>
  <member type="node" ref="4887134425" role="platform"/>
  <member type="node" ref="5172647263" role="stop"/>
  <member type="node" ref="4322001291" role="platform"/>
  <member type="node" ref="5174465442" role="stop"/>
  <member type="node" ref="4405694590" role="platform"/>
  <member type="node" ref="5174465439" role="stop"/>
  <member type="node" ref="2332695927" role="platform"/>
  <member type="node" ref="5174465437" role="stop"/>
  <member type="node" ref="4607432290" role="platform"/>
  <member type="node" ref="5174465436" role="stop"/>
  <member type="node" ref="4512596367" role="platform"/>
  <member type="node" ref="5174465431" role="stop"/>
  <member type="node" ref="1465088476" role="platform"/>
  <member type="node" ref="5174465430" role="stop"/>
  <member type="node" ref="621964087" role="platform"/>
  <member type="node" ref="5174465428" role="stop"/>
  <member type="node" ref="621964106" role="platform"/>
  <member type="node" ref="5174465425" role="stop"/>
  <member type="node" ref="4391607491" role="platform"/>
  <member type="node" ref="5174465423" role="stop"/>
  <member type="node" ref="2132244218" role="platform"/>
  <member type="node" ref="5174465011" role="stop"/>
  <member type="node" ref="5174465012" role="platform"/>
  <member type="node" ref="6432277180" role="stop"/>
  <member type="node" ref="6432264522" role="platform"/>
  <member type="node" ref="6431528958" role="stop"/>
  <member type="node" ref="6431528959" role="platform"/>
  <member type="node" ref="12415931614" role="stop"/>
  <member type="node" ref="12415931613" role="platform"/>
  <member type="node" ref="6431493778" role="stop"/>
  <member type="node" ref="6431493776" role="platform"/>
  <member type="node" ref="7443962659" role="stop"/>
  <member type="node" ref="6431481667" role="platform"/>
  <member type="node" ref="6431481670" role="stop"/>
  <member type="node" ref="6431452346" role="platform"/>
  <member type="node" ref="6431481672" role="stop"/>
  <member type="node" ref="12415931615" role="platform"/>
  <member type="node" ref="12415931623" role="stop_exit_only"/>
  <member type="node" ref="6436430728" role="platform_exit_only"/>
  <member type="way" ref="1342533931" role=""/>
  <member type="way" ref="1236345073" role=""/>
  <member type="way" ref="1240621752" role=""/>
  <member type="way" ref="180304665" role=""/>
  <member type="way" ref="1098522787" role=""/>
  <member type="way" ref="1068726950" role=""/>
  <member type="way" ref="1342963970" role=""/>
  <member type="way" ref="88569047" role=""/>
  <member type="way" ref="689077842" role=""/>
  <member type="way" ref="795770926" role=""/>
  <member type="way" ref="392134917" role=""/>
  <member type="way" ref="689609733" role=""/>
  <member type="way" ref="46770930" role=""/>
  <member type="way" ref="116708795" role=""/>
  <member type="way" ref="689624430" role=""/>
  <member type="way" ref="504060652" role=""/>
  <member type="way" ref="504067019" role=""/>
  <member type="way" ref="504069492" role=""/>
  <member type="way" ref="1136284862" role=""/>
  <member type="way" ref="1136284867" role=""/>
  <member type="way" ref="1137194960" role=""/>
  <member type="way" ref="1150074735" role=""/>
  <member type="way" ref="1150074736" role=""/>
  <member type="way" ref="513273410" role=""/>
  <member type="way" ref="1137194958" role=""/>
  <member type="way" ref="1137194957" role=""/>
  <member type="way" ref="1150074739" role=""/>
  <member type="way" ref="1150074740" role=""/>
  <member type="way" ref="272949167" role=""/>
  <member type="way" ref="1137195106" role=""/>
  <member type="way" ref="513255234" role=""/>
  <member type="way" ref="1145019699" role=""/>
  <member type="way" ref="686392152" role=""/>
  <member type="way" ref="515029197" role=""/>
  <member type="way" ref="1136658614" role=""/>
  <member type="way" ref="1136778371" role=""/>
  <member type="way" ref="515029202" role=""/>
  <member type="way" ref="413998006" role=""/>
  <member type="way" ref="1171483269" role=""/>
  <member type="way" ref="272653842" role=""/>
  <member type="way" ref="1136661992" role=""/>
  <member type="way" ref="375713871" role=""/>
  <member type="way" ref="309860948" role=""/>
  <member type="way" ref="1164137340" role=""/>
  <member type="way" ref="388129377" role=""/>
  <member type="way" ref="1164619599" role=""/>
  <member type="way" ref="1147606119" role=""/>
  <member type="way" ref="1164619602" role=""/>
  <member type="way" ref="41261034" role=""/>
  <member type="way" ref="1137190847" role=""/>
  <member type="way" ref="1137190848" role=""/>
  <member type="way" ref="1150872602" role=""/>
  <member type="way" ref="41261035" role=""/>
  <member type="way" ref="1150872603" role=""/>
  <member type="way" ref="1137190850" role=""/>
  <member type="way" ref="1150142735" role=""/>
  <member type="way" ref="187307743" role=""/>
  <member type="way" ref="1137190852" role=""/>
  <member type="way" ref="187307744" role=""/>
  <member type="way" ref="245214142" role=""/>
  <member type="way" ref="577126866" role=""/>
  <member type="way" ref="688951521" role=""/>
  <member type="way" ref="245214383" role=""/>
  <member type="way" ref="245213219" role=""/>
  <member type="way" ref="379149076" role=""/>
  <member type="way" ref="380344431" role=""/>
  <member type="way" ref="379112826" role=""/>
  <member type="way" ref="380344430" role=""/>
  <member type="way" ref="515004000" role=""/>
  <member type="way" ref="380344433" role=""/>
  <member type="way" ref="515003998" role=""/>
  <member type="way" ref="379124195" role=""/>
  <member type="way" ref="515004001" role=""/>
  <member type="way" ref="380344434" role=""/>
  <member type="way" ref="515003992" role=""/>
  <member type="way" ref="440212377" role=""/>
  <member type="way" ref="379128397" role=""/>
  <member type="way" ref="440210198" role=""/>
  <member type="way" ref="379128399" role=""/>
  <member type="way" ref="1190928782" role=""/>
  <member type="way" ref="423490662" role=""/>
  <member type="way" ref="423490648" role=""/>
  <member type="way" ref="655247490" role=""/>
  <member type="way" ref="1446370913" role=""/>
  <member type="way" ref="423490647" role=""/>
  <member type="way" ref="423490650" role=""/>
  <member type="way" ref="489603756" role=""/>
  <member type="way" ref="288103374" role=""/>
  <member type="way" ref="1119239341" role=""/>
  <member type="way" ref="403396324" role=""/>
  <member type="way" ref="831101929" role=""/>
  <member type="way" ref="1342963966" role=""/>
  <member type="way" ref="446363882" role=""/>
  <member type="way" ref="839433343" role=""/>
  <member type="way" ref="655234742" role=""/>
  <member type="way" ref="839433344" role=""/>
  <member type="way" ref="137931563" role=""/>
  <member type="way" ref="137931564" role=""/>
  <member type="way" ref="50033547" role=""/>
  <member type="way" ref="137931562" role=""/>
  <member type="way" ref="707874423" role=""/>
  <member type="way" ref="686406313" role=""/>
  <member type="way" ref="138002000" role=""/>
  <member type="way" ref="689053771" role=""/>
  <member type="way" ref="1360366791" role=""/>
  <member type="way" ref="132952148" role=""/>
  <member type="way" ref="423490654" role=""/>
  <member type="way" ref="1219349970" role=""/>
  <member type="way" ref="484163195" role=""/>
  <member type="way" ref="1219349969" role=""/>
  <member type="way" ref="484164964" role=""/>
  <member type="way" ref="1342963995" role=""/>
  <member type="way" ref="1219349965" role=""/>
  <member type="way" ref="423490653" role=""/>
  <member type="way" ref="219148794" role=""/>
  <member type="way" ref="533227168" role=""/>
  <member type="way" ref="688971714" role=""/>
  <member type="way" ref="26282575" role=""/>
  <member type="way" ref="686277586" role=""/>
  <member type="way" ref="1344588292" role=""/>
  <member type="way" ref="1342963993" role=""/>
  <member type="way" ref="1342963992" role=""/>
  <member type="way" ref="1255425241" role=""/>
  <member type="way" ref="1342963989" role=""/>
  <member type="way" ref="1342533925" role=""/>
  <member type="way" ref="83715617" role=""/>
  <member type="way" ref="686251929" role=""/>
  <member type="way" ref="686409984" role=""/>
  <member type="way" ref="30096057" role=""/>
  <member type="way" ref="1043336719" role=""/>
  <member type="way" ref="1043336720" role=""/>
  <member type="way" ref="663238571" role=""/>
  <member type="way" ref="1344588255" role=""/>
  <member type="way" ref="686409980" role=""/>
  <member type="way" ref="1342102798" role=""/>
  <member type="way" ref="1342102794" role=""/>
  <tag k="from" v="ՀԱԹ Բաբաջանյան / Անդրանիկի"/>
  <tag k="name" v="Ավտոբուս 3: ՀԱԹ Բաբաջանյան / Անդրանիկի =&gt; Նոր Նորքի 9-րդ զ/ծ"/>
  <tag k="name:en" v="Bus 3: Babajanyan / Andranik st. =&gt; Nor Nork Block 9"/>
  <tag k="name:hy" v="Ավտոբուս 3: ՀԱԹ Բաբաջանյան / Անդրանիկի =&gt; Նոր Նորքի 9-րդ զ/ծ"/>
  <tag k="name:ru" v="Автобус 3: Бабаджаняна / Андраника =&gt; 9-й массив Нор Норка"/>
  <tag k="network" v="Երևանի տրանսպորտ"/>
  <tag k="operator" v="Երևանի ավտոբուս"/>
  <tag k="public_transport:version" v="2"/>
  <tag k="ref" v="3"/>
  <tag k="route" v="bus"/>
  <tag k="to" v="Նոր Նորքի 9-րդ զանգված"/>
  <tag k="type" v="route"/>
 </relation>
 <relation id="18411684" visible="true" version="9" changeset="173992843" timestamp="2025-10-30T19:41:55Z" user="SMkrtich" uid="10984999">
  <member type="node" ref="331493050" role="stop"/>
  <member type="node" ref="6431386459" role="platform"/>
  <member type="node" ref="6431481672" role="stop"/>
  <member type="node" ref="6431425581" role="platform"/>
  <member type="node" ref="6431481671" role="stop"/>
  <member type="node" ref="6431452339" role="platform"/>
  <member type="node" ref="6431481668" role="stop"/>
  <member type="node" ref="6431481666" role="platform"/>
  <member type="node" ref="6431493778" role="stop"/>
  <member type="node" ref="6431493777" role="platform"/>
  <member type="node" ref="12415931614" role="stop"/>
  <member type="node" ref="6462450496" role="platform"/>
  <member type="node" ref="6431528958" role="stop"/>
  <member type="node" ref="6431507482" role="platform"/>
  <member type="node" ref="6432277181" role="stop"/>
  <member type="node" ref="6432277178" role="platform"/>
  <member type="node" ref="5174465013" role="stop"/>
  <member type="node" ref="5174465014" role="platform"/>
  <member type="node" ref="5174465424" role="stop"/>
  <member type="node" ref="2132245993" role="platform"/>
  <member type="node" ref="2327176022" role="stop"/>
  <member type="node" ref="4391620389" role="platform"/>
  <member type="node" ref="5174465426" role="stop"/>
  <member type="node" ref="5174465427" role="platform"/>
  <member type="node" ref="5174465429" role="stop"/>
  <member type="node" ref="621964094" role="platform"/>
  <member type="node" ref="5174465432" role="stop"/>
  <member type="node" ref="5174465433" role="platform"/>
  <member type="node" ref="5174465435" role="stop"/>
  <member type="node" ref="4512596366" role="platform"/>
  <member type="node" ref="5174465434" role="stop"/>
  <member type="node" ref="1465088448" role="platform"/>
  <member type="node" ref="4057423776" role="stop"/>
  <member type="node" ref="4607432397" role="platform"/>
  <member type="node" ref="5174465438" role="stop"/>
  <member type="node" ref="2332695926" role="platform"/>
  <member type="node" ref="5174465440" role="stop"/>
  <member type="node" ref="5174465441" role="platform"/>
  <member type="node" ref="5172647262" role="stop"/>
  <member type="node" ref="4321947392" role="platform"/>
  <member type="node" ref="5172644021" role="stop"/>
  <member type="node" ref="5172644022" role="platform"/>
  <member type="node" ref="5172632143" role="stop"/>
  <member type="node" ref="4396467689" role="platform"/>
  <member type="node" ref="5172609105" role="stop"/>
  <member type="node" ref="4939192524" role="platform"/>
  <member type="node" ref="5172582808" role="stop"/>
  <member type="node" ref="3939372614" role="platform"/>
  <member type="node" ref="5172581082" role="stop"/>
  <member type="node" ref="5172581083" role="platform"/>
  <member type="node" ref="5172572399" role="stop"/>
  <member type="node" ref="5091767822" role="platform"/>
  <member type="node" ref="5172561405" role="stop"/>
  <member type="node" ref="612617195" role="platform"/>
  <member type="node" ref="5172557456" role="stop"/>
  <member type="node" ref="4110482200" role="platform"/>
  <member type="node" ref="5172556101" role="stop"/>
  <member type="node" ref="4110482201" role="platform"/>
  <member type="node" ref="5172553846" role="stop"/>
  <member type="node" ref="2874557457" role="platform"/>
  <member type="node" ref="11055124814" role="stop"/>
  <member type="node" ref="6462973756" role="platform"/>
  <member type="node" ref="9894633980" role="stop"/>
  <member type="node" ref="6461180539" role="platform"/>
  <member type="node" ref="4984817604" role="stop"/>
  <member type="node" ref="6371200985" role="platform"/>
  <member type="node" ref="9894633979" role="stop"/>
  <member type="node" ref="4739600025" role="platform"/>
  <member type="node" ref="2992113389" role="stop"/>
  <member type="node" ref="4523701833" role="platform"/>
  <member type="node" ref="6434312963" role="stop"/>
  <member type="node" ref="6434312954" role="platform"/>
  <member type="node" ref="6434312995" role="stop"/>
  <member type="node" ref="6434312994" role="platform"/>
  <member type="node" ref="6434396551" role="stop"/>
  <member type="node" ref="6463741481" role="platform"/>
  <member type="node" ref="6434406471" role="stop"/>
  <member type="node" ref="6434406470" role="platform"/>
  <member type="node" ref="6434423428" role="stop"/>
  <member type="node" ref="6434423426" role="platform"/>
  <member type="node" ref="6434441172" role="stop"/>
  <member type="node" ref="6434441171" role="platform"/>
  <member type="node" ref="6434455277" role="stop"/>
  <member type="node" ref="6434455276" role="platform"/>
  <member type="node" ref="6434466314" role="stop"/>
  <member type="node" ref="6434466312" role="platform"/>
  <member type="node" ref="6434476303" role="stop"/>
  <member type="node" ref="6434476302" role="platform"/>
  <member type="node" ref="597698622" role="stop"/>
  <member type="node" ref="6463736076" role="platform"/>
  <member type="node" ref="597698354" role="stop"/>
  <member type="node" ref="6463736077" role="platform"/>
  <member type="node" ref="6435406879" role="stop"/>
  <member type="node" ref="6435406875" role="platform"/>
  <member type="node" ref="7475434757" role="stop"/>
  <member type="node" ref="6463736080" role="platform"/>
  <member type="node" ref="12415931620" role="stop"/>
  <member type="node" ref="6463736082" role="platform"/>
  <member type="node" ref="12415931622" role="stop_exit_only"/>
  <member type="node" ref="11526530760" role="platform_exit_only"/>
  <member type="way" ref="686409980" role=""/>
  <member type="way" ref="1344588255" role=""/>
  <member type="way" ref="663238571" role=""/>
  <member type="way" ref="1043336720" role=""/>
  <member type="way" ref="1043336719" role=""/>
  <member type="way" ref="30096057" role=""/>
  <member type="way" ref="83715602" role=""/>
  <member type="way" ref="1344588257" role=""/>
  <member type="way" ref="1342533924" role=""/>
  <member type="way" ref="30096193" role=""/>
  <member type="way" ref="1255488201" role=""/>
  <member type="way" ref="952393206" role=""/>
  <member type="way" ref="533227163" role=""/>
  <member type="way" ref="533153973" role=""/>
  <member type="way" ref="83715598" role=""/>
  <member type="way" ref="689595373" role=""/>
  <member type="way" ref="125669289" role=""/>
  <member type="way" ref="1190062099" role=""/>
  <member type="way" ref="137931080" role=""/>
  <member type="way" ref="137931082" role=""/>
  <member type="way" ref="137997641" role=""/>
  <member type="way" ref="1219358717" role=""/>
  <member type="way" ref="187640263" role=""/>
  <member type="way" ref="1219349964" role=""/>
  <member type="way" ref="484164965" role=""/>
  <member type="way" ref="579006656" role=""/>
  <member type="way" ref="175230280" role=""/>
  <member type="way" ref="118943859" role=""/>
  <member type="way" ref="689053770" role=""/>
  <member type="way" ref="488168290" role=""/>
  <member type="way" ref="187146762" role=""/>
  <member type="way" ref="50033539" role=""/>
  <member type="way" ref="50033548" role=""/>
  <member type="way" ref="945773674" role=""/>
  <member type="way" ref="137931567" role=""/>
  <member type="way" ref="1235063304" role=""/>
  <member type="way" ref="189145306" role=""/>
  <member type="way" ref="1235063303" role=""/>
  <member type="way" ref="655234743" role=""/>
  <member type="way" ref="831101930" role=""/>
  <member type="way" ref="446363883" role=""/>
  <member type="way" ref="423490656" role=""/>
  <member type="way" ref="1119239345" role=""/>
  <member type="way" ref="423490651" role=""/>
  <member type="way" ref="423490649" role=""/>
  <member type="way" ref="1446370911" role=""/>
  <member type="way" ref="187146760" role=""/>
  <member type="way" ref="48207226" role=""/>
  <member type="way" ref="1159342402" role=""/>
  <member type="way" ref="1159342409" role=""/>
  <member type="way" ref="1121249307" role=""/>
  <member type="way" ref="1159342408" role=""/>
  <member type="way" ref="187361642" role=""/>
  <member type="way" ref="187360875" role=""/>
  <member type="way" ref="23634374" role=""/>
  <member type="way" ref="1136468903" role=""/>
  <member type="way" ref="481327571" role=""/>
  <member type="way" ref="515004012" role=""/>
  <member type="way" ref="1292615905" role=""/>
  <member type="way" ref="481331815" role=""/>
  <member type="way" ref="515004002" role=""/>
  <member type="way" ref="481335956" role=""/>
  <member type="way" ref="515003994" role=""/>
  <member type="way" ref="380344432" role=""/>
  <member type="way" ref="380344435" role=""/>
  <member type="way" ref="515003999" role=""/>
  <member type="way" ref="1217604732" role=""/>
  <member type="way" ref="481343940" role=""/>
  <member type="way" ref="307676531" role=""/>
  <member type="way" ref="1177560290" role=""/>
  <member type="way" ref="245213221" role=""/>
  <member type="way" ref="245214332" role=""/>
  <member type="way" ref="379083199" role=""/>
  <member type="way" ref="379083196" role=""/>
  <member type="way" ref="1137190853" role=""/>
  <member type="way" ref="1150142734" role=""/>
  <member type="way" ref="1137190851" role=""/>
  <member type="way" ref="379083193" role=""/>
  <member type="way" ref="1137190854" role=""/>
  <member type="way" ref="1136544099" role=""/>
  <member type="way" ref="379080052" role=""/>
  <member type="way" ref="379080051" role=""/>
  <member type="way" ref="380284816" role=""/>
  <member type="way" ref="268466860" role=""/>
  <member type="way" ref="1136717428" role=""/>
  <member type="way" ref="379077026" role=""/>
  <member type="way" ref="189835254" role=""/>
  <member type="way" ref="801927114" role=""/>
  <member type="way" ref="135474718" role=""/>
  <member type="way" ref="187312294" role=""/>
  <member type="way" ref="304700568" role=""/>
  <member type="way" ref="304700567" role=""/>
  <member type="way" ref="313339353" role=""/>
  <member type="way" ref="1150074742" role=""/>
  <member type="way" ref="1137195107" role=""/>
  <member type="way" ref="23634998" role=""/>
  <member type="way" ref="380284817" role=""/>
  <member type="way" ref="116984293" role=""/>
  <member type="way" ref="304636225" role=""/>
  <member type="way" ref="1190857042" role=""/>
  <member type="way" ref="1137194955" role=""/>
  <member type="way" ref="1137194956" role=""/>
  <member type="way" ref="1150074737" role=""/>
  <member type="way" ref="1150074738" role=""/>
  <member type="way" ref="1190857043" role=""/>
  <member type="way" ref="189835259" role=""/>
  <member type="way" ref="1137194959" role=""/>
  <member type="way" ref="513273416" role=""/>
  <member type="way" ref="189835258" role=""/>
  <member type="way" ref="1136284861" role=""/>
  <member type="way" ref="1136284860" role=""/>
  <member type="way" ref="1136284850" role=""/>
  <member type="way" ref="504071684" role=""/>
  <member type="way" ref="188394932" role=""/>
  <member type="way" ref="504069493" role=""/>
  <member type="way" ref="116708795" role=""/>
  <member type="way" ref="116708796" role=""/>
  <member type="way" ref="1342533939" role=""/>
  <member type="way" ref="689077844" role=""/>
  <member type="way" ref="1342533929" role=""/>
  <member type="way" ref="689077841" role=""/>
  <member type="way" ref="46770536" role=""/>
  <member type="way" ref="1342533923" role=""/>
  <member type="way" ref="1342963971" role=""/>
  <member type="way" ref="1068726949" role=""/>
  <member type="way" ref="1368500198" role=""/>
  <member type="way" ref="1368500197" role=""/>
  <member type="way" ref="205186143" role=""/>
  <member type="way" ref="1240621753" role=""/>
  <member type="way" ref="1183433481" role=""/>
  <tag k="from" v="Նոր Նորքի 9-րդ զանգված"/>
  <tag k="name" v="Ավտոբուս 3: Նոր Նորքի 9-րդ զ/ծ =&gt; ՀԱԹ Բաբաջանյան / Անդրանիկի"/>
  <tag k="name:en" v="Bus 3: Nor Nork Block 9 =&gt; Babajanyan / Andranik st."/>
  <tag k="name:hy" v="Ավտոբուս 3: Նոր Նորքի 9-րդ զ/ծ =&gt; ՀԱԹ Բաբաջանյան / Անդրանիկի"/>
  <tag k="name:ru" v="Автобус 3: 9-й массив Нор Норка =&gt; Бабаджаняна / Андраника"/>
  <tag k="network" v="Երևանի տրանսպորտ"/>
  <tag k="operator" v="Երևանի ավտոբուս"/>
  <tag k="public_transport:version" v="2"/>
  <tag k="ref" v="3"/>
  <tag k="route" v="bus"/>
  <tag k="to" v="ՀԱԹ Բաբաջանյան / Անդրանիկի"/>
  <tag k="type" v="route"/>
 </relation>
 <relation id="18411685" visible="true" version="2" changeset="160304886" timestamp="2024-12-17T15:43:44Z" user="mos_next_door" uid="7544067">
  <member type="relation" ref="18411680" role=""/>
  <member type="relation" ref="18411684" role=""/>
  <tag k="name" v="Ավտոբուս 3: Նոր Նորքի 9-րդ զ/ծ &lt;=&gt; ՀԱԹ Բաբաջանյան / Անդրանիկի"/>
  <tag k="name:en" v="Bus 3: Nor Nork Block 9 &lt;=&gt; Babajanyan / Andranik st."/>
  <tag k="name:hy" v="Ավտոբուս 3: Նոր Նորքի 9-րդ զ/ծ &lt;=&gt; ՀԱԹ Բաբաջանյան / Անդրանիկի"/>
  <tag k="name:ru" v="Автобус 3: 9-й массив Нор Норка &lt;=&gt; Бабаджаняна / Андраника"/>
  <tag k="network" v="Երևանի տրանսպորտ"/>
  <tag k="operator" v="Երևանի ավտոբուս"/>
  <tag k="public_transport:version" v="2"/>
  <tag k="ref" v="3"/>
  <tag k="route_master" v="bus"/>
  <tag k="type" v="route_master"/>
 </relation>
 <relation id="18429659" visible="true" version="4" changeset="173770990" timestamp="2025-10-25T20:13:19Z" user="Tigran Ovanyan" uid="13678279">
  <member type="node" ref="7475339846" role="stop"/>
  <member type="node" ref="7475339848" role="platform"/>
  <member type="node" ref="7475339852" role="stop"/>
  <member type="node" ref="7475339854" role="platform"/>
  <member type="node" ref="12421571936" role="stop"/>
  <member type="node" ref="12421571937" role="platform"/>
  <member type="node" ref="7475373111" role="stop"/>
  <member type="node" ref="7475373112" role="platform"/>
  <member type="node" ref="7475373113" role="stop"/>
  <member type="node" ref="7475626477" role="platform"/>
  <member type="node" ref="7475373115" role="stop"/>
  <member type="node" ref="7475373116" role="platform"/>
  <member type="node" ref="7475434756" role="stop"/>
  <member type="node" ref="6463736079" role="platform"/>
  <member type="node" ref="7475434758" role="stop"/>
  <member type="node" ref="6463736078" role="platform"/>
  <member type="node" ref="6435456970" role="stop"/>
  <member type="node" ref="6435456969" role="platform"/>
  <member type="node" ref="6434511039" role="stop"/>
  <member type="node" ref="6434511038" role="platform"/>
  <member type="node" ref="6434511034" role="stop"/>
  <member type="node" ref="6434511033" role="platform"/>
  <member type="node" ref="6434476306" role="stop"/>
  <member type="node" ref="6434476305" role="platform"/>
  <member type="node" ref="6434466316" role="stop"/>
  <member type="node" ref="6434466315" role="platform"/>
  <member type="node" ref="6434455275" role="stop"/>
  <member type="node" ref="6434455274" role="platform"/>
  <member type="node" ref="6434441170" role="stop"/>
  <member type="node" ref="6434441169" role="platform"/>
  <member type="node" ref="6434423429" role="stop"/>
  <member type="node" ref="6434423427" role="platform"/>
  <member type="node" ref="6434396557" role="stop"/>
  <member type="node" ref="6434396556" role="platform"/>
  <member type="node" ref="6434312993" role="stop"/>
  <member type="node" ref="6434312989" role="platform"/>
  <member type="node" ref="6434312962" role="stop"/>
  <member type="node" ref="6434312961" role="platform"/>
  <member type="node" ref="12415931616" role="stop"/>
  <member type="node" ref="11035441104" role="platform"/>
  <member type="node" ref="9894798227" role="stop"/>
  <member type="node" ref="4739600024" role="platform"/>
  <member type="node" ref="9894798228" role="stop"/>
  <member type="node" ref="6371200885" role="platform"/>
  <member type="node" ref="3835488425" role="stop"/>
  <member type="node" ref="6461180550" role="platform"/>
  <member type="node" ref="5172553848" role="stop"/>
  <member type="node" ref="2874554580" role="platform"/>
  <member type="node" ref="5172553847" role="stop"/>
  <member type="node" ref="2874557471" role="platform"/>
  <member type="node" ref="5172556100" role="stop"/>
  <member type="node" ref="613353102" role="platform"/>
  <member type="node" ref="5172557455" role="stop"/>
  <member type="node" ref="575079296" role="platform"/>
  <member type="node" ref="5172561404" role="stop"/>
  <member type="node" ref="575077288" role="platform"/>
  <member type="node" ref="5172572398" role="stop"/>
  <member type="node" ref="4130899440" role="platform"/>
  <member type="node" ref="5172581084" role="stop"/>
  <member type="node" ref="4489618090" role="platform"/>
  <member type="node" ref="5172582809" role="stop"/>
  <member type="node" ref="3939372613" role="platform"/>
  <member type="node" ref="11055124815" role="stop"/>
  <member type="node" ref="4304692490" role="platform"/>
  <member type="node" ref="7545762934" role="stop"/>
  <member type="node" ref="6462997490" role="platform"/>
  <member type="node" ref="7545762936" role="stop"/>
  <member type="node" ref="6463808136" role="platform"/>
  <member type="node" ref="7545762941" role="stop"/>
  <member type="node" ref="6462997486" role="platform"/>
  <member type="node" ref="7545762943" role="stop"/>
  <member type="node" ref="6461180542" role="platform"/>
  <member type="node" ref="9894798232" role="stop"/>
  <member type="node" ref="6462992184" role="platform"/>
  <member type="node" ref="5174465439" role="stop"/>
  <member type="node" ref="2332695927" role="platform"/>
  <member type="node" ref="5174465437" role="stop"/>
  <member type="node" ref="4607432290" role="platform"/>
  <member type="node" ref="5174465436" role="stop"/>
  <member type="node" ref="4512596367" role="platform"/>
  <member type="node" ref="5174465431" role="stop"/>
  <member type="node" ref="1465088476" role="platform"/>
  <member type="node" ref="5174465430" role="stop"/>
  <member type="node" ref="621964087" role="platform"/>
  <member type="node" ref="7599696579" role="stop"/>
  <member type="node" ref="6562106018" role="platform"/>
  <member type="node" ref="7599704715" role="stop"/>
  <member type="node" ref="7599704714" role="platform"/>
  <member type="node" ref="7599722074" role="stop"/>
  <member type="node" ref="6550790944" role="platform"/>
  <member type="node" ref="7599722076" role="stop"/>
  <member type="node" ref="7599722077" role="platform"/>
  <member type="node" ref="7658485262" role="stop"/>
  <member type="node" ref="7658485263" role="platform"/>
  <member type="node" ref="7599722080" role="stop_exit_only"/>
  <member type="node" ref="7599722079" role="platform_exit_only"/>
  <member type="way" ref="1342963972" role=""/>
  <member type="way" ref="1257119192" role=""/>
  <member type="way" ref="1342533937" role=""/>
  <member type="way" ref="799282779" role=""/>
  <member type="way" ref="773164592" role=""/>
  <member type="way" ref="773164593" role=""/>
  <member type="way" ref="799300976" role=""/>
  <member type="way" ref="1254286045" role=""/>
  <member type="way" ref="1342963971" role=""/>
  <member type="way" ref="1254286046" role=""/>
  <member type="way" ref="1342963970" role=""/>
  <member type="way" ref="88569047" role=""/>
  <member type="way" ref="689077842" role=""/>
  <member type="way" ref="795770926" role=""/>
  <member type="way" ref="392134917" role=""/>
  <member type="way" ref="689609733" role=""/>
  <member type="way" ref="46770930" role=""/>
  <member type="way" ref="116708795" role=""/>
  <member type="way" ref="689624430" role=""/>
  <member type="way" ref="504060652" role=""/>
  <member type="way" ref="504067019" role=""/>
  <member type="way" ref="504069492" role=""/>
  <member type="way" ref="1136284862" role=""/>
  <member type="way" ref="1136284867" role=""/>
  <member type="way" ref="1137194960" role=""/>
  <member type="way" ref="1150074735" role=""/>
  <member type="way" ref="1150074736" role=""/>
  <member type="way" ref="513273410" role=""/>
  <member type="way" ref="1137194958" role=""/>
  <member type="way" ref="1137194957" role=""/>
  <member type="way" ref="1150074739" role=""/>
  <member type="way" ref="1150074740" role=""/>
  <member type="way" ref="272949167" role=""/>
  <member type="way" ref="1137195106" role=""/>
  <member type="way" ref="513255234" role=""/>
  <member type="way" ref="1145019699" role=""/>
  <member type="way" ref="686392152" role=""/>
  <member type="way" ref="515029197" role=""/>
  <member type="way" ref="1136658614" role=""/>
  <member type="way" ref="1136778371" role=""/>
  <member type="way" ref="515029202" role=""/>
  <member type="way" ref="413998006" role=""/>
  <member type="way" ref="1171483269" role=""/>
  <member type="way" ref="272653842" role=""/>
  <member type="way" ref="1136661992" role=""/>
  <member type="way" ref="375713871" role=""/>
  <member type="way" ref="309860948" role=""/>
  <member type="way" ref="1164137340" role=""/>
  <member type="way" ref="388129377" role=""/>
  <member type="way" ref="1164619599" role=""/>
  <member type="way" ref="1147606119" role=""/>
  <member type="way" ref="1164619602" role=""/>
  <member type="way" ref="41261034" role=""/>
  <member type="way" ref="1137190847" role=""/>
  <member type="way" ref="1137190848" role=""/>
  <member type="way" ref="1150872602" role=""/>
  <member type="way" ref="41261035" role=""/>
  <member type="way" ref="1150872603" role=""/>
  <member type="way" ref="1137190850" role=""/>
  <member type="way" ref="1150142735" role=""/>
  <member type="way" ref="187307743" role=""/>
  <member type="way" ref="1137190852" role=""/>
  <member type="way" ref="187307744" role=""/>
  <member type="way" ref="245214142" role=""/>
  <member type="way" ref="577126866" role=""/>
  <member type="way" ref="688951521" role=""/>
  <member type="way" ref="245214383" role=""/>
  <member type="way" ref="245213219" role=""/>
  <member type="way" ref="379149076" role=""/>
  <member type="way" ref="380344431" role=""/>
  <member type="way" ref="379112826" role=""/>
  <member type="way" ref="380344430" role=""/>
  <member type="way" ref="515004000" role=""/>
  <member type="way" ref="380344433" role=""/>
  <member type="way" ref="515003998" role=""/>
  <member type="way" ref="379124195" role=""/>
  <member type="way" ref="515004001" role=""/>
  <member type="way" ref="380344434" role=""/>
  <member type="way" ref="515003992" role=""/>
  <member type="way" ref="440212377" role=""/>
  <member type="way" ref="379128397" role=""/>
  <member type="way" ref="440210198" role=""/>
  <member type="way" ref="48207232" role=""/>
  <member type="way" ref="1159342406" role=""/>
  <member type="way" ref="1159342411" role=""/>
  <member type="way" ref="1150391494" role=""/>
  <member type="way" ref="1159342410" role=""/>
  <member type="way" ref="1230525216" role=""/>
  <member type="way" ref="1150391495" role=""/>
  <member type="way" ref="1230525217" role=""/>
  <member type="way" ref="1159342409" role=""/>
  <member type="way" ref="319334932" role=""/>
  <member type="way" ref="319334935" role=""/>
  <member type="way" ref="48202937" role=""/>
  <member type="way" ref="189346155" role=""/>
  <member type="way" ref="689080167" role=""/>
  <member type="way" ref="341714468" role=""/>
  <member type="way" ref="556682181" role=""/>
  <member type="way" ref="1393221938" role=""/>
  <member type="way" ref="1342963969" role=""/>
  <member type="way" ref="1342963966" role=""/>
  <member type="way" ref="446363882" role=""/>
  <member type="way" ref="839433343" role=""/>
  <member type="way" ref="655234742" role=""/>
  <member type="way" ref="839433344" role=""/>
  <member type="way" ref="137931563" role=""/>
  <member type="way" ref="137931564" role=""/>
  <member type="way" ref="50033547" role=""/>
  <member type="way" ref="137931562" role=""/>
  <member type="way" ref="707874423" role=""/>
  <member type="way" ref="686406313" role=""/>
  <member type="way" ref="138002000" role=""/>
  <member type="way" ref="689053771" role=""/>
  <member type="way" ref="1360366791" role=""/>
  <member type="way" ref="132952148" role=""/>
  <member type="way" ref="423490654" role=""/>
  <member type="way" ref="1219349970" role=""/>
  <member type="way" ref="484163195" role=""/>
  <member type="way" ref="1219349969" role=""/>
  <member type="way" ref="484164964" role=""/>
  <member type="way" ref="1342963995" role=""/>
  <member type="way" ref="1219349965" role=""/>
  <member type="way" ref="423490661" role=""/>
  <member type="way" ref="1219349967" role=""/>
  <member type="way" ref="1342963988" role=""/>
  <member type="way" ref="30130929" role=""/>
  <member type="way" ref="668983903" role=""/>
  <member type="way" ref="1169286864" role=""/>
  <member type="way" ref="1342963974" role=""/>
  <tag k="fee" v="yes"/>
  <tag k="from" v="ՀԱԹ Ա-2 / Անդրանիկի փողոց"/>
  <tag k="name" v="Ավտոբուս 52։ ՀԱԹ Ա-2 / Անդրանիկի փող․ =&gt; Բագրևանդ"/>
  <tag k="name:en" v="Bus 52: Block A-2 / Zoravar Andranik st. =&gt; Bagrevand"/>
  <tag k="name:hy" v="Ավտոբուս 52։ ՀԱԹ Ա-2 / Անդրանիկի փող․ =&gt; Բագրևանդ"/>
  <tag k="name:ru" v="Автобус 52: Микрорайон А-2 / ул. Андраника =&gt; Багреванд"/>
  <tag k="network" v="Երևանի տրանսպորտ"/>
  <tag k="operator" v="Երևանի ավտոբուս"/>
  <tag k="public_transport:version" v="2"/>
  <tag k="ref" v="52"/>
  <tag k="route" v="bus"/>
  <tag k="to" v="Բագրևանդ"/>
  <tag k="type" v="route"/>
 </relation>
 <relation id="18429665" visible="true" version="10" changeset="174475772" timestamp="2025-11-10T17:53:06Z" user="SMkrtich" uid="10984999">
  <member type="node" ref="7442165347" role="stop_entry_only"/>
  <member type="node" ref="7442165343" role="platform_entry_only"/>
  <member type="node" ref="5174465432" role="stop"/>
  <member type="node" ref="5174465433" role="platform"/>
  <member type="node" ref="5174465435" role="stop"/>
  <member type="node" ref="4512596366" role="platform"/>
  <member type="node" ref="5174465434" role="stop"/>
  <member type="node" ref="1465088448" role="platform"/>
  <member type="node" ref="4057423776" role="stop"/>
  <member type="node" ref="4607432397" role="platform"/>
  <member type="node" ref="5174465438" role="stop"/>
  <member type="node" ref="2332695926" role="platform"/>
  <member type="node" ref="5174465440" role="stop"/>
  <member type="node" ref="5174465441" role="platform"/>
  <member type="node" ref="5172647262" role="stop"/>
  <member type="node" ref="4321947392" role="platform"/>
  <member type="node" ref="5172644021" role="stop"/>
  <member type="node" ref="5172644022" role="platform"/>
  <member type="node" ref="5172632143" role="stop"/>
  <member type="node" ref="4396467689" role="platform"/>
  <member type="node" ref="5172609105" role="stop"/>
  <member type="node" ref="4939192524" role="platform"/>
  <member type="node" ref="5172582808" role="stop"/>
  <member type="node" ref="3939372614" role="platform"/>
  <member type="node" ref="5172581082" role="stop"/>
  <member type="node" ref="5172581083" role="platform"/>
  <member type="node" ref="5172572399" role="stop"/>
  <member type="node" ref="5091767822" role="platform"/>
  <member type="node" ref="5172561405" role="stop"/>
  <member type="node" ref="612617195" role="platform"/>
  <member type="node" ref="5172557456" role="stop"/>
  <member type="node" ref="4110482200" role="platform"/>
  <member type="node" ref="5172556101" role="stop"/>
  <member type="node" ref="4110482201" role="platform"/>
  <member type="node" ref="5172553846" role="stop"/>
  <member type="node" ref="2874557457" role="platform"/>
  <member type="node" ref="11055124814" role="stop"/>
  <member type="node" ref="6462973756" role="platform"/>
  <member type="node" ref="5166225044" role="stop"/>
  <member type="node" ref="4110482202" role="platform"/>
  <member type="node" ref="256038625" role="stop"/>
  <member type="node" ref="4110482204" role="platform"/>
  <member type="node" ref="5165711721" role="stop"/>
  <member type="node" ref="1466951128" role="platform"/>
  <member type="node" ref="5166277918" role="stop"/>
  <member type="node" ref="4110482205" role="platform"/>
  <member type="node" ref="9904683439" role="stop"/>
  <member type="node" ref="1465088473" role="platform"/>
  <member type="node" ref="6432881625" role="stop"/>
  <member type="node" ref="4110482207" role="platform"/>
  <member type="node" ref="12105393461" role="stop"/>
  <member type="node" ref="6463600467" role="platform"/>
  <member type="node" ref="9904510471" role="stop"/>
  <member type="node" ref="6462450500" role="platform"/>
  <member type="node" ref="9904510472" role="stop"/>
  <member type="node" ref="5896299021" role="platform"/>
  <member type="node" ref="6418229108" role="stop"/>
  <member type="node" ref="6418229106" role="platform"/>
  <member type="node" ref="6418974834" role="stop"/>
  <member type="node" ref="6418974831" role="platform"/>
  <member type="node" ref="6419012637" role="stop"/>
  <member type="node" ref="6419012636" role="platform"/>
  <member type="node" ref="6419029638" role="stop"/>
  <member type="node" ref="6419029637" role="platform"/>
  <member type="node" ref="6419072802" role="stop"/>
  <member type="node" ref="6419072801" role="platform"/>
  <member type="node" ref="6419091987" role="stop"/>
  <member type="node" ref="6419091986" role="platform"/>
  <member type="node" ref="6419105580" role="stop"/>
  <member type="node" ref="6419105579" role="platform"/>
  <member type="node" ref="6419105584" role="stop"/>
  <member type="node" ref="6419105583" role="platform"/>
  <member type="node" ref="6419118753" role="stop"/>
  <member type="node" ref="6419118739" role="platform"/>
  <member type="node" ref="6419118754" role="stop"/>
  <member type="node" ref="6419118751" role="platform"/>
  <member type="node" ref="6419136890" role="stop"/>
  <member type="node" ref="6419128026" role="platform"/>
  <member type="node" ref="6419144551" role="stop"/>
  <member type="node" ref="6419144540" role="platform"/>
  <member type="node" ref="6419153278" role="stop"/>
  <member type="node" ref="6419153277" role="platform"/>
  <member type="node" ref="6419162836" role="stop"/>
  <member type="node" ref="6419162833" role="platform"/>
  <member type="node" ref="6419248543" role="stop"/>
  <member type="node" ref="6419248542" role="platform"/>
  <member type="node" ref="6419276923" role="stop"/>
  <member type="node" ref="6419276921" role="platform"/>
  <member type="node" ref="6419300066" role="stop"/>
  <member type="node" ref="6419300065" role="platform"/>
  <member type="node" ref="6419322986" role="stop"/>
  <member type="node" ref="6419322985" role="platform"/>
  <member type="node" ref="6419322989" role="stop"/>
  <member type="node" ref="6417498092" role="platform"/>
  <member type="node" ref="6419322990" role="stop"/>
  <member type="node" ref="6419344504" role="platform"/>
  <member type="node" ref="12425517407" role="stop"/>
  <member type="node" ref="8356722593" role="platform"/>
  <member type="node" ref="12425517406" role="stop"/>
  <member type="node" ref="8356878346" role="platform"/>
  <member type="node" ref="12425517404" role="stop"/>
  <member type="node" ref="12425517403" role="platform"/>
  <member type="node" ref="12425517402" role="stop"/>
  <member type="node" ref="12425418800" role="platform"/>
  <member type="node" ref="12425418799" role="stop"/>
  <member type="node" ref="12425418798" role="platform"/>
  <member type="node" ref="12425418797" role="stop"/>
  <member type="node" ref="12425418795" role="platform"/>
  <member type="node" ref="12425418794" role="stop"/>
  <member type="node" ref="12425418792" role="platform"/>
  <member type="node" ref="12425418788" role="stop"/>
  <member type="node" ref="12425418789" role="platform"/>
  <member type="node" ref="12425418784" role="stop"/>
  <member type="node" ref="12425418785" role="platform"/>
  <member type="node" ref="12425418782" role="stop"/>
  <member type="node" ref="12425418783" role="platform"/>
  <member type="node" ref="12425418778" role="stop"/>
  <member type="node" ref="12425418779" role="platform"/>
  <member type="node" ref="12425517409" role="stop_exit_only"/>
  <member type="node" ref="12425517411" role="platform_exit_only"/>
  <member type="way" ref="1342963980" role=""/>
  <member type="way" ref="668983905" role=""/>
  <member type="way" ref="668983914" role=""/>
  <member type="way" ref="219148822" role=""/>
  <member type="way" ref="30129931" role=""/>
  <member type="way" ref="795660306" role=""/>
  <member type="way" ref="795660309" role=""/>
  <member type="way" ref="749059025" role=""/>
  <member type="way" ref="484163841" role=""/>
  <member type="way" ref="175230280" role=""/>
  <member type="way" ref="118943859" role=""/>
  <member type="way" ref="689053770" role=""/>
  <member type="way" ref="488168290" role=""/>
  <member type="way" ref="187146762" role=""/>
  <member type="way" ref="50033539" role=""/>
  <member type="way" ref="50033548" role=""/>
  <member type="way" ref="945773674" role=""/>
  <member type="way" ref="137931567" role=""/>
  <member type="way" ref="1235063304" role=""/>
  <member type="way" ref="189145306" role=""/>
  <member type="way" ref="1235063303" role=""/>
  <member type="way" ref="655234743" role=""/>
  <member type="way" ref="831101930" role=""/>
  <member type="way" ref="446363883" role=""/>
  <member type="way" ref="423490656" role=""/>
  <member type="way" ref="1119239345" role=""/>
  <member type="way" ref="423490651" role=""/>
  <member type="way" ref="423490649" role=""/>
  <member type="way" ref="1446370911" role=""/>
  <member type="way" ref="187146760" role=""/>
  <member type="way" ref="48207226" role=""/>
  <member type="way" ref="1159342402" role=""/>
  <member type="way" ref="1159342409" role=""/>
  <member type="way" ref="1121249307" role=""/>
  <member type="way" ref="1159342408" role=""/>
  <member type="way" ref="187361642" role=""/>
  <member type="way" ref="187360875" role=""/>
  <member type="way" ref="23634374" role=""/>
  <member type="way" ref="1136468903" role=""/>
  <member type="way" ref="481327571" role=""/>
  <member type="way" ref="515004012" role=""/>
  <member type="way" ref="1292615905" role=""/>
  <member type="way" ref="481331815" role=""/>
  <member type="way" ref="515004002" role=""/>
  <member type="way" ref="481335956" role=""/>
  <member type="way" ref="515003994" role=""/>
  <member type="way" ref="380344432" role=""/>
  <member type="way" ref="380344435" role=""/>
  <member type="way" ref="515003999" role=""/>
  <member type="way" ref="1217604732" role=""/>
  <member type="way" ref="481343940" role=""/>
  <member type="way" ref="307676531" role=""/>
  <member type="way" ref="1177560290" role=""/>
  <member type="way" ref="1190153548" role=""/>
  <member type="way" ref="379149077" role=""/>
  <member type="way" ref="1190153545" role=""/>
  <member type="way" ref="380344436" role=""/>
  <member type="way" ref="404808374" role=""/>
  <member type="way" ref="189757785" role=""/>
  <member type="way" ref="688883940" role=""/>
  <member type="way" ref="481091289" role=""/>
  <member type="way" ref="134135259" role=""/>
  <member type="way" ref="1261815394" role=""/>
  <member type="way" ref="186338252" role=""/>
  <member type="way" ref="380447580" role=""/>
  <member type="way" ref="137406407" role=""/>
  <member type="way" ref="440279722" role=""/>
  <member type="way" ref="380217253" role=""/>
  <member type="way" ref="1252820505" role=""/>
  <member type="way" ref="291974731" role=""/>
  <member type="way" ref="291974729" role=""/>
  <member type="way" ref="379698350" role=""/>
  <member type="way" ref="1253209813" role=""/>
  <member type="way" ref="379701520" role=""/>
  <member type="way" ref="379706687" role=""/>
  <member type="way" ref="1449440597" role=""/>
  <member type="way" ref="1449440596" role=""/>
  <member type="way" ref="1449440598" role=""/>
  <member type="way" ref="1444772129" role=""/>
  <member type="way" ref="1253189632" role=""/>
  <member type="way" ref="1393459537" role=""/>
  <member type="way" ref="1253189630" role=""/>
  <member type="way" ref="1441698446" role=""/>
  <member type="way" ref="1441698447" role=""/>
  <member type="way" ref="1254133727" role=""/>
  <member type="way" ref="1319611429" role=""/>
  <member type="way" ref="1253189633" role=""/>
  <member type="way" ref="1307149000" role=""/>
  <member type="way" ref="1307149002" role=""/>
  <member type="way" ref="133082163" role=""/>
  <member type="way" ref="688970721" role=""/>
  <member type="way" ref="442772674" role=""/>
  <member type="way" ref="349244308" role=""/>
  <member type="way" ref="482594541" role=""/>
  <member type="way" ref="138007446" role=""/>
  <member type="way" ref="224320938" role=""/>
  <member type="way" ref="571073622" role=""/>
  <member type="way" ref="684986438" role=""/>
  <member type="way" ref="571073624" role=""/>
  <member type="way" ref="119028151" role=""/>
  <member type="way" ref="1347759260" role=""/>
  <member type="way" ref="133360330" role=""/>
  <member type="way" ref="571273624" role=""/>
  <member type="way" ref="133360325" role=""/>
  <member type="way" ref="574560295" role=""/>
  <member type="way" ref="187640272" role=""/>
  <member type="way" ref="537777047" role=""/>
  <member type="way" ref="847899026" role=""/>
  <member type="way" ref="847899025" role=""/>
  <member type="way" ref="574562209" role=""/>
  <member type="way" ref="187645413" role=""/>
  <member type="way" ref="750004947" role=""/>
  <member type="way" ref="1426378397" role=""/>
  <member type="way" ref="1068261514" role=""/>
  <member type="way" ref="374521972" role=""/>
  <member type="way" ref="187640261" role=""/>
  <member type="way" ref="942996863" role=""/>
  <member type="way" ref="516754830" role=""/>
  <member type="way" ref="380448693" role=""/>
  <member type="way" ref="1156472845" role=""/>
  <member type="way" ref="1156472846" role=""/>
  <member type="way" ref="448857569" role=""/>
  <member type="way" ref="689004079" role=""/>
  <member type="way" ref="618813293" role=""/>
  <member type="way" ref="618816103" role=""/>
  <member type="way" ref="969126949" role=""/>
  <member type="way" ref="668735732" role=""/>
  <member type="way" ref="1194828637" role=""/>
  <member type="way" ref="1284136804" role=""/>
  <member type="way" ref="526908202" role=""/>
  <member type="way" ref="30131340" role=""/>
  <member type="way" ref="685052881" role=""/>
  <member type="way" ref="668735736" role=""/>
  <member type="way" ref="215826755" role=""/>
  <member type="way" ref="689002029" role=""/>
  <member type="way" ref="93988368" role=""/>
  <member type="way" ref="215826754" role=""/>
  <member type="way" ref="26282147" role=""/>
  <member type="way" ref="219018354" role=""/>
  <member type="way" ref="219018353" role=""/>
  <member type="way" ref="980553980" role=""/>
  <member type="way" ref="980553979" role=""/>
  <member type="way" ref="980553984" role=""/>
  <member type="way" ref="980553985" role=""/>
  <member type="way" ref="980553991" role=""/>
  <member type="way" ref="980553990" role=""/>
  <member type="way" ref="965531344" role=""/>
  <member type="way" ref="998179103" role=""/>
  <member type="way" ref="30131496" role=""/>
  <member type="way" ref="467771952" role=""/>
  <member type="way" ref="30131559" role=""/>
  <member type="way" ref="467798501" role=""/>
  <member type="way" ref="1342963983" role=""/>
  <tag k="from" v="Նոր Նորքի 1-ին զանգված"/>
  <tag k="name" v="Ավտոբուս 97։ Նոր Նորքի 1-ին զ/ծ =&gt; Նուբարաշեն"/>
  <tag k="name:en" v="Bus 97: Nor Nork Block 1 =&gt; Nubarashen"/>
  <tag k="name:hy" v="Ավտոբուս 97։ Նոր Նորքի 1-ին զ/ծ =&gt; Նուբարաշեն"/>
  <tag k="name:ru" v="Автобус 97: 1-й массив Нор Норка =&gt; Нубарашен"/>
  <tag k="network" v="Երևանի տրանսպորտ"/>
  <tag k="operator" v="Երևանի ավտոբուս"/>
  <tag k="public_transport:version" v="2"/>
  <tag k="ref" v="97"/>
  <tag k="route" v="bus"/>
  <tag k="to" v="Նուբարաշենի 11-րդ փողոց"/>
  <tag k="type" v="route"/>
 </relation>
 <relation id="18429666" visible="true" version="6" changeset="174475772" timestamp="2025-11-10T17:53:06Z" user="SMkrtich" uid="10984999">
  <member type="node" ref="12425517409" role="stop"/>
  <member type="node" ref="12425517410" role="platform"/>
  <member type="node" ref="12425418778" role="stop"/>
  <member type="node" ref="12425418777" role="platform"/>
  <member type="node" ref="12425418780" role="stop"/>
  <member type="node" ref="12425418781" role="platform"/>
  <member type="node" ref="12425418786" role="stop"/>
  <member type="node" ref="12425418787" role="platform"/>
  <member type="node" ref="12425418791" role="stop"/>
  <member type="node" ref="10976175095" role="platform"/>
  <member type="node" ref="10946387484" role="stop"/>
  <member type="node" ref="12425418793" role="platform"/>
  <member type="node" ref="12425418797" role="stop"/>
  <member type="node" ref="12425418796" role="platform"/>
  <member type="node" ref="12425418799" role="stop"/>
  <member type="node" ref="11173080474" role="platform"/>
  <member type="node" ref="12425517402" role="stop"/>
  <member type="node" ref="12425517401" role="platform"/>
  <member type="node" ref="12425517404" role="stop"/>
  <member type="node" ref="12425517405" role="platform"/>
  <member type="node" ref="12425517406" role="stop"/>
  <member type="node" ref="8356878345" role="platform"/>
  <member type="node" ref="12425517408" role="stop"/>
  <member type="node" ref="8356722591" role="platform"/>
  <member type="node" ref="6419322990" role="stop"/>
  <member type="node" ref="12425418776" role="platform"/>
  <member type="node" ref="6419322989" role="stop"/>
  <member type="node" ref="951531160" role="platform"/>
  <member type="node" ref="6419322986" role="stop"/>
  <member type="node" ref="6419322584" role="platform"/>
  <member type="node" ref="6419300066" role="stop"/>
  <member type="node" ref="6419300067" role="platform"/>
  <member type="node" ref="6419276922" role="stop"/>
  <member type="node" ref="6419276918" role="platform"/>
  <member type="node" ref="9902364178" role="stop"/>
  <member type="node" ref="6419162835" role="platform"/>
  <member type="node" ref="6419153258" role="stop"/>
  <member type="node" ref="6419153257" role="platform"/>
  <member type="node" ref="6419144552" role="stop"/>
  <member type="node" ref="6419144541" role="platform"/>
  <member type="node" ref="6419136889" role="stop"/>
  <member type="node" ref="6419128027" role="platform"/>
  <member type="node" ref="6419118755" role="stop"/>
  <member type="node" ref="6419118746" role="platform"/>
  <member type="node" ref="6419118752" role="stop"/>
  <member type="node" ref="3957360497" role="platform"/>
  <member type="node" ref="6419105585" role="stop"/>
  <member type="node" ref="6419105586" role="platform"/>
  <member type="node" ref="6419105582" role="stop"/>
  <member type="node" ref="6419105581" role="platform"/>
  <member type="node" ref="6419091985" role="stop"/>
  <member type="node" ref="6419091883" role="platform"/>
  <member type="node" ref="6419072800" role="stop"/>
  <member type="node" ref="6419072799" role="platform"/>
  <member type="node" ref="6419029639" role="stop"/>
  <member type="node" ref="6419029640" role="platform"/>
  <member type="node" ref="6419012640" role="stop"/>
  <member type="node" ref="6419012639" role="platform"/>
  <member type="node" ref="6419012635" role="stop"/>
  <member type="node" ref="6419012634" role="platform"/>
  <member type="node" ref="6418974835" role="stop"/>
  <member type="node" ref="6418974833" role="platform"/>
  <member type="node" ref="6418229109" role="stop"/>
  <member type="node" ref="6418229107" role="platform"/>
  <member type="node" ref="9904510473" role="stop"/>
  <member type="node" ref="4663120492" role="platform"/>
  <member type="node" ref="9904510466" role="stop"/>
  <member type="node" ref="6462450501" role="platform"/>
  <member type="node" ref="6432905730" role="stop"/>
  <member type="node" ref="6432905728" role="platform"/>
  <member type="node" ref="6432881627" role="stop"/>
  <member type="node" ref="6432881626" role="platform"/>
  <member type="node" ref="9904683438" role="stop"/>
  <member type="node" ref="1465088444" role="platform"/>
  <member type="node" ref="5166277917" role="stop"/>
  <member type="node" ref="4110482206" role="platform"/>
  <member type="node" ref="5165711722" role="stop"/>
  <member type="node" ref="1466951139" role="platform"/>
  <member type="node" ref="5165753840" role="stop"/>
  <member type="node" ref="1537975969" role="platform"/>
  <member type="node" ref="5165034066" role="stop"/>
  <member type="node" ref="4110482203" role="platform"/>
  <member type="node" ref="5172553848" role="stop"/>
  <member type="node" ref="2874554580" role="platform"/>
  <member type="node" ref="5172553847" role="stop"/>
  <member type="node" ref="2874557471" role="platform"/>
  <member type="node" ref="5172556100" role="stop"/>
  <member type="node" ref="613353102" role="platform"/>
  <member type="node" ref="5172557455" role="stop"/>
  <member type="node" ref="575079296" role="platform"/>
  <member type="node" ref="5172561404" role="stop"/>
  <member type="node" ref="575077288" role="platform"/>
  <member type="node" ref="5172572398" role="stop"/>
  <member type="node" ref="4130899440" role="platform"/>
  <member type="node" ref="5172581084" role="stop"/>
  <member type="node" ref="4489618090" role="platform"/>
  <member type="node" ref="5172582809" role="stop"/>
  <member type="node" ref="3939372613" role="platform"/>
  <member type="node" ref="11055124815" role="stop"/>
  <member type="node" ref="4304692490" role="platform"/>
  <member type="node" ref="5172632144" role="stop"/>
  <member type="node" ref="4396467589" role="platform"/>
  <member type="node" ref="5172644023" role="stop"/>
  <member type="node" ref="4887134425" role="platform"/>
  <member type="node" ref="5172647263" role="stop"/>
  <member type="node" ref="4322001291" role="platform"/>
  <member type="node" ref="5174465442" role="stop"/>
  <member type="node" ref="4405694590" role="platform"/>
  <member type="node" ref="5174465439" role="stop"/>
  <member type="node" ref="2332695927" role="platform"/>
  <member type="node" ref="5174465437" role="stop"/>
  <member type="node" ref="4607432290" role="platform"/>
  <member type="node" ref="5174465436" role="stop"/>
  <member type="node" ref="4512596367" role="platform"/>
  <member type="node" ref="12425418773" role="stop"/>
  <member type="node" ref="12425418772" role="platform"/>
  <member type="node" ref="7442165347" role="stop_exit_only"/>
  <member type="node" ref="7442165348" role="platform_exit_only"/>
  <member type="way" ref="1342963983" role=""/>
  <member type="way" ref="467798501" role=""/>
  <member type="way" ref="30131559" role=""/>
  <member type="way" ref="467771952" role=""/>
  <member type="way" ref="30131496" role=""/>
  <member type="way" ref="998179103" role=""/>
  <member type="way" ref="965531344" role=""/>
  <member type="way" ref="980553990" role=""/>
  <member type="way" ref="980553991" role=""/>
  <member type="way" ref="980553985" role=""/>
  <member type="way" ref="980553984" role=""/>
  <member type="way" ref="980553979" role=""/>
  <member type="way" ref="980553980" role=""/>
  <member type="way" ref="219018353" role=""/>
  <member type="way" ref="219018354" role=""/>
  <member type="way" ref="26282147" role=""/>
  <member type="way" ref="215826754" role=""/>
  <member type="way" ref="93988368" role=""/>
  <member type="way" ref="689002029" role=""/>
  <member type="way" ref="215826755" role=""/>
  <member type="way" ref="668735736" role=""/>
  <member type="way" ref="685052881" role=""/>
  <member type="way" ref="30131340" role=""/>
  <member type="way" ref="526908202" role=""/>
  <member type="way" ref="1284136804" role=""/>
  <member type="way" ref="1194828636" role=""/>
  <member type="way" ref="1194828633" role=""/>
  <member type="way" ref="1194464815" role=""/>
  <member type="way" ref="618733037" role=""/>
  <member type="way" ref="186013565" role=""/>
  <member type="way" ref="618816104" role=""/>
  <member type="way" ref="689002027" role=""/>
  <member type="way" ref="618813297" role=""/>
  <member type="way" ref="748851877" role=""/>
  <member type="way" ref="1068261513" role=""/>
  <member type="way" ref="746888418" role=""/>
  <member type="way" ref="517169846" role=""/>
  <member type="way" ref="1426378396" role=""/>
  <member type="way" ref="574562210" role=""/>
  <member type="way" ref="750004944" role=""/>
  <member type="way" ref="574560305" role=""/>
  <member type="way" ref="577391100" role=""/>
  <member type="way" ref="574560299" role=""/>
  <member type="way" ref="187645412" role=""/>
  <member type="way" ref="572868791" role=""/>
  <member type="way" ref="488914720" role=""/>
  <member type="way" ref="488914721" role=""/>
  <member type="way" ref="571273623" role=""/>
  <member type="way" ref="571273622" role=""/>
  <member type="way" ref="571273620" role=""/>
  <member type="way" ref="133131699" role=""/>
  <member type="way" ref="430014961" role=""/>
  <member type="way" ref="1079226076" role=""/>
  <member type="way" ref="688974813" role=""/>
  <member type="way" ref="571073621" role=""/>
  <member type="way" ref="1164643111" role=""/>
  <member type="way" ref="566063310" role=""/>
  <member type="way" ref="349244299" role=""/>
  <member type="way" ref="688974809" role=""/>
  <member type="way" ref="380633460" role=""/>
  <member type="way" ref="424578110" role=""/>
  <member type="way" ref="349244290" role=""/>
  <member type="way" ref="1319611426" role=""/>
  <member type="way" ref="351181074" role=""/>
  <member type="way" ref="1319611428" role=""/>
  <member type="way" ref="1254516049" role=""/>
  <member type="way" ref="349244294" role=""/>
  <member type="way" ref="1441698445" role=""/>
  <member type="way" ref="1441698444" role=""/>
  <member type="way" ref="186129404" role=""/>
  <member type="way" ref="1449440607" role=""/>
  <member type="way" ref="186129416" role=""/>
  <member type="way" ref="1449440606" role=""/>
  <member type="way" ref="1449440593" role=""/>
  <member type="way" ref="135473433" role=""/>
  <member type="way" ref="1449440594" role=""/>
  <member type="way" ref="135473432" role=""/>
  <member type="way" ref="307787275" role=""/>
  <member type="way" ref="135473434" role=""/>
  <member type="way" ref="288103367" role=""/>
  <member type="way" ref="133000078" role=""/>
  <member type="way" ref="379553198" role=""/>
  <member type="way" ref="425752274" role=""/>
  <member type="way" ref="425752276" role=""/>
  <member type="way" ref="1249078823" role=""/>
  <member type="way" ref="1342054204" role=""/>
  <member type="way" ref="291974728" role=""/>
  <member type="way" ref="1252820502" role=""/>
  <member type="way" ref="379539760" role=""/>
  <member type="way" ref="513905609" role=""/>
  <member type="way" ref="380447582" role=""/>
  <member type="way" ref="380217251" role=""/>
  <member type="way" ref="380870527" role=""/>
  <member type="way" ref="380870526" role=""/>
  <member type="way" ref="380870528" role=""/>
  <member type="way" ref="480268880" role=""/>
  <member type="way" ref="245214033" role=""/>
  <member type="way" ref="1221628130" role=""/>
  <member type="way" ref="688951522" role=""/>
  <member type="way" ref="688951521" role=""/>
  <member type="way" ref="245214383" role=""/>
  <member type="way" ref="245213219" role=""/>
  <member type="way" ref="379149076" role=""/>
  <member type="way" ref="380344431" role=""/>
  <member type="way" ref="379112826" role=""/>
  <member type="way" ref="380344430" role=""/>
  <member type="way" ref="515004000" role=""/>
  <member type="way" ref="380344433" role=""/>
  <member type="way" ref="515003998" role=""/>
  <member type="way" ref="379124195" role=""/>
  <member type="way" ref="515004001" role=""/>
  <member type="way" ref="380344434" role=""/>
  <member type="way" ref="515003992" role=""/>
  <member type="way" ref="440212377" role=""/>
  <member type="way" ref="379128397" role=""/>
  <member type="way" ref="440210198" role=""/>
  <member type="way" ref="379128399" role=""/>
  <member type="way" ref="1190928782" role=""/>
  <member type="way" ref="423490662" role=""/>
  <member type="way" ref="423490648" role=""/>
  <member type="way" ref="655247490" role=""/>
  <member type="way" ref="1446370913" role=""/>
  <member type="way" ref="423490647" role=""/>
  <member type="way" ref="423490650" role=""/>
  <member type="way" ref="489603756" role=""/>
  <member type="way" ref="288103374" role=""/>
  <member type="way" ref="1119239341" role=""/>
  <member type="way" ref="403396324" role=""/>
  <member type="way" ref="831101929" role=""/>
  <member type="way" ref="1342963966" role=""/>
  <member type="way" ref="446363882" role=""/>
  <member type="way" ref="839433343" role=""/>
  <member type="way" ref="655234742" role=""/>
  <member type="way" ref="839433344" role=""/>
  <member type="way" ref="137931563" role=""/>
  <member type="way" ref="137931564" role=""/>
  <member type="way" ref="50033547" role=""/>
  <member type="way" ref="137931562" role=""/>
  <member type="way" ref="707874423" role=""/>
  <member type="way" ref="686406313" role=""/>
  <member type="way" ref="138002000" role=""/>
  <member type="way" ref="689053771" role=""/>
  <member type="way" ref="1360366791" role=""/>
  <member type="way" ref="132952148" role=""/>
  <member type="way" ref="423490654" role=""/>
  <member type="way" ref="1219349970" role=""/>
  <member type="way" ref="749059025" role=""/>
  <member type="way" ref="795660309" role=""/>
  <member type="way" ref="795660306" role=""/>
  <member type="way" ref="30129931" role=""/>
  <member type="way" ref="219148822" role=""/>
  <member type="way" ref="668983914" role=""/>
  <member type="way" ref="668983905" role=""/>
  <member type="way" ref="1342963980" role=""/>
  <tag k="from" v="Նուբարաշենի 11-րդ փողոց"/>
  <tag k="name" v="Ավտոբուս 97։ Նուբարաշեն =&gt; Նոր Նորքի 1-ին զ/ծ"/>
  <tag k="name:en" v="Bus 97: Nubarashen =&gt; Nor Nork Block 1"/>
  <tag k="name:hy" v="Ավտոբուս 97։ Նուբարաշեն =&gt; Նոր Նորքի 1-ին զ/ծ"/>
  <tag k="name:ru" v="Автобус 97: Нубарашен =&gt; 1-й массив Нор Норка"/>
  <tag k="network" v="Երևանի տրանսպորտ"/>
  <tag k="operator" v="Երևանի ավտոբուս"/>
  <tag k="public_transport:version" v="2"/>
  <tag k="ref" v="97"/>
  <tag k="route" v="bus"/>
  <tag k="to" v="Նոր Նորքի 1-ին զանգված"/>
  <tag k="type" v="route"/>
 </relation>
 <relation id="18429706" visible="true" version="1" changeset="160304886" timestamp="2024-12-17T15:43:44Z" user="mos_next_door" uid="7544067">
  <member type="relation" ref="18429665" role=""/>
  <member type="relation" ref="18429666" role=""/>
  <tag k="name" v="Ավտոբուս 97։ Նոր Նորքի 1-ին զ/ծ &lt;=&gt; Նուբարաշեն"/>
  <tag k="name:en" v="Bus 97: Nor Nork Block 1 &lt;=&gt; Nubarashen"/>
  <tag k="name:hy" v="Ավտոբուս 97։ Նոր Նորքի 1-ին զ/ծ &lt;=&gt; Նուբարաշեն"/>
  <tag k="name:ru" v="Автобус 97: 1-й массив Нор Норка &lt;=&gt; Нубарашен"/>
  <tag k="network" v="Երևանի տրանսպորտ"/>
  <tag k="operator" v="Երևանի ավտոբուս"/>
  <tag k="public_transport:version" v="2"/>
  <tag k="ref" v="97"/>
  <tag k="route_master" v="bus"/>
  <tag k="type" v="route_master"/>
 </relation>
</osm>
